{"type":"FeatureCollection","crs":{"type":"name","properties":{"name":"EPSG:32618"}},"features":[{"type":"Feature","geometry":{"type":"LineString","coordinates":[[564965.7,4673938.4],[564973.7,4673935.3],[564980.3,4673930.6],[565018.2,4673888.8],[565033.4,4673875.7],[565043.2,4673869.2],[565051.5,4673873.1],[565064.5,4673878.3],[565077.1,4673881.7],[565092.1,4673884.3],[565095.8,4673884.0],[565106.6,4673883.3],[565121.1,4673876.8],[565131.8,4673869.7],[565137.0,4673865.4],[565127.3,4673848.8],[565118.4,4673828.1],[565115.9,4673806.4],[565120.9,4673781.6],[565128.0,4673755.4],[565128.1,4673742.8],[565125.2,4673733.1],[565119.8,4673726.2],[565115.5,4673723.3],[565109.4,4673722.0],[565102.2,4673722.4],[565093.9,4673724.0],[565087.2,4673727.0],[565083.1,4673728.9],[565079.3,4673729.5],[565077.2,4673729.5],[565074.5,4673729.6],[565070.1,4673728.9],[565050.1,4673722.9],[565042.6,4673719.9],[565037.9,4673717.1],[565034.7,4673714.0],[565031.5,4673709.2],[565011.0,4673675.1],[565010.7,4673673.3],[565011.0,4673670.7],[565011.7,4673668.7],[565013.3,4673666.3],[565025.7,4673649.6],[565027.9,4673645.7],[565028.4,4673642.5],[565028.1,4673639.4],[565026.6,4673633.9],[565023.7,4673628.0],[565009.5,4673603.5],[565008.5,4673600.3],[565008.5,4673597.9],[565009.3,4673595.5],[565011.0,4673592.8],[565012.7,4673591.0],[565018.0,4673586.5]]},"properties":{"kind":"road","name":"Camp Loyaltown","osmId":20082827}},{"type":"Feature","geometry":{"type":"LineString","coordinates":[[565043.2,4673869.2],[565038.1,4673864.7],[565032.5,4673857.6],[565023.9,4673845.0],[565014.3,4673832.1],[565008.2,4673825.8],[565001.6,4673820.2],[564988.1,4673810.9],[564979.4,4673804.4],[564974.6,4673797.9],[564970.1,4673788.6],[564966.6,4673778.7],[564964.7,4673774.6],[564962.6,4673772.2],[564959.4,4673770.6],[564955.8,4673770.1],[564952.2,4673770.6],[564949.0,4673771.8],[564945.9,4673774.2],[564942.2,4673777.1],[564937.8,4673781.3],[564933.8,4673784.3],[564929.9,4673786.3],[564926.4,4673787.2],[564923.0,4673787.1],[564920.1,4673786.4],[564916.5,4673784.8],[564914.0,4673782.4],[564912.2,4673779.5],[564911.0,4673776.9],[564910.5,4673773.6],[564910.6,4673770.5],[564911.0,4673766.3],[564911.9,4673762.1],[564912.8,4673757.3],[564913.1,4673752.4],[564913.1,4673746.5],[564912.1,4673741.0],[564909.6,4673733.8],[564907.0,4673728.1],[564905.0,4673724.2]]},"properties":{"kind":"road","name":"Camp Loyaltown","osmId":20082828}},{"type":"Feature","geometry":{"type":"LineString","coordinates":[[567922.7,4671088.8],[567887.2,4671007.7],[567862.9,4670963.7],[567846.3,4670922.6],[567823.1,4670855.9],[567816.4,4670835.0],[567791.0,4670695.8]]},"properties":{"kind":"trail","name":null,"osmId":20082879}},{"type":"Feature","geometry":{"type":"LineString","coordinates":[[564118.6,4673656.9],[564131.2,4673659.1],[564144.2,4673660.8],[564173.2,4673664.4],[564203.5,4673666.6],[564221.2,4673668.7],[564235.4,4673667.8],[564271.3,4673659.0],[564287.7,4673655.0],[564311.7,4673646.7],[564337.0,4673635.8]]},"properties":{"kind":"road","name":null,"osmId":20082890}},{"type":"Feature","geometry":{"type":"LineString","coordinates":[[564498.2,4673747.8],[564502.5,4673753.1],[564504.8,4673755.9],[564536.9,4673787.3],[564552.6,4673797.0],[564587.8,4673833.4]]},"properties":{"kind":"road","name":null,"osmId":20082951}},{"type":"Feature","geometry":{"type":"LineString","coordinates":[[564463.7,4672996.4],[564478.4,4673006.5],[564484.6,4673009.4],[564516.5,4673020.4],[564532.5,4673024.7],[564538.7,4673024.8],[564544.6,4673024.1],[564550.4,4673022.0],[564591.0,4673001.2],[564596.9,4672997.2],[564600.8,4672992.8],[564617.0,4672965.4],[564621.4,4672961.5]]},"properties":{"kind":"trail","name":null,"osmId":20083064}},{"type":"Feature","geometry":{"type":"LineString","coordinates":[[570115.3,4668536.2],[570025.8,4668593.8],[569966.9,4668646.5],[569918.4,4668676.6],[569902.9,4668699.3],[569854.5,4668719.1],[569874.4,4668760.0],[569909.6,4668798.4],[569972.9,4668826.9],[570033.8,4668835.2],[570043.7,4668855.6]]},"properties":{"kind":"road","name":null,"osmId":20083147}},{"type":"Feature","geometry":{"type":"LineString","coordinates":[[564203.5,4673666.6],[564191.1,4673657.9],[564158.4,4673628.6],[564147.5,4673618.0],[564139.5,4673611.2],[564128.1,4673604.0],[564117.5,4673598.1],[564100.4,4673591.9],[564089.1,4673588.8]]},"properties":{"kind":"road","name":null,"osmId":20083149}},{"type":"Feature","geometry":{"type":"LineString","coordinates":[[570223.8,4671850.6],[570222.1,4671856.4],[570216.9,4671875.3],[570217.6,4671879.4],[570213.1,4671897.0],[570208.3,4671915.6],[570203.9,4671932.7],[570198.5,4671952.0],[570193.6,4671969.5],[570190.1,4671982.3]]},"properties":{"kind":"road","name":null,"osmId":20083188}},{"type":"Feature","geometry":{"type":"LineString","coordinates":[[569231.7,4671050.5],[569260.2,4671080.3]]},"properties":{"kind":"road","name":null,"osmId":20083444}},{"type":"Feature","geometry":{"type":"LineString","coordinates":[[570472.7,4670786.2],[570464.9,4670791.2],[570456.7,4670795.7],[570418.2,4670807.7],[570406.0,4670813.8],[570390.4,4670824.9],[570380.2,4670832.9],[570374.7,4670842.0],[570372.3,4670852.1],[570370.6,4670864.1]]},"properties":{"kind":"road","name":null,"osmId":20083447}},{"type":"Feature","geometry":{"type":"LineString","coordinates":[[570145.6,4668876.6],[570078.6,4668886.7],[570067.2,4668887.9],[570057.2,4668887.8],[570046.7,4668885.9],[570002.6,4668876.4],[569972.9,4668877.4],[569952.9,4668883.4],[569943.6,4668886.7],[569935.8,4668890.6],[569899.9,4668915.8]]},"properties":{"kind":"road","name":null,"osmId":20083859}},{"type":"Feature","geometry":{"type":"LineString","coordinates":[[566385.9,4672588.5],[566374.4,4672608.2],[566353.0,4672636.6],[566350.8,4672641.8],[566351.1,4672648.8],[566354.8,4672664.3],[566354.7,4672666.9],[566354.4,4672673.1],[566351.5,4672679.8],[566348.3,4672682.8],[566344.3,4672686.3],[566324.5,4672696.4],[566319.2,4672700.5],[566314.9,4672707.8],[566305.5,4672739.2],[566286.7,4672774.0],[566279.6,4672787.2],[566276.7,4672796.8],[566275.9,4672801.0],[566277.6,4672807.6],[566280.1,4672813.7],[566285.6,4672818.9],[566292.7,4672822.6],[566298.3,4672821.7],[566303.6,4672820.9],[566310.5,4672817.1],[566332.9,4672793.6],[566348.1,4672782.0],[566355.5,4672777.8],[566368.3,4672767.0],[566376.5,4672756.9],[566382.4,4672750.8],[566398.3,4672726.5],[566408.0,4672713.3],[566416.2,4672703.9],[566432.2,4672685.4],[566465.1,4672648.8]]},"properties":{"kind":"road","name":null,"osmId":20083981}},{"type":"Feature","geometry":{"type":"LineString","coordinates":[[567775.7,4671641.4],[567804.8,4671664.1],[567818.0,4671678.1],[567857.8,4671724.7],[567861.7,4671729.3],[567789.7,4671781.2]]},"properties":{"kind":"road","name":null,"osmId":20084068}},{"type":"Feature","geometry":{"type":"LineString","coordinates":[[564897.5,4672878.2],[564889.6,4672870.2],[564885.6,4672867.3],[564880.7,4672864.7],[564875.6,4672864.0],[564869.2,4672864.6],[564863.4,4672866.4],[564838.6,4672877.5],[564829.5,4672881.6],[564823.4,4672883.3],[564818.0,4672884.0],[564811.9,4672883.5],[564797.9,4672878.3],[564790.5,4672874.6],[564778.9,4672866.7],[564770.2,4672861.3],[564762.5,4672856.4],[564751.3,4672851.0],[564735.0,4672846.0],[564711.8,4672840.8],[564704.2,4672839.1],[564689.4,4672837.7],[564680.0,4672836.7],[564662.2,4672837.2],[564640.4,4672838.5],[564631.1,4672838.4],[564614.0,4672836.6],[564607.9,4672836.0]]},"properties":{"kind":"road","name":"Liftside Drive","osmId":20084128}},{"type":"Feature","geometry":{"type":"LineString","coordinates":[[564228.7,4673538.1],[564236.8,4673547.6],[564240.8,4673557.4],[564243.6,4673565.9],[564253.2,4673584.6],[564257.9,4673597.2],[564260.6,4673607.3],[564264.0,4673612.7],[564267.8,4673615.3],[564272.2,4673615.0],[564280.2,4673610.1],[564309.8,4673594.1]]},"properties":{"kind":"road","name":"Bridge Street Extension","osmId":20084205}},{"type":"Feature","geometry":{"type":"LineString","coordinates":[[571409.8,4672067.8],[571402.0,4672072.7],[571394.5,4672079.3],[571389.6,4672083.5],[571386.8,4672085.5],[571382.9,4672087.8],[571377.5,4672089.2],[571364.8,4672090.8],[571355.0,4672092.1],[571349.5,4672093.6],[571344.7,4672096.4],[571341.6,4672099.2],[571339.4,4672102.6],[571336.2,4672109.1],[571334.2,4672116.4],[571333.7,4672121.8],[571334.5,4672127.2],[571336.1,4672132.1],[571338.5,4672135.3],[571341.2,4672137.6],[571343.1,4672138.6],[571346.1,4672139.6],[571349.0,4672139.9],[571352.7,4672139.8],[571371.6,4672134.6],[571417.9,4672116.3],[571424.2,4672113.7]]},"properties":{"kind":"road","name":null,"osmId":20084295}},{"type":"Feature","geometry":{"type":"LineString","coordinates":[[570090.8,4672158.9],[570153.2,4672119.7],[570160.5,4672116.1],[570173.3,4672112.6],[570185.8,4672112.7],[570224.1,4672119.0]]},"properties":{"kind":"road","name":null,"osmId":20084346}},{"type":"Feature","geometry":{"type":"LineString","coordinates":[[561669.1,4664618.9],[561656.8,4664603.7]]},"properties":{"kind":"stream","name":null,"osmId":20084549}},{"type":"Feature","geometry":{"type":"LineString","coordinates":[[571522.6,4671773.1],[571539.1,4671776.5],[571561.5,4671781.0],[571581.1,4671785.0],[571601.7,4671789.2],[571618.1,4671792.6],[571622.9,4671794.2],[571637.8,4671799.1],[571658.1,4671807.0]]},"properties":{"kind":"road","name":null,"osmId":20084565}},{"type":"Feature","geometry":{"type":"LineString","coordinates":[[570282.7,4671948.7],[570261.8,4671948.0],[570256.3,4671967.6],[570251.3,4671985.4],[570250.3,4671988.7],[570248.3,4671991.8],[570245.6,4671994.0],[570242.1,4671995.5],[570238.4,4671995.5],[570190.1,4671982.3],[570132.6,4671966.4],[570127.8,4671958.7],[570145.7,4671894.4]]},"properties":{"kind":"road","name":null,"osmId":20084567}},{"type":"Feature","geometry":{"type":"LineString","coordinates":[[570033.8,4668835.2],[570057.8,4668710.9],[570083.8,4668647.7],[570097.1,4668581.7],[570115.3,4668536.2],[570138.5,4668456.5],[570130.7,4668427.6],[570097.4,4668402.5],[569986.0,4668370.2],[569972.5,4668352.9],[569965.1,4668348.1],[569957.1,4668345.3],[569948.4,4668344.4],[569931.1,4668344.5],[569923.1,4668345.4],[569882.9,4668357.6],[569830.4,4668369.8],[569808.6,4668371.7]]},"properties":{"kind":"road","name":null,"osmId":20084579}},{"type":"Feature","geometry":{"type":"LineString","coordinates":[[569052.9,4668596.0],[569065.6,4668580.1],[569089.5,4668546.2],[569133.1,4668493.6],[569162.2,4668468.1],[569235.3,4668443.7],[569274.2,4668433.1],[569334.5,4668454.0],[569353.2,4668455.9],[569390.8,4668435.8],[569421.3,4668424.3],[569446.7,4668413.0],[569461.3,4668388.7],[569472.0,4668371.3],[569488.1,4668361.9],[569505.8,4668350.1],[569520.8,4668333.4],[569538.7,4668333.5],[569556.9,4668329.8],[569585.5,4668331.0],[569615.0,4668332.6],[569631.3,4668336.1],[569650.3,4668342.5],[569668.8,4668356.0],[569697.6,4668357.9],[569718.0,4668369.0],[569728.1,4668368.6],[569759.8,4668367.2],[569808.6,4668371.7],[569860.6,4668459.4],[569875.5,4668480.2],[569881.2,4668485.0],[569890.0,4668491.6],[569895.6,4668499.7],[569933.4,4668572.6],[569932.7,4668643.5],[569918.4,4668676.6]]},"properties":{"kind":"road","name":null,"osmId":20084585}},{"type":"Feature","geometry":{"type":"LineString","coordinates":[[569986.0,4668370.2],[569978.8,4668394.2],[569960.7,4668414.2],[569895.6,4668499.7]]},"properties":{"kind":"road","name":null,"osmId":20084586}},{"type":"Feature","geometry":{"type":"LineString","coordinates":[[569629.3,4668641.5],[569626.6,4668641.8],[569615.5,4668635.7],[569582.5,4668612.4],[569567.5,4668598.6],[569565.8,4668599.4],[569520.7,4668620.3],[569488.6,4668634.0],[569413.1,4668657.1],[569397.7,4668660.1],[569381.6,4668660.9],[569363.5,4668659.5]]},"properties":{"kind":"trail","name":null,"osmId":20084608}},{"type":"Feature","geometry":{"type":"LineString","coordinates":[[563151.0,4664770.9],[563156.5,4664733.6],[563156.5,4664727.0]]},"properties":{"kind":"road","name":null,"osmId":20084613}},{"type":"Feature","geometry":{"type":"LineString","coordinates":[[569334.4,4668691.1],[569363.5,4668659.5],[569328.7,4668657.3],[569283.6,4668651.1],[569258.7,4668644.6],[569193.3,4668633.3],[569144.1,4668615.5],[569094.5,4668601.3],[569085.1,4668598.4],[569063.8,4668595.2],[569052.9,4668596.0],[569039.2,4668599.3],[569025.7,4668605.4],[568973.5,4668634.0],[568964.0,4668640.1],[568944.2,4668657.1],[568927.4,4668673.5],[568917.1,4668685.9],[568890.9,4668709.9],[568865.5,4668729.3],[568843.3,4668751.1],[568841.7,4668754.9],[568840.8,4668765.1],[568841.5,4668769.8],[568863.7,4668831.2],[568864.4,4668843.0],[568860.8,4668889.1],[568860.7,4668896.3],[568865.2,4668906.0],[568873.8,4668924.6],[568921.0,4669008.2],[568942.6,4669049.2],[568948.8,4669057.0],[568954.3,4669061.1],[568961.4,4669062.7],[568969.3,4669062.8],[568976.4,4669062.1],[568996.2,4669049.7],[569108.4,4668988.8],[569118.0,4668985.8],[569131.4,4668983.5],[569140.8,4668981.3],[569148.7,4668976.7],[569159.0,4668969.7],[569194.0,4668933.3],[569214.6,4668916.2],[569218.7,4668911.2],[569220.2,4668909.2],[569238.6,4668880.3],[569244.1,4668874.1],[569258.5,4668862.5],[569278.3,4668840.7],[569299.8,4668819.0],[569311.0,4668801.8],[569315.0,4668790.1],[569317.5,4668780.8],[569323.6,4668714.1],[569326.1,4668704.8],[569327.9,4668701.2],[569334.4,4668691.1]]},"properties":{"kind":"trail","name":null,"osmId":20084618}},{"type":"Feature","geometry":{"type":"LineString","coordinates":[[562328.8,4664553.7],[562333.2,4664526.7],[562337.6,4664518.5],[562340.8,4664503.3]]},"properties":{"kind":"road","name":"Wright Road","osmId":20084621}},{"type":"Feature","geometry":{"type":"LineString","coordinates":[[566026.0,4668631.7],[566030.9,4668633.1],[566037.7,4668638.5],[566047.1,4668646.4],[566058.6,4668660.6],[566069.1,4668675.0],[566076.3,4668691.0],[566087.4,4668743.6],[566092.1,4668766.0],[566106.9,4668801.0],[566117.2,4668825.4],[566113.2,4668841.8],[566105.8,4668874.0]]},"properties":{"kind":"trail","name":null,"osmId":20084643}},{"type":"Feature","geometry":{"type":"LineString","coordinates":[[569931.0,4672992.5],[569938.3,4673011.5],[569940.2,4673012.9],[569943.9,4673013.3],[569946.7,4673012.0],[569950.4,4673007.5],[569961.7,4672989.1],[569970.2,4672977.4],[569982.5,4672965.1],[569998.8,4672953.5],[570012.1,4672938.5],[570073.9,4672847.0],[570098.5,4672794.8],[570107.1,4672775.0],[570113.6,4672755.6],[570140.5,4672682.1],[570157.4,4672642.0],[570185.7,4672582.6],[570217.9,4672524.6],[570253.5,4672463.4],[570268.2,4672435.9],[570296.2,4672387.1],[570333.7,4672321.8],[570343.6,4672302.4],[570351.2,4672281.6],[570352.7,4672272.6],[570351.5,4672255.9],[570350.1,4672249.5],[570346.1,4672243.1],[570323.9,4672220.9],[570299.7,4672196.0],[570278.5,4672169.6],[570270.1,4672159.3],[570266.8,4672153.0],[570265.2,4672147.5],[570265.0,4672141.2],[570267.4,4672114.8],[570277.5,4672046.5],[570280.9,4672001.3],[570282.7,4671948.7]]},"properties":{"kind":"road","name":"Leach Road","osmId":20084784}},{"type":"Feature","geometry":{"type":"LineString","coordinates":[[570091.9,4667745.1],[570080.7,4667747.6],[570072.7,4667748.8],[570063.1,4667745.3],[570049.4,4667746.1],[570039.7,4667755.0],[570026.4,4667770.0],[570008.3,4667782.2],[569978.2,4667798.9],[569965.0,4667807.4],[569948.1,4667818.5]]},"properties":{"kind":"road","name":null,"osmId":20085021}},{"type":"Feature","geometry":{"type":"LineString","coordinates":[[569696.0,4668290.7],[569727.5,4668268.5],[569778.5,4668262.9],[569846.5,4668247.5],[569900.4,4668224.0],[569939.9,4668207.4]]},"properties":{"kind":"road","name":null,"osmId":20085026}},{"type":"Feature","geometry":{"type":"LineString","coordinates":[[569727.5,4668268.5],[569732.7,4668205.9],[569745.1,4668171.7],[569747.9,4668158.1],[569752.9,4668134.4],[569784.8,4668101.8],[569792.5,4668084.0]]},"properties":{"kind":"road","name":null,"osmId":20085039}},{"type":"Feature","geometry":{"type":"LineString","coordinates":[[570792.8,4673239.7],[570750.6,4673176.3],[570629.0,4673235.4]]},"properties":{"kind":"road","name":null,"osmId":20085243}},{"type":"Feature","geometry":{"type":"LineString","coordinates":[[570538.9,4672015.5],[570548.8,4672006.0],[570556.4,4671997.6],[570558.7,4671992.8],[570560.3,4671985.4],[570558.4,4671966.8],[570549.4,4671924.0],[570540.3,4671889.8],[570538.6,4671883.6]]},"properties":{"kind":"road","name":null,"osmId":20085251}},{"type":"Feature","geometry":{"type":"LineString","coordinates":[[568016.0,4671019.6],[568004.1,4671026.8],[567968.3,4671059.6],[567944.1,4671074.6],[567922.7,4671088.8],[567901.3,4671100.4],[567884.0,4671106.8],[567867.6,4671109.4],[567848.0,4671116.2],[567828.3,4671120.6],[567809.6,4671122.0],[567795.1,4671125.3],[567771.9,4671134.2],[567745.7,4671149.0],[567731.3,4671153.9],[567717.9,4671155.4],[567708.9,4671158.3],[567693.9,4671165.0],[567638.0,4671181.1],[567607.0,4671187.9],[567594.8,4671190.8],[567584.9,4671195.6],[567574.4,4671203.0],[567542.5,4671229.0],[567521.4,4671250.8],[567505.8,4671264.1],[567496.6,4671269.7],[567480.3,4671277.9],[567452.6,4671290.7],[567418.7,4671308.0],[567384.9,4671321.6],[567369.1,4671332.5],[567357.3,4671342.5]]},"properties":{"kind":"road","name":null,"osmId":20085303}},{"type":"Feature","geometry":{"type":"LineString","coordinates":[[571634.9,4668646.5],[571644.8,4668659.7],[571653.5,4668675.1],[571661.6,4668686.1],[571678.4,4668702.4],[571699.1,4668711.9]]},"properties":{"kind":"road","name":null,"osmId":20085445}},{"type":"Feature","geometry":{"type":"LineString","coordinates":[[571434.5,4671216.3],[571465.8,4671217.8],[571479.7,4671218.5],[571498.1,4671214.2],[571516.7,4671213.3],[571538.0,4671219.0],[571580.7,4671236.7],[571602.6,4671246.2],[571618.6,4671250.1],[571654.4,4671251.2],[571690.8,4671257.3],[571720.3,4671258.3],[571756.2,4671255.4],[571772.4,4671250.0],[571796.9,4671239.5]]},"properties":{"kind":"trail","name":null,"osmId":20085480}},{"type":"Feature","geometry":{"type":"LineString","coordinates":[[570313.0,4670634.6],[570297.3,4670649.4]]},"properties":{"kind":"road","name":null,"osmId":20085536}},{"type":"Feature","geometry":{"type":"LineString","coordinates":[[570254.5,4670171.5],[570236.3,4670158.2]]},"properties":{"kind":"road","name":null,"osmId":20085540}},{"type":"Feature","geometry":{"type":"LineString","coordinates":[[569799.7,4667683.9],[569791.3,4667688.1],[569796.9,4667672.2],[569819.3,4667628.7],[569870.7,4667604.4],[569899.6,4667631.0],[569899.2,4667674.7],[569843.6,4667681.4],[569799.7,4667683.9]]},"properties":{"kind":"trail","name":null,"osmId":20085728}},{"type":"Feature","geometry":{"type":"LineString","coordinates":[[570200.0,4670958.6],[570233.1,4670988.2]]},"properties":{"kind":"road","name":null,"osmId":20085955}},{"type":"Feature","geometry":{"type":"LineString","coordinates":[[570233.1,4670988.2],[570223.3,4670969.5],[570210.1,4670944.1],[570166.8,4670883.1],[570154.8,4670869.8],[570144.5,4670862.7],[570115.4,4670842.6],[570078.7,4670819.4],[570068.5,4670812.0],[570059.7,4670809.0],[570051.0,4670811.2],[570036.8,4670831.5],[570021.8,4670858.3],[570015.2,4670868.5],[570018.4,4670876.7],[570037.7,4670886.9],[570082.1,4670913.6],[570095.9,4670921.5],[570112.4,4670919.5],[570126.0,4670917.7],[570148.8,4670919.4],[570166.3,4670928.4],[570200.0,4670958.6]]},"properties":{"kind":"road","name":null,"osmId":20085958}},{"type":"Feature","geometry":{"type":"LineString","coordinates":[[567857.8,4671724.7],[567908.6,4671685.1]]},"properties":{"kind":"road","name":null,"osmId":20085989}},{"type":"Feature","geometry":{"type":"LineString","coordinates":[[567708.9,4671158.3],[567670.9,4671087.6],[567612.5,4670974.1],[567581.4,4670912.0],[567554.6,4670858.9],[567531.6,4670812.2],[567520.6,4670794.6],[567511.5,4670783.8]]},"properties":{"kind":"road","name":null,"osmId":20086215}},{"type":"Feature","geometry":{"type":"LineString","coordinates":[[569245.5,4671034.4],[569209.1,4670899.1],[569200.0,4670865.3]]},"properties":{"kind":"road","name":null,"osmId":20086241}},{"type":"Feature","geometry":{"type":"LineString","coordinates":[[566630.9,4672385.9],[566652.3,4672446.9]]},"properties":{"kind":"road","name":"Annfield Row","osmId":20086254}},{"type":"Feature","geometry":{"type":"LineString","coordinates":[[563214.6,4673856.4],[563170.3,4673890.6],[563135.3,4673908.5],[563105.0,4673916.7],[563081.7,4673919.9],[563049.1,4673920.7],[562994.4,4673918.3],[562958.6,4673910.3],[562933.7,4673886.0],[562893.9,4673825.7],[562887.4,4673790.9],[562874.8,4673709.4]]},"properties":{"kind":"road","name":"Camp Meadowbrook Road","osmId":20086263}},{"type":"Feature","geometry":{"type":"LineString","coordinates":[[560760.4,4665696.2],[560767.6,4665695.8],[560774.8,4665694.6],[560783.3,4665691.3],[560786.8,4665685.4],[560787.1,4665665.9],[560785.1,4665637.9],[560781.0,4665606.1],[560769.0,4665580.9],[560760.8,4665578.6],[560750.3,4665577.5],[560742.2,4665577.6]]},"properties":{"kind":"road","name":null,"osmId":20086354}},{"type":"Feature","geometry":{"type":"LineString","coordinates":[[564733.1,4673530.5],[564736.8,4673535.3],[564759.0,4673564.2],[564777.4,4673587.0],[564830.6,4673649.5]]},"properties":{"kind":"road","name":null,"osmId":20086365}},{"type":"Feature","geometry":{"type":"LineString","coordinates":[[561562.9,4664661.5],[561571.0,4664662.2],[561573.5,4664660.6],[561574.1,4664654.0],[561575.8,4664646.2],[561576.4,4664628.2],[561577.9,4664625.7],[561582.7,4664623.7],[561588.2,4664622.5],[561601.1,4664662.6],[561601.5,4664672.6]]},"properties":{"kind":"road","name":null,"osmId":20086378}},{"type":"Feature","geometry":{"type":"LineString","coordinates":[[561648.2,4664594.7],[561614.3,4664577.8]]},"properties":{"kind":"stream","name":null,"osmId":20086381}},{"type":"Feature","geometry":{"type":"LineString","coordinates":[[562985.0,4664704.4],[562975.6,4664717.0],[562970.3,4664726.5],[562969.2,4664732.8],[562969.4,4664740.6],[562972.6,4664745.8],[562978.9,4664751.9],[563030.9,4664789.7],[563076.1,4664816.0],[563083.5,4664821.5],[563095.8,4664833.1],[563113.0,4664849.3],[563117.9,4664855.2],[563121.3,4664861.2],[563123.1,4664869.7],[563123.5,4664876.4],[563121.6,4664883.7],[563117.8,4664888.8],[563111.3,4664895.6],[563108.0,4664901.8],[563105.6,4664909.8],[563104.8,4664917.9],[563105.1,4664929.2],[563102.5,4664940.7]]},"properties":{"kind":"road","name":null,"osmId":20086382}},{"type":"Feature","geometry":{"type":"LineString","coordinates":[[571517.6,4672543.8],[571588.8,4672532.4]]},"properties":{"kind":"road","name":null,"osmId":20086385}},{"type":"Feature","geometry":{"type":"LineString","coordinates":[[569571.9,4667968.4],[569569.7,4667990.3],[569573.4,4667998.4],[569578.1,4668003.8],[569583.4,4668007.6],[569639.5,4668033.2],[569663.5,4668042.0]]},"properties":{"kind":"road","name":null,"osmId":20086401}},{"type":"Feature","geometry":{"type":"LineString","coordinates":[[569485.2,4667905.8],[569571.9,4667968.4]]},"properties":{"kind":"road","name":null,"osmId":20086461}},{"type":"Feature","geometry":{"type":"LineString","coordinates":[[569742.9,4667827.7],[569791.3,4667688.1]]},"properties":{"kind":"trail","name":null,"osmId":20086462}},{"type":"Feature","geometry":{"type":"LineString","coordinates":[[571742.5,4672133.1],[571726.0,4672135.8]]},"properties":{"kind":"road","name":null,"osmId":20086473}},{"type":"Feature","geometry":{"type":"LineString","coordinates":[[565142.8,4663466.9],[565104.7,4663468.0],[565058.3,4663464.0],[565018.3,4663467.5],[564926.5,4663452.2],[564898.2,4663449.1],[564881.2,4663445.4],[564867.3,4663431.0],[564856.3,4663425.6],[564845.8,4663423.2],[564793.2,4663429.9],[564770.0,4663428.1],[564746.2,4663422.5],[564736.0,4663414.0],[564709.6,4663371.9],[564703.5,4663359.3],[564700.4,4663349.5]]},"properties":{"kind":"trail","name":null,"osmId":20086509}},{"type":"Feature","geometry":{"type":"LineString","coordinates":[[570629.6,4673421.0],[570616.3,4673425.0],[570603.4,4673425.2],[570586.0,4673428.8],[570572.5,4673437.4],[570557.9,4673448.8],[570542.6,4673451.4],[570526.2,4673451.2],[570487.6,4673459.5],[570465.5,4673455.5],[570445.4,4673451.4]]},"properties":{"kind":"road","name":null,"osmId":20086527}},{"type":"Feature","geometry":{"type":"LineString","coordinates":[[566298.3,4672821.7],[566315.0,4672821.7],[566325.7,4672829.8],[566339.2,4672839.1],[566349.8,4672835.2],[566354.2,4672823.2],[566358.7,4672812.7],[566361.7,4672798.0],[566362.5,4672784.3],[566382.4,4672750.8]]},"properties":{"kind":"road","name":null,"osmId":20086705}},{"type":"Feature","geometry":{"type":"LineString","coordinates":[[566416.2,4672703.9],[566413.1,4672695.3]]},"properties":{"kind":"road","name":null,"osmId":20086709}},{"type":"Feature","geometry":{"type":"LineString","coordinates":[[570952.0,4669261.1],[570812.9,4669144.8]]},"properties":{"kind":"road","name":null,"osmId":20086711}},{"type":"Feature","geometry":{"type":"LineString","coordinates":[[570182.9,4669187.0],[570191.7,4669187.3]]},"properties":{"kind":"road","name":null,"osmId":20086712}},{"type":"Feature","geometry":{"type":"LineString","coordinates":[[566861.1,4670781.5],[566874.9,4670775.4],[566895.9,4670765.0],[566916.4,4670757.4],[566928.6,4670754.6],[566961.8,4670751.7],[566980.4,4670747.8],[567004.1,4670734.8],[567017.3,4670723.5],[567037.9,4670704.1],[567045.4,4670700.2],[567052.0,4670698.4],[567057.0,4670697.9],[567070.5,4670677.3],[567114.2,4670631.2],[567128.2,4670610.8],[567141.5,4670571.1],[567146.8,4670554.9],[567155.0,4670536.4],[567164.9,4670524.3],[567177.1,4670516.8],[567188.6,4670511.0],[567200.5,4670508.0],[567214.4,4670506.3],[567229.0,4670507.3],[567236.9,4670508.6],[567249.7,4670518.6],[567260.0,4670532.7],[567270.1,4670553.0],[567278.0,4670574.4],[567287.9,4670596.2],[567293.2,4670612.7]]},"properties":{"kind":"road","name":"Plateau Mountain Road","osmId":20086725}},{"type":"Feature","geometry":{"type":"LineString","coordinates":[[569747.9,4668158.1],[569781.3,4668152.6],[569812.9,4668151.4]]},"properties":{"kind":"road","name":null,"osmId":20086742}},{"type":"Feature","geometry":{"type":"LineString","coordinates":[[570497.9,4667442.7],[570472.2,4667449.6],[570454.2,4667460.9],[570440.1,4667478.1],[570440.0,4667487.3]]},"properties":{"kind":"road","name":null,"osmId":20086745}},{"type":"Feature","geometry":{"type":"LineString","coordinates":[[569808.3,4669032.3],[569845.4,4669023.2]]},"properties":{"kind":"road","name":null,"osmId":20086747}},{"type":"Feature","geometry":{"type":"LineString","coordinates":[[571412.9,4671279.8],[571419.1,4671286.7],[571427.1,4671301.4],[571445.5,4671366.5],[571454.3,4671406.7],[571460.3,4671449.3],[571462.3,4671461.6]]},"properties":{"kind":"road","name":"Railroad Avenue","osmId":20086848}},{"type":"Feature","geometry":{"type":"LineString","coordinates":[[565273.0,4673390.7],[565279.4,4673405.5],[565298.0,4673438.1],[565301.1,4673444.4],[565322.5,4673488.0],[565348.8,4673524.4],[565372.4,4673556.9],[565395.4,4673594.2],[565399.2,4673598.4]]},"properties":{"kind":"road","name":"Dolans Lane","osmId":20086893}},{"type":"Feature","geometry":{"type":"LineString","coordinates":[[566230.4,4672596.7],[566159.6,4672464.9]]},"properties":{"kind":"road","name":"Jovial Court","osmId":20086923}},{"type":"Feature","geometry":{"type":"LineString","coordinates":[[565032.0,4672952.2],[565100.2,4672917.5],[565104.5,4672915.3],[565139.8,4672897.4],[565155.0,4672889.7],[565168.7,4672882.7]]},"properties":{"kind":"road","name":null,"osmId":20086961}},{"type":"Feature","geometry":{"type":"LineString","coordinates":[[564805.8,4673130.5],[564745.0,4673147.3],[564717.9,4673156.6],[564666.4,4673178.0],[564655.7,4673182.9],[564642.3,4673189.1],[564634.5,4673193.5],[564621.8,4673200.7],[564620.8,4673201.3],[564604.6,4673211.5],[564603.4,4673212.3],[564600.5,4673214.3],[564592.4,4673219.8],[564591.5,4673220.3],[564588.5,4673222.4],[564576.7,4673231.1],[564568.5,4673238.4],[564566.5,4673240.2],[564556.2,4673249.3],[564554.9,4673250.5],[564541.7,4673263.0],[564524.1,4673279.5],[564522.5,4673281.0],[564517.7,4673284.9],[564491.1,4673306.5]]},"properties":{"kind":"road","name":"Colonels Drive","osmId":20086963}},{"type":"Feature","geometry":{"type":"LineString","coordinates":[[564520.4,4673402.7],[564530.5,4673399.0],[564538.8,4673394.7],[564550.2,4673385.3],[564620.5,4673316.7],[564635.8,4673302.3],[564649.2,4673291.8],[564662.5,4673283.0],[564677.7,4673275.0],[564718.0,4673257.9]]},"properties":{"kind":"road","name":"Creek Lane","osmId":20086979}},{"type":"Feature","geometry":{"type":"LineString","coordinates":[[564805.8,4673130.5],[564834.6,4673118.3],[564855.0,4673109.6],[564887.5,4673095.7],[564908.2,4673087.5],[564971.0,4673066.0],[564978.3,4673061.9],[564984.9,4673057.1],[564992.0,4673050.4],[564998.2,4673043.2],[565006.4,4673035.3],[565012.2,4673030.1],[565020.5,4673023.4],[565026.3,4673019.8],[565038.5,4673013.3],[565054.5,4673004.6],[565064.9,4672999.0]]},"properties":{"kind":"road","name":"Berry Lane","osmId":20087047}},{"type":"Feature","geometry":{"type":"LineString","coordinates":[[571434.5,4671216.3],[571421.1,4671214.7],[571411.5,4671215.0],[571394.3,4671219.3],[571382.2,4671223.7],[571378.1,4671229.0],[571375.0,4671237.2],[571373.6,4671246.8],[571373.3,4671262.5]]},"properties":{"kind":"road","name":"CCC Park Road","osmId":20087123}},{"type":"Feature","geometry":{"type":"LineString","coordinates":[[571218.6,4673110.6],[571147.6,4673127.3],[571132.7,4673129.9],[571033.4,4673139.7],[570986.0,4673147.4],[570965.4,4673152.6],[570947.5,4673158.3],[570923.2,4673169.8],[570913.2,4673175.4],[570837.6,4673216.9],[570792.8,4673239.7],[570750.1,4673261.3],[570714.9,4673281.2],[570689.5,4673299.1],[570679.1,4673308.1],[570671.7,4673316.1],[570663.5,4673327.4],[570655.3,4673341.3],[570645.9,4673366.5],[570629.6,4673421.0],[570623.0,4673443.3],[570618.1,4673459.6],[570614.9,4673473.2],[570613.8,4673502.3],[570613.1,4673510.1],[570611.5,4673519.5],[570606.5,4673530.3],[570599.5,4673538.7],[570593.3,4673543.3],[570586.8,4673545.9],[570569.3,4673548.1],[570556.2,4673546.0],[570537.8,4673541.4],[570518.9,4673533.8],[570502.7,4673528.3],[570495.2,4673525.8],[570489.7,4673525.7],[570485.8,4673528.9],[570485.7,4673535.8],[570487.2,4673542.7],[570490.0,4673550.1],[570494.9,4673558.6],[570519.3,4673609.8],[570529.2,4673638.7],[570530.9,4673643.6],[570537.1,4673664.0],[570539.0,4673677.9],[570537.9,4673689.8],[570535.3,4673699.6],[570529.3,4673707.0],[570521.7,4673713.8],[570495.2,4673729.9],[570464.5,4673747.6],[570442.5,4673759.5],[570423.1,4673767.3],[570382.2,4673779.5],[570372.0,4673784.7],[570367.4,4673790.0],[570363.9,4673800.6],[570364.3,4673809.4],[570364.4,4673812.6],[570373.4,4673843.2],[570375.7,4673853.4],[570378.2,4673860.4],[570380.1,4673871.7]]},"properties":{"kind":"road","name":"Cranberry Road","osmId":20087173}},{"type":"Feature","geometry":{"type":"LineString","coordinates":[[568725.4,4672553.7],[568719.4,4672555.8],[568693.6,4672564.5],[568659.7,4672572.6],[568650.6,4672572.5],[568635.2,4672570.8],[568528.1,4672545.4],[568505.1,4672543.7],[568474.4,4672546.4],[568443.6,4672552.2],[568428.3,4672558.5],[568424.4,4672562.4],[568420.4,4672566.3],[568414.3,4672570.6],[568388.2,4672572.1],[568343.6,4672576.3],[568292.9,4672583.5],[568216.2,4672577.3],[568174.8,4672578.5],[568145.7,4672575.2],[568112.0,4672563.9],[568081.4,4672554.4],[568033.9,4672544.8],[567955.7,4672537.9],[567849.8,4672533.8],[567765.4,4672531.0],[567713.1,4672530.5],[567667.5,4672532.4],[567618.9,4672534.8],[567595.4,4672535.9],[567583.3,4672538.1],[567574.8,4672540.7],[567548.7,4672552.1],[567510.1,4672574.7],[567452.8,4672606.9],[567443.2,4672610.1],[567431.7,4672611.3],[567422.7,4672610.8],[567415.0,4672608.3],[567411.6,4672606.2],[567403.9,4672600.1],[567394.6,4672590.9],[567375.7,4672568.4],[567343.7,4672538.6],[567333.9,4672528.6],[567323.3,4672517.0],[567311.4,4672500.5],[567303.2,4672490.5],[567291.0,4672474.0],[567274.0,4672452.8],[567255.8,4672424.3],[567252.4,4672417.7],[567247.9,4672405.2],[567244.9,4672394.5],[567242.7,4672383.3],[567238.6,4672338.0],[567232.2,4672307.6],[567211.9,4672233.5],[567206.6,4672217.5],[567196.3,4672197.8]]},"properties":{"kind":"road","name":"Hylan Road","osmId":20087188}},{"type":"Feature","geometry":{"type":"LineString","coordinates":[[571400.2,4671499.1],[571389.9,4671491.2],[571370.1,4671487.4],[571346.2,4671485.3],[571317.4,4671486.3],[571277.9,4671489.0],[571268.2,4671489.3],[571258.8,4671488.2],[571251.7,4671487.4]]},"properties":{"kind":"road","name":"Lake View Avenue","osmId":20087279}},{"type":"Feature","geometry":{"type":"LineString","coordinates":[[565169.8,4672856.9],[565165.4,4672854.9],[565161.8,4672852.2],[565159.8,4672848.3],[565159.6,4672843.4],[565160.8,4672838.9],[565163.5,4672833.8],[565199.5,4672814.3],[565206.0,4672810.8],[565215.1,4672807.5],[565223.5,4672808.1],[565231.2,4672810.4],[565235.5,4672813.4],[565239.6,4672817.0]]},"properties":{"kind":"road","name":"King James Court","osmId":20087324}},{"type":"Feature","geometry":{"type":"LineString","coordinates":[[570470.8,4671892.9],[570472.3,4671899.0],[570473.5,4671904.1],[570475.2,4671915.1],[570475.6,4671925.3],[570474.0,4671947.9],[570472.6,4671959.7],[570482.6,4672003.1],[570483.1,4672023.0],[570485.6,4672042.7],[570485.8,4672056.4],[570480.9,4672084.6]]},"properties":{"kind":"road","name":"Jerro Road","osmId":20087419}},{"type":"Feature","geometry":{"type":"LineString","coordinates":[[566503.7,4672283.1],[566407.4,4672328.2],[566390.6,4672333.8],[566376.2,4672335.5],[566362.8,4672334.8],[566346.6,4672331.9],[566331.4,4672327.0],[566316.1,4672319.6],[566301.4,4672310.1],[566294.7,4672309.4],[566287.5,4672310.8],[566254.8,4672331.5]]},"properties":{"kind":"road","name":"Berts Run","osmId":20087475}},{"type":"Feature","geometry":{"type":"LineString","coordinates":[[560148.8,4663245.9],[560164.2,4663254.7],[560184.2,4663268.1],[560198.9,4663279.3],[560214.0,4663291.9],[560241.5,4663319.2],[560259.6,4663339.9],[560266.9,4663348.8],[560311.1,4663406.6],[560374.1,4663492.5],[560432.4,4663570.0],[560451.2,4663594.7],[560466.0,4663615.2],[560480.0,4663634.1],[560496.5,4663660.2],[560505.6,4663675.4],[560518.1,4663700.6],[560527.1,4663722.3],[560535.7,4663746.6],[560548.7,4663787.1],[560560.2,4663823.8],[560572.2,4663863.0],[560586.2,4663901.8],[560594.5,4663921.6],[560601.1,4663935.3],[560614.3,4663960.8],[560619.0,4663968.6],[560635.2,4663992.4],[560637.7,4663996.3],[560664.3,4664037.5],[560680.8,4664065.8],[560686.7,4664077.1],[560698.6,4664105.3],[560738.2,4664206.9],[560743.7,4664219.5],[560751.0,4664235.0],[560758.4,4664248.3],[560766.1,4664260.7],[560778.5,4664279.0],[560792.2,4664297.1],[560802.5,4664308.8],[560813.8,4664320.6],[560837.4,4664342.8],[560852.8,4664356.1],[560869.0,4664368.9],[560885.7,4664380.3],[560902.7,4664391.0],[560911.1,4664395.5],[560945.8,4664411.5],[561087.0,4664474.9],[561193.9,4664520.7],[561272.0,4664551.9],[561340.1,4664578.4]]},"properties":{"kind":"road","name":"State Route 214","osmId":20087509}},{"type":"Feature","geometry":{"type":"LineString","coordinates":[[564244.6,4673783.6],[564209.1,4673746.7],[564197.3,4673735.6],[564194.1,4673734.0],[564190.2,4673732.2],[564183.9,4673730.7],[564173.9,4673731.6],[564167.8,4673733.6],[564165.2,4673734.4],[564159.0,4673737.1],[564151.7,4673741.5],[564067.0,4673792.5],[563957.5,4673862.1],[563915.0,4673889.0],[563896.3,4673900.9],[563888.6,4673905.5],[563875.6,4673913.3],[563873.7,4673914.7],[563856.1,4673926.8],[563805.4,4673968.4],[563803.9,4673969.6],[563798.0,4673974.3],[563790.7,4673978.9]]},"properties":{"kind":"road","name":"Maple Avenue","osmId":20087524}},{"type":"Feature","geometry":{"type":"LineString","coordinates":[[564449.0,4673222.2],[564456.9,4673222.1],[564464.2,4673218.9],[564467.1,4673216.5],[564485.7,4673198.5],[564499.8,4673184.9],[564506.0,4673178.9],[564518.1,4673167.3],[564552.7,4673134.0],[564565.4,4673123.5],[564581.9,4673113.0],[564596.1,4673105.0],[564609.7,4673098.7],[564672.6,4673077.0],[564718.8,4673059.3],[564751.3,4673048.2],[564757.0,4673048.1],[564762.7,4673049.1],[564767.2,4673051.9],[564771.3,4673056.5],[564805.8,4673130.5],[564805.7,4673136.6],[564804.7,4673142.4],[564801.5,4673159.5],[564794.6,4673189.3],[564792.5,4673201.0],[564790.7,4673214.4],[564789.3,4673238.1],[564790.0,4673255.9]]},"properties":{"kind":"road","name":"Lake Road","osmId":20087729}},{"type":"Feature","geometry":{"type":"LineString","coordinates":[[569663.5,4668042.0],[569661.1,4668054.3],[569622.2,4668145.3],[569617.3,4668159.7],[569615.0,4668176.8],[569615.5,4668187.4],[569619.0,4668205.1],[569622.6,4668213.7],[569627.4,4668221.2],[569637.0,4668232.5],[569649.2,4668243.3],[569665.2,4668252.5],[569679.0,4668262.8],[569685.9,4668270.4],[569692.3,4668280.6],[569696.0,4668290.7],[569697.1,4668293.8],[569700.9,4668301.4],[569709.8,4668334.4],[569718.0,4668369.0],[569718.7,4668377.6],[569718.4,4668385.9],[569714.8,4668411.7],[569689.8,4668496.1],[569683.0,4668519.0],[569672.4,4668547.6],[569666.6,4668559.7],[569661.8,4668566.8],[569631.5,4668616.6],[569630.2,4668620.4],[569629.1,4668625.6],[569628.4,4668635.4],[569629.3,4668641.5],[569634.1,4668649.2],[569639.8,4668654.4],[569652.2,4668660.8],[569656.9,4668663.1],[569702.9,4668684.4],[569722.1,4668695.8],[569740.3,4668708.2],[569760.2,4668726.1],[569766.3,4668733.7],[569774.3,4668746.0],[569791.1,4668781.1],[569797.6,4668791.1],[569804.5,4668800.5],[569813.9,4668810.0],[569831.6,4668830.4],[569895.0,4668908.5],[569899.9,4668915.8],[569911.7,4668930.8],[569931.1,4668956.0],[569953.9,4668986.7],[569968.5,4669004.0],[570033.0,4669071.4],[570054.1,4669096.0],[570075.0,4669119.0],[570080.8,4669124.1],[570085.9,4669128.0],[570097.0,4669133.0],[570108.0,4669135.4],[570135.3,4669137.2],[570158.5,4669136.5],[570178.5,4669138.0],[570180.8,4669138.6],[570191.4,4669141.2]]},"properties":{"kind":"road","name":"Green Hill Road","osmId":20087746}},{"type":"Feature","geometry":{"type":"LineString","coordinates":[[565344.1,4673010.2],[565350.0,4673015.0],[565377.6,4673063.4],[565384.1,4673078.6],[565386.8,4673085.8],[565389.4,4673092.7]]},"properties":{"kind":"road","name":"County Road 83","osmId":20087748}},{"type":"Feature","geometry":{"type":"LineString","coordinates":[[570267.4,4672114.8],[570224.1,4672119.0],[570213.2,4672126.6],[570196.2,4672142.7],[570184.5,4672150.7],[570176.4,4672153.4],[570158.8,4672156.7],[570131.9,4672157.8],[570104.0,4672156.7],[570090.8,4672158.9],[570082.0,4672163.2],[570075.6,4672170.5],[570038.1,4672227.1],[570034.0,4672235.6],[570031.6,4672243.2],[570030.2,4672252.3],[570030.1,4672260.9],[570031.0,4672266.8],[570033.3,4672273.1],[570049.2,4672303.9],[570049.3,4672317.5],[570047.0,4672323.8],[570022.0,4672363.2],[570000.1,4672394.2],[569988.2,4672408.6],[569945.7,4672449.7],[569941.0,4672456.4],[569932.7,4672477.7]]},"properties":{"kind":"road","name":"Leach Road","osmId":20087948}},{"type":"Feature","geometry":{"type":"LineString","coordinates":[[570138.0,4670442.6],[570094.9,4670477.8],[570057.8,4670506.9],[570017.9,4670537.6],[570000.8,4670551.4],[569960.0,4670585.1],[569938.4,4670604.1],[569921.7,4670619.3],[569899.0,4670638.5],[569892.6,4670644.0],[569886.5,4670648.5],[569872.7,4670657.9],[569864.9,4670662.7],[569855.5,4670667.7],[569830.8,4670679.9],[569788.7,4670694.7],[569723.8,4670716.3],[569683.6,4670733.0],[569675.1,4670737.2],[569670.4,4670739.7],[569662.9,4670744.4],[569654.1,4670750.6]]},"properties":{"kind":"road","name":"Bloomer Road","osmId":20088070}},{"type":"Feature","geometry":{"type":"LineString","coordinates":[[565334.7,4672992.1],[565343.4,4673008.9],[565344.1,4673010.2]]},"properties":{"kind":"road","name":"County Road 83","osmId":20088090}},{"type":"Feature","geometry":{"type":"LineString","coordinates":[[564370.6,4673674.7],[564436.2,4673628.7],[564451.2,4673615.4],[564465.2,4673601.3],[564473.5,4673585.2],[564480.4,4673570.5],[564484.9,4673555.4],[564486.7,4673543.1],[564487.1,4673530.8]]},"properties":{"kind":"road","name":"Schoharie Avenue","osmId":20088170}},{"type":"Feature","geometry":{"type":"LineString","coordinates":[[563694.6,4673498.1],[563674.0,4673491.1],[563666.4,4673489.7],[563663.3,4673489.1],[563647.3,4673488.1],[563646.0,4673488.2],[563637.3,4673489.1],[563621.0,4673494.5],[563598.8,4673505.4],[563595.0,4673507.3],[563584.3,4673512.5],[563563.9,4673522.8],[563541.8,4673530.7],[563528.4,4673534.6],[563427.8,4673552.3],[563377.9,4673563.6],[563303.8,4673581.5],[563287.2,4673586.3],[563281.5,4673589.4],[563276.1,4673594.2]]},"properties":{"kind":"road","name":"Hunter Lane","osmId":20088308}},{"type":"Feature","geometry":{"type":"LineString","coordinates":[[571720.3,4671977.0],[571818.0,4671985.5],[571860.1,4671989.2],[571866.2,4671991.1],[571869.2,4671993.8],[571871.8,4671998.4],[571874.1,4672005.6],[571876.8,4672031.4],[571878.3,4672056.7]]},"properties":{"kind":"road","name":"Gray's Lane","osmId":20088319}},{"type":"Feature","geometry":{"type":"LineString","coordinates":[[565168.6,4673429.1],[565172.4,4673466.0],[565174.9,4673474.6],[565180.0,4673487.5],[565188.4,4673501.3],[565214.7,4673526.7],[565223.8,4673536.7],[565229.3,4673548.0],[565233.1,4673564.3],[565237.1,4673574.7],[565269.7,4673628.5]]},"properties":{"kind":"road","name":"Central Avenue","osmId":20088366}},{"type":"Feature","geometry":{"type":"LineString","coordinates":[[561663.7,4664579.4],[561665.4,4664585.2],[561670.7,4664603.1],[561664.2,4664609.7],[561657.4,4664614.3],[561646.7,4664617.9],[561637.6,4664619.3],[561614.6,4664621.6],[561588.2,4664622.5]]},"properties":{"kind":"road","name":"Neal Road","osmId":20088383}},{"type":"Feature","geometry":{"type":"LineString","coordinates":[[563947.7,4673342.6],[563953.1,4673329.7],[563954.9,4673326.6],[563957.8,4673321.8],[563963.0,4673316.7],[563971.4,4673310.5],[563978.9,4673306.4],[563985.0,4673303.0],[564005.1,4673294.2],[564026.3,4673286.7],[564038.9,4673283.1],[564083.5,4673270.3],[564100.3,4673265.5],[564112.9,4673263.1],[564117.8,4673262.1],[564140.8,4673259.0],[564152.6,4673257.4],[564176.1,4673254.2],[564190.0,4673250.8],[564191.8,4673250.2],[564204.0,4673246.2],[564224.3,4673236.6],[564235.3,4673230.1],[564243.6,4673225.0],[564254.5,4673216.7],[564261.0,4673211.3]]},"properties":{"kind":"road","name":"Clearview Road","osmId":20088409}},{"type":"Feature","geometry":{"type":"LineString","coordinates":[[564463.7,4672996.4],[564487.5,4672966.8],[564517.8,4672945.1],[564534.6,4672927.1],[564561.6,4672898.3],[564570.5,4672885.2],[564595.8,4672843.0],[564599.2,4672837.5],[564607.9,4672836.0]]},"properties":{"kind":"trail","name":"Clearview Road","osmId":20088410}},{"type":"Feature","geometry":{"type":"LineString","coordinates":[[570348.9,4669721.2],[570378.5,4669766.8],[570421.3,4669846.7],[570431.9,4669866.5],[570458.1,4669908.7],[570467.8,4669922.0],[570475.0,4669930.4],[570481.5,4669936.2],[570487.0,4669939.7],[570492.6,4669942.4],[570501.9,4669945.3],[570631.5,4669979.4],[570669.5,4669987.6],[570689.4,4669990.9],[570708.6,4669993.2],[570718.5,4669993.2],[570731.7,4669991.8],[570780.8,4669973.9],[570788.6,4669972.3],[570798.4,4669972.4],[570805.8,4669973.3],[570814.4,4669976.1],[570821.2,4669979.3],[570829.0,4669984.4],[570839.3,4669992.1],[570862.3,4670015.2],[570881.7,4670035.6],[570888.1,4670042.5],[570913.5,4670075.7],[570942.8,4670123.3],[570963.6,4670151.4],[570983.6,4670182.0],[571019.7,4670227.8],[571042.7,4670253.3],[571076.8,4670285.9],[571115.3,4670318.0],[571124.8,4670324.2],[571146.6,4670335.6],[571163.3,4670342.6],[571243.2,4670372.2],[571263.0,4670377.9],[571286.2,4670380.7],[571286.4,4670380.7],[571295.5,4670381.4],[571346.1,4670384.8],[571446.7,4670391.8],[571476.4,4670395.2],[571499.1,4670399.3],[571514.0,4670400.8],[571529.4,4670399.6],[571554.9,4670390.2],[571567.6,4670385.6],[571622.9,4670361.4],[571651.6,4670346.9],[571657.1,4670344.2],[571698.7,4670321.7],[571776.7,4670283.5],[571803.2,4670272.1],[571836.0,4670257.9],[571858.6,4670243.6],[571882.7,4670230.2],[571897.9,4670221.8],[571908.1,4670215.7],[571925.2,4670208.5],[571938.3,4670204.7],[571955.5,4670200.6],[571992.2,4670193.9],[572033.7,4670188.8],[572079.7,4670183.0],[572092.1,4670180.6],[572126.7,4670171.4],[572151.7,4670162.2]]},"properties":{"kind":"road","name":"Clum Hill Road","osmId":20088430}},{"type":"Feature","geometry":{"type":"LineString","coordinates":[[573256.5,4666883.1],[573246.4,4666897.9],[573235.7,4666915.5],[573203.0,4666966.0],[573176.1,4667004.4],[573165.5,4667019.1],[573145.7,4667046.4],[573130.9,4667065.7],[573111.2,4667088.4],[573091.4,4667111.8],[573017.6,4667191.5],[572990.1,4667223.7],[572978.8,4667235.0],[572956.0,4667260.2],[572927.2,4667293.9],[572906.7,4667322.0],[572878.4,4667365.5],[572869.5,4667380.1],[572867.2,4667385.0],[572847.2,4667425.4],[572823.8,4667463.8],[572815.4,4667483.4],[572810.5,4667497.4],[572806.0,4667513.0],[572799.3,4667532.7],[572795.5,4667541.9],[572791.1,4667548.0],[572782.0,4667556.8],[572769.8,4667567.4],[572749.9,4667582.6],[572705.8,4667613.2],[572651.3,4667648.7],[572627.7,4667663.1],[572609.7,4667675.8],[572584.8,4667695.6],[572567.4,4667710.7],[572552.5,4667725.6],[572540.5,4667739.4],[572531.2,4667751.5],[572521.4,4667764.1],[572505.5,4667780.4],[572496.8,4667789.2],[572479.4,4667801.1],[572445.0,4667819.4],[572429.0,4667830.0],[572422.8,4667832.9],[572401.7,4667850.8],[572380.2,4667872.9],[572368.8,4667887.9],[572357.6,4667905.9],[572333.4,4667953.5],[572292.5,4668042.3],[572286.2,4668052.2],[572245.6,4668116.9],[572216.4,4668161.2],[572208.0,4668171.0],[572199.1,4668178.0],[572090.3,4668239.5],[572045.1,4668270.1],[572032.2,4668281.6],[572019.5,4668295.2],[572013.6,4668304.3],[571996.8,4668327.5],[571949.9,4668383.5],[571920.4,4668410.2],[571893.2,4668433.0],[571834.5,4668477.3],[571740.9,4668552.1],[571724.2,4668566.8],[571634.9,4668646.5],[571613.5,4668664.7],[571580.3,4668693.8],[571539.3,4668729.7],[571495.0,4668771.1],[571485.0,4668783.2],[571476.8,4668796.8],[571471.5,4668808.5],[571455.5,4668856.7],[571433.2,4668919.9],[571421.6,4668946.5],[571403.8,4668976.4],[571371.2,4669024.1],[571325.7,4669100.7],[571294.6,4669162.5],[571290.1,4669169.8],[571282.7,4669178.4],[571272.5,4669185.6],[571264.7,4669189.5],[571257.8,4669191.6],[571249.3,4669193.4],[571227.1,4669195.0],[571163.9,4669194.4],[571130.9,4669197.0],[571101.1,4669203.1],[571075.2,4669211.5],[571015.4,4669231.0],[570988.0,4669241.0],[570971.9,4669248.4],[570952.0,4669261.1],[570944.1,4669269.5],[570933.5,4669284.8],[570927.2,4669298.4],[570909.3,4669353.9],[570900.9,4669371.3],[570870.1,4669418.3],[570822.3,4669479.8],[570798.0,4669505.6],[570791.9,4669511.1],[570781.6,4669517.0],[570767.8,4669521.9],[570748.0,4669526.5],[570688.9,4669533.4],[570611.8,4669548.2],[570594.6,4669553.1],[570578.2,4669558.5],[570564.5,4669563.9],[570551.0,4669571.2],[570428.1,4669645.9],[570420.8,4669651.3],[570414.0,4669656.8],[570403.0,4669667.0],[570388.1,4669682.2],[570348.9,4669721.2],[570339.5,4669730.4],[570330.0,4669739.5],[570325.6,4669744.2],[570321.9,4669748.6],[570318.6,4669752.7],[570315.2,4669757.7],[570313.7,4669760.0],[570311.7,4669763.5],[570310.2,4669766.7],[570309.0,4669769.5],[570307.8,4669772.4],[570306.8,4669775.8],[570305.9,4669780.8]]},"properties":{"kind":"road","name":"Platte Clove Road","osmId":20088437}},{"type":"Feature","geometry":{"type":"LineString","coordinates":[[565532.1,4673339.2],[565525.0,4673346.2],[565510.9,4673360.0],[565503.2,4673367.5],[565489.8,4673378.5],[565472.4,4673386.5],[565459.8,4673392.3],[565454.2,4673396.9],[565452.5,4673401.6],[565452.8,4673407.6],[565456.1,4673416.5],[565457.8,4673419.6],[565467.3,4673437.7],[565469.2,4673441.4],[565476.7,4673454.4],[565492.3,4673481.3],[565494.5,4673485.0],[565521.5,4673535.3],[565543.5,4673576.2],[565557.1,4673601.5],[565573.7,4673632.3],[565596.0,4673674.0],[565600.3,4673679.8],[565606.5,4673686.0],[565619.1,4673697.3]]},"properties":{"kind":"road","name":"Gaby Road","osmId":20088513}},{"type":"Feature","geometry":{"type":"LineString","coordinates":[[570659.5,4670929.5],[570662.3,4670932.1],[570676.8,4670947.1],[570726.3,4670998.5],[570737.3,4671008.9],[570747.6,4671017.2],[570757.0,4671023.2],[570774.8,4671031.5],[570848.8,4671059.6],[570888.8,4671078.3],[570955.6,4671113.8],[570985.6,4671128.2],[571024.3,4671144.8],[571043.0,4671151.6],[571069.7,4671158.4],[571083.8,4671162.8],[571087.9,4671164.0],[571097.8,4671167.1],[571170.8,4671194.6],[571223.1,4671212.6],[571257.0,4671223.9],[571264.5,4671226.4],[571313.4,4671242.7],[571364.4,4671260.0],[571373.3,4671262.5],[571394.6,4671269.2],[571406.5,4671274.9],[571412.9,4671279.8]]},"properties":{"kind":"road","name":"Spruce Street","osmId":20088573}},{"type":"Feature","geometry":{"type":"LineString","coordinates":[[565032.0,4672952.2],[564958.5,4672990.0],[564951.1,4672991.5],[564945.0,4672991.0],[564940.9,4672989.8]]},"properties":{"kind":"road","name":null,"osmId":20088650}},{"type":"Feature","geometry":{"type":"LineString","coordinates":[[565334.7,4672992.1],[565323.4,4672995.6],[565304.6,4673010.7],[565287.1,4673024.9],[565259.0,4673043.8],[565221.6,4673064.1],[565195.8,4673076.5],[565171.5,4673087.0],[565162.4,4673090.1],[565152.8,4673092.6],[565142.6,4673093.0],[565135.2,4673092.1],[565128.5,4673089.4],[565122.6,4673085.3],[565116.5,4673078.6],[565102.0,4673055.9],[565094.0,4673043.1],[565080.0,4673021.1],[565064.9,4672999.0]]},"properties":{"kind":"road","name":"Ethel Court Road","osmId":20088651}},{"type":"Feature","geometry":{"type":"LineString","coordinates":[[571562.5,4671561.7],[571544.9,4671584.8],[571541.0,4671591.0],[571538.4,4671598.2],[571538.5,4671600.5],[571538.8,4671606.0],[571551.5,4671643.1],[571552.4,4671651.9],[571549.8,4671669.2],[571526.4,4671751.1],[571522.6,4671773.1]]},"properties":{"kind":"road","name":"Church Street","osmId":20088693}},{"type":"Feature","geometry":{"type":"LineString","coordinates":[[570305.9,4669780.8],[570305.2,4669786.9],[570305.0,4669791.3],[570305.0,4669795.7],[570305.4,4669800.8],[570306.5,4669808.9],[570308.4,4669819.6],[570309.8,4669829.1],[570310.9,4669837.7],[570311.7,4669846.2],[570312.1,4669858.7],[570311.8,4669871.3],[570310.8,4669886.4],[570309.3,4669901.5],[570303.2,4669943.4],[570297.1,4669982.2],[570291.4,4670021.0],[570283.7,4670078.8],[570281.6,4670089.6],[570279.1,4670099.4],[570275.0,4670113.1],[570269.2,4670130.9],[570254.5,4670171.5],[570235.1,4670224.7],[570226.8,4670246.2],[570215.4,4670273.7],[570207.1,4670292.7],[570200.4,4670305.7],[570170.7,4670359.3],[570163.0,4670374.0],[570155.7,4670388.8],[570146.8,4670408.4],[570143.5,4670415.7],[570141.0,4670422.4],[570139.4,4670427.5],[570138.6,4670431.3],[570138.0,4670434.8],[570137.9,4670437.9],[570138.0,4670442.6],[570138.5,4670447.1],[570139.1,4670450.0],[570139.9,4670453.2],[570141.0,4670456.8],[570142.4,4670460.2],[570144.3,4670464.7],[570147.0,4670469.7],[570151.2,4670475.8],[570155.0,4670480.7],[570158.7,4670484.9],[570163.4,4670489.5],[570216.1,4670537.8],[570230.7,4670551.9],[570291.0,4670612.6],[570299.0,4670620.6],[570313.0,4670634.6],[570389.6,4670711.1],[570413.4,4670736.2],[570430.7,4670752.9],[570444.2,4670764.2],[570472.7,4670786.2],[570573.6,4670855.4],[570581.0,4670860.4],[570606.4,4670880.8],[570641.3,4670912.5],[570659.5,4670929.5]]},"properties":{"kind":"road","name":"Platte Clove Road","osmId":20088917}},{"type":"Feature","geometry":{"type":"LineString","coordinates":[[569701.9,4671643.2],[569695.5,4671662.6],[569687.7,4671725.7],[569684.3,4671744.1],[569680.5,4671754.7],[569674.7,4671766.2],[569661.3,4671782.3],[569640.6,4671801.3],[569621.5,4671815.9],[569603.5,4671825.6],[569580.3,4671834.9],[569552.0,4671843.4],[569513.2,4671852.7],[569494.9,4671859.2],[569477.0,4671866.8],[569458.1,4671878.1],[569437.8,4671894.0],[569406.6,4671923.8],[569380.1,4671950.6],[569358.6,4671976.5],[569348.8,4671986.5],[569342.9,4671994.1],[569330.2,4672007.9],[569294.3,4672038.5],[569273.3,4672054.8],[569256.0,4672070.8]]},"properties":{"kind":"road","name":"Par 4 Drive","osmId":20088958}},{"type":"Feature","geometry":{"type":"LineString","coordinates":[[569678.2,4667795.3],[569677.7,4667803.7],[569675.1,4667812.1],[569670.1,4667821.0],[569657.5,4667834.1],[569652.5,4667841.7],[569646.8,4667853.7],[569641.5,4667861.3],[569624.6,4667876.9],[569615.1,4667884.8],[569603.7,4667892.4]]},"properties":{"kind":"road","name":"Hugo Road","osmId":20088985}},{"type":"Feature","geometry":{"type":"LineString","coordinates":[[570430.4,4674368.3],[570432.5,4674365.7],[570441.3,4674354.4],[570448.7,4674346.2],[570468.3,4674325.3],[570474.8,4674318.9],[570489.7,4674304.7],[570571.3,4674233.1],[570597.1,4674209.4],[570626.1,4674187.9],[570726.0,4674113.4],[570811.1,4674048.0],[570851.5,4674018.8],[570870.6,4674004.4],[570883.4,4673992.3],[570894.9,4673975.1],[570910.0,4673950.2],[570921.8,4673931.3],[570948.6,4673899.4],[570959.9,4673888.6],[570973.7,4673877.0],[570985.9,4673869.1],[571072.9,4673827.4],[571159.6,4673781.2],[571168.2,4673776.8],[571214.2,4673753.1],[571223.0,4673750.1],[571232.1,4673748.2]]},"properties":{"kind":"road","name":"Minwawa Road","osmId":20089205}},{"type":"Feature","geometry":{"type":"LineString","coordinates":[[562998.8,4665003.3],[563003.0,4664996.5],[563005.6,4664987.8],[563006.5,4664971.6],[563010.2,4664942.4],[563010.3,4664926.6],[563005.1,4664904.9],[562997.1,4664886.1],[562978.6,4664852.4],[562959.9,4664816.1],[562943.0,4664792.0],[562921.1,4664763.0],[562919.5,4664759.2],[562914.6,4664741.6],[562912.5,4664731.8],[562909.4,4664719.8],[562906.5,4664713.1],[562897.4,4664701.4],[562893.5,4664695.2],[562890.3,4664687.7],[562888.8,4664678.7],[562888.5,4664670.2],[562889.6,4664662.1],[562893.8,4664652.3]]},"properties":{"kind":"road","name":"Heavenly Valley Road","osmId":20089216}},{"type":"Feature","geometry":{"type":"LineString","coordinates":[[564602.4,4673650.8],[564607.4,4673655.5],[564614.5,4673662.3],[564645.5,4673691.6],[564702.0,4673748.7],[564804.1,4673851.8]]},"properties":{"kind":"road","name":"Margareten Park","osmId":20089435}},{"type":"Feature","geometry":{"type":"LineString","coordinates":[[571462.3,4671461.6],[571470.8,4671477.1],[571529.4,4671531.7],[571542.0,4671543.2],[571562.5,4671561.7],[571589.8,4671585.7],[571645.8,4671632.1],[571691.3,4671669.9],[571708.6,4671684.2],[571722.5,4671696.9],[571771.7,4671739.3],[571867.7,4671819.4],[571920.0,4671860.5],[571921.5,4671862.2],[571922.5,4671864.2],[571923.2,4671866.3],[571923.6,4671868.4],[571923.6,4671869.8],[571923.7,4671876.0]]},"properties":{"kind":"road","name":"South Main Street","osmId":20089861}},{"type":"Feature","geometry":{"type":"LineString","coordinates":[[570134.3,4668767.9],[570127.2,4668756.4],[570124.1,4668751.9],[570121.2,4668745.0],[570119.1,4668737.3],[570118.8,4668732.1],[570120.7,4668729.2],[570124.9,4668727.0],[570130.4,4668727.3],[570134.0,4668729.0],[570135.5,4668732.6],[570135.4,4668738.1],[570133.8,4668747.1],[570132.6,4668756.7],[570134.3,4668767.9],[570140.7,4668778.9],[570157.7,4668808.3],[570160.3,4668818.7],[570160.7,4668829.7],[570159.2,4668841.8],[570150.1,4668864.3],[570145.6,4668876.6],[570143.9,4668890.7],[570140.2,4668916.9],[570138.4,4668937.8],[570135.0,4668957.8],[570131.0,4668981.6],[570124.0,4669016.5],[570121.2,4669056.5],[570120.6,4669066.0],[570121.4,4669076.9],[570126.2,4669097.4],[570129.4,4669102.4],[570135.2,4669105.7],[570141.4,4669107.9],[570151.0,4669106.7],[570158.6,4669104.5],[570165.6,4669105.0],[570172.6,4669108.5],[570177.1,4669114.0],[570179.1,4669121.2],[570180.5,4669130.7],[570180.8,4669138.6]]},"properties":{"kind":"road","name":"Rota Road","osmId":20089923}},{"type":"Feature","geometry":{"type":"LineString","coordinates":[[565665.3,4672374.6],[565639.1,4672382.0],[565616.2,4672388.4],[565606.1,4672392.4],[565593.9,4672398.6],[565571.0,4672412.7],[565566.6,4672415.4],[565551.8,4672423.2],[565539.2,4672427.6],[565532.5,4672428.5],[565526.7,4672427.5],[565524.3,4672426.6],[565520.4,4672425.0],[565514.2,4672418.6],[565510.5,4672411.6],[565508.5,4672405.2],[565508.1,4672398.1],[565511.6,4672378.2],[565513.3,4672369.9],[565514.2,4672364.9],[565515.4,4672359.0],[565515.5,4672354.8],[565515.5,4672349.5],[565513.3,4672342.7],[565509.1,4672338.3],[565504.8,4672333.8],[565500.9,4672332.8],[565493.1,4672334.0]]},"properties":{"kind":"road","name":"Highlands Drive","osmId":20089943}},{"type":"Feature","geometry":{"type":"LineString","coordinates":[[569987.7,4671771.7],[569999.8,4671729.8],[570004.8,4671699.8],[570006.7,4671686.7],[570007.6,4671661.9],[570006.5,4671647.5],[569998.9,4671618.4],[570009.9,4671608.3],[570042.2,4671591.9],[570072.7,4671574.5],[570102.5,4671559.1],[570125.6,4671553.9],[570144.9,4671551.7],[570172.2,4671552.3]]},"properties":{"kind":"road","name":"Pleasant View Drive","osmId":20089950}},{"type":"Feature","geometry":{"type":"LineString","coordinates":[[562536.9,4672756.2],[562541.5,4672765.9],[562555.5,4672789.5],[562564.7,4672800.8],[562576.3,4672821.2],[562584.8,4672836.1],[562593.3,4672851.0],[562605.9,4672878.6],[562640.8,4672945.2],[562646.0,4672956.8],[562656.5,4672981.9],[562667.6,4673012.6],[562677.5,4673038.2],[562688.0,4673059.6],[562700.4,4673082.8],[562705.9,4673091.8],[562711.4,4673100.8],[562716.5,4673107.9],[562721.6,4673115.1],[562733.6,4673129.5],[562787.6,4673184.6],[562794.4,4673190.1],[562801.9,4673195.5],[562864.1,4673235.3],[562918.7,4673271.9],[562933.8,4673282.7],[562939.3,4673287.5],[562945.5,4673294.2],[562954.5,4673307.2],[562959.7,4673317.1],[562963.6,4673326.7],[562974.8,4673360.6],[562982.0,4673379.8],[562987.4,4673391.3],[562993.2,4673401.7],[562999.4,4673411.6],[563007.4,4673420.9],[563024.6,4673435.4],[563066.8,4673468.8],[563081.3,4673478.9],[563091.2,4673485.7],[563098.6,4673490.2],[563115.4,4673497.1],[563136.5,4673504.0],[563151.9,4673507.0],[563166.9,4673508.2],[563185.7,4673506.9],[563214.8,4673503.8],[563222.7,4673502.3]]},"properties":{"kind":"road","name":null,"osmId":20089969}},{"type":"Feature","geometry":{"type":"LineString","coordinates":[[570834.9,4671534.0],[571040.3,4671551.2],[571125.1,4671557.4],[571239.6,4671568.4],[571248.9,4671569.1],[571275.8,4671571.0],[571300.2,4671572.7],[571327.6,4671577.6],[571356.8,4671586.7],[571382.4,4671596.3]]},"properties":{"kind":"road","name":"Penrose Pk","osmId":20090018}},{"type":"Feature","geometry":{"type":"LineString","coordinates":[[571286.4,4670380.7],[571283.3,4670396.1],[571281.4,4670414.9],[571279.0,4670473.3],[571277.5,4670504.7],[571275.0,4670539.0],[571274.4,4670558.6],[571274.0,4670595.8],[571273.2,4670631.3],[571274.4,4670644.2],[571273.3,4670659.0]]},"properties":{"kind":"road","name":"Woodberry Road","osmId":20090082}},{"type":"Feature","geometry":{"type":"LineString","coordinates":[[566398.6,4672490.2],[566365.7,4672510.4],[566345.2,4672523.2],[566329.9,4672533.7],[566274.5,4672568.8],[566230.4,4672596.7],[566208.4,4672610.7],[566176.3,4672631.2],[566152.8,4672646.1],[566102.6,4672678.0],[566100.4,4672679.4],[566066.1,4672703.1],[565976.7,4672764.6],[565936.9,4672792.0],[565930.0,4672796.8],[565900.3,4672817.7],[565878.1,4672833.3],[565821.9,4672872.7],[565815.0,4672877.5],[565800.8,4672887.5],[565778.2,4672903.4],[565679.1,4672973.3],[565639.4,4673001.3],[565614.0,4673019.3],[565583.3,4673040.9],[565568.0,4673051.7],[565524.3,4673082.5],[565506.1,4673095.4],[565493.2,4673104.1],[565474.9,4673116.3],[565472.0,4673118.3],[565450.7,4673130.0],[565443.2,4673133.9],[565432.2,4673139.5],[565429.4,4673140.6],[565420.2,4673144.6],[565408.6,4673149.5],[565396.8,4673153.8],[565395.7,4673154.1],[565360.1,4673167.3],[565327.3,4673178.9],[565214.4,4673218.9],[565136.8,4673245.5],[565109.4,4673256.8],[565102.4,4673259.6],[565077.1,4673270.9],[565075.2,4673271.7],[565048.9,4673283.3],[565042.1,4673286.9],[565007.2,4673305.1],[564974.2,4673322.3],[564952.5,4673334.2],[564946.7,4673337.4],[564938.3,4673342.1],[564918.5,4673357.9],[564904.2,4673370.1],[564895.2,4673377.8],[564889.4,4673382.8],[564872.0,4673399.2],[564860.0,4673410.5],[564830.6,4673438.2],[564824.0,4673444.5],[564821.7,4673446.6],[564811.8,4673456.0],[564807.9,4673459.6],[564800.9,4673466.2],[564789.2,4673477.3],[564774.6,4673491.0],[564733.1,4673530.5],[564724.5,4673538.3],[564713.5,4673548.4],[564693.1,4673567.2],[564660.4,4673597.1],[564654.9,4673602.2],[564640.8,4673615.3],[564639.5,4673616.4],[564602.4,4673650.8],[564595.6,4673657.1],[564583.0,4673668.8],[564569.7,4673681.1],[564536.8,4673711.8],[564498.2,4673747.8],[564471.4,4673772.6],[564464.8,4673778.6],[564456.2,4673786.5]]},"properties":{"kind":"road","name":"Main Street","osmId":20090234}},{"type":"Feature","geometry":{"type":"LineString","coordinates":[[572477.2,4671873.5],[572474.5,4671873.3],[572399.6,4671869.0],[572390.8,4671868.4],[572344.8,4671867.4],[572335.7,4671867.4],[572280.4,4671867.2],[572235.6,4671869.1],[572197.1,4671870.8],[572170.7,4671871.9],[572125.0,4671873.8],[572072.6,4671877.2],[572067.4,4671877.2],[572043.0,4671877.2],[572023.2,4671877.2],[571978.9,4671876.9],[571976.9,4671876.9],[571939.8,4671876.3],[571923.7,4671876.0],[571855.1,4671875.1],[571804.8,4671874.0],[571779.1,4671873.5],[571738.6,4671872.7],[571720.6,4671872.4],[571677.9,4671871.4],[571651.6,4671870.9],[571647.3,4671870.8],[571624.5,4671870.3],[571619.2,4671870.2],[571608.0,4671869.9],[571551.5,4671868.7],[571518.1,4671868.0],[571506.8,4671867.7],[571472.5,4671867.4]]},"properties":{"kind":"road","name":"Main Street","osmId":20090262}},{"type":"Feature","geometry":{"type":"LineString","coordinates":[[571409.1,4672065.2],[571409.8,4672067.8],[571424.2,4672113.7],[571455.3,4672213.0],[571457.9,4672221.3],[571487.6,4672318.8],[571492.8,4672343.6],[571495.5,4672364.3],[571512.8,4672497.5],[571517.6,4672543.8],[571517.0,4672572.2],[571510.3,4672599.3],[571503.6,4672622.7],[571495.7,4672642.6],[571472.5,4672687.6],[571451.9,4672724.9],[571436.8,4672747.3],[571422.5,4672760.4],[571411.9,4672768.4],[571396.0,4672778.6],[571311.1,4672825.6],[571296.4,4672836.0],[571285.7,4672847.0],[571278.0,4672857.5],[571267.9,4672878.2],[571221.9,4673017.3],[571215.7,4673039.8],[571214.0,4673050.3],[571212.8,4673064.4],[571213.7,4673078.9],[571215.6,4673093.5],[571218.6,4673110.6],[571262.2,4673256.4],[571266.4,4673274.6],[571267.8,4673291.2],[571268.0,4673306.5],[571265.5,4673331.5],[571253.9,4673409.4],[571247.1,4673468.0],[571242.5,4673515.0],[571233.9,4673707.6],[571232.1,4673748.2],[571231.7,4673756.1],[571232.7,4673771.8],[571235.2,4673798.3],[571242.9,4673855.7],[571259.2,4673953.4],[571260.5,4673960.8],[571266.0,4673999.8],[571265.6,4674072.0],[571265.4,4674104.5],[571262.9,4674214.8],[571260.7,4674275.1],[571262.3,4674292.9],[571263.9,4674305.3],[571268.0,4674316.4],[571275.9,4674333.8],[571312.0,4674401.6],[571327.8,4674432.8],[571335.7,4674451.4],[571340.5,4674467.5],[571343.4,4674484.6],[571352.6,4674553.7],[571356.8,4674597.2],[571359.3,4674641.6],[571358.0,4674668.8],[571356.1,4674708.6],[571356.6,4674729.1],[571357.9,4674742.5],[571359.7,4674754.3],[571362.2,4674766.0],[571375.3,4674808.0],[571388.0,4674845.3],[571390.2,4674851.3],[571425.1,4674944.2],[571428.2,4674954.5],[571440.3,4674995.0],[571446.6,4675024.7]]},"properties":{"kind":"road","name":"County Road 23C","osmId":20090389}},{"type":"Feature","geometry":{"type":"LineString","coordinates":[[571223.1,4671212.6],[571227.0,4671199.7],[571236.1,4671183.4],[571239.0,4671176.9],[571239.5,4671171.8],[571238.6,4671167.1],[571234.9,4671160.5],[571229.8,4671158.6],[571206.3,4671153.2],[571184.8,4671148.3],[571177.8,4671148.3],[571175.4,4671149.6],[571173.1,4671151.0],[571168.3,4671157.9],[571165.4,4671167.8],[571165.3,4671173.8],[571170.8,4671194.6]]},"properties":{"kind":"road","name":"Old Quarry Road","osmId":20090466}},{"type":"Feature","geometry":{"type":"LineString","coordinates":[[571264.5,4671226.4],[571286.7,4671155.2],[571289.3,4671146.7],[571306.2,4671095.5]]},"properties":{"kind":"road","name":"Old Quarry Road","osmId":20090469}},{"type":"Feature","geometry":{"type":"LineString","coordinates":[[571454.3,4671406.7],[571467.5,4671404.9],[571503.6,4671401.8],[571549.9,4671400.4],[571565.2,4671400.4],[571576.1,4671402.6],[571584.8,4671407.4],[571587.6,4671412.8],[571587.6,4671423.4],[571583.8,4671440.1],[571578.1,4671456.9],[571570.9,4671475.0],[571542.0,4671543.2]]},"properties":{"kind":"road","name":"Lake Road","osmId":20090592}},{"type":"Feature","geometry":{"type":"LineString","coordinates":[[570845.1,4671436.6],[570843.2,4671442.3],[570834.9,4671534.0],[570826.2,4671585.8],[570820.4,4671612.1],[570814.6,4671629.5],[570811.0,4671643.9],[570802.6,4671716.6],[570796.2,4671776.2],[570793.2,4671817.3],[570792.9,4671822.7]]},"properties":{"kind":"road","name":"Renwick Street","osmId":20090725}},{"type":"Feature","geometry":{"type":"LineString","coordinates":[[563221.8,4664798.6],[563225.7,4664792.5],[563233.8,4664786.5],[563249.5,4664782.1],[563261.4,4664780.5],[563272.2,4664779.2],[563277.1,4664778.0]]},"properties":{"kind":"road","name":"Benjamin Road","osmId":20091044}},{"type":"Feature","geometry":{"type":"LineString","coordinates":[[567560.3,4671909.8],[567516.8,4671984.7],[567493.0,4672020.8],[567481.9,4672035.0],[567456.1,4672064.0],[567444.6,4672074.7]]},"properties":{"kind":"road","name":"Arnold Road","osmId":20091048}},{"type":"Feature","geometry":{"type":"LineString","coordinates":[[565532.1,4673339.2],[565543.0,4673359.8],[565555.0,4673382.5],[565560.5,4673392.9],[565565.2,4673401.8],[565568.7,4673408.8],[565572.5,4673416.5],[565576.2,4673423.9],[565585.0,4673441.5],[565595.0,4673461.7],[565601.6,4673474.8],[565618.4,4673508.6],[565623.1,4673518.1],[565632.2,4673536.4],[565647.6,4673565.9],[565656.8,4673583.7],[565659.3,4673590.9],[565661.1,4673598.8],[565660.2,4673604.7],[565659.6,4673608.6],[565657.2,4673618.4],[565655.8,4673622.0],[565653.8,4673627.3],[565647.5,4673639.3],[565643.8,4673646.4],[565632.8,4673667.5],[565631.4,4673670.2],[565622.1,4673689.4],[565619.1,4673697.3],[565617.6,4673702.8],[565616.6,4673708.5],[565616.2,4673714.5],[565617.1,4673720.6],[565621.4,4673733.3],[565625.9,4673741.2],[565629.3,4673746.3],[565635.6,4673752.4],[565641.3,4673755.7],[565647.3,4673757.8],[565702.3,4673770.1],[565705.7,4673771.3],[565709.6,4673772.6],[565710.7,4673773.3],[565715.3,4673776.3],[565719.9,4673780.4],[565722.2,4673782.5],[565729.8,4673794.8],[565741.9,4673814.8],[565747.8,4673825.9],[565761.3,4673851.3],[565762.8,4673854.1],[565766.7,4673866.7]]},"properties":{"kind":"road","name":"Botti Drive","osmId":20091124}},{"type":"Feature","geometry":{"type":"LineString","coordinates":[[565415.7,4673309.3],[565420.8,4673311.9],[565426.3,4673312.4],[565432.3,4673311.7],[565485.9,4673290.4],[565524.6,4673276.6],[565537.0,4673273.9],[565544.0,4673275.4],[565548.9,4673279.4],[565556.8,4673290.8],[565558.5,4673296.9],[565559.7,4673306.5],[565558.7,4673312.0],[565554.3,4673318.1],[565532.1,4673339.2]]},"properties":{"kind":"road","name":"Botti Drive","osmId":20091131}},{"type":"Feature","geometry":{"type":"LineString","coordinates":[[563582.3,4664924.3],[563584.4,4664939.4],[563596.6,4664968.3],[563610.5,4664995.8],[563629.1,4665046.6]]},"properties":{"kind":"road","name":null,"osmId":20091265}},{"type":"Feature","geometry":{"type":"LineString","coordinates":[[563755.4,4665067.9],[563747.6,4665075.7],[563743.2,4665084.8],[563741.5,4665094.1],[563741.7,4665104.8],[563742.6,4665128.9],[563746.5,4665154.2],[563744.6,4665164.8],[563736.3,4665182.2],[563736.0,4665202.7],[563740.5,4665232.5],[563746.1,4665259.9],[563747.5,4665293.6],[563752.2,4665338.1],[563760.0,4665370.0],[563758.5,4665417.2],[563756.3,4665434.7],[563764.3,4665480.9],[563761.3,4665533.2],[563769.7,4665572.0],[563765.4,4665606.3],[563765.2,4665643.8],[563774.9,4665679.5],[563782.2,4665727.5],[563792.4,4665754.4],[563788.6,4665791.7],[563776.7,4665827.2],[563778.9,4665857.4],[563773.6,4665907.1],[563776.2,4665933.1],[563779.3,4665947.3],[563779.3,4665970.2],[563782.5,4665988.4]]},"properties":{"kind":"trail","name":null,"osmId":20091270}},{"type":"Feature","geometry":{"type":"LineString","coordinates":[[565634.5,4672717.5],[565631.8,4672706.8],[565631.5,4672698.4],[565632.4,4672690.9],[565635.3,4672679.8],[565641.6,4672665.4],[565672.5,4672616.9],[565690.6,4672580.6],[565696.2,4672565.2],[565700.7,4672546.8],[565701.5,4672532.5],[565701.7,4672529.5],[565700.8,4672501.9],[565698.9,4672491.0],[565697.9,4672486.5],[565697.0,4672482.1],[565696.2,4672479.5],[565688.6,4672453.7],[565665.3,4672374.6],[565659.4,4672344.6],[565658.2,4672334.1],[565657.8,4672324.1],[565669.7,4672218.3],[565669.8,4672207.1],[565669.1,4672198.3],[565666.7,4672188.6],[565662.6,4672180.3],[565656.4,4672173.2],[565649.3,4672168.9],[565638.4,4672165.0],[565625.9,4672164.2],[565621.5,4672164.4],[565614.6,4672164.8],[565608.7,4672166.4],[565605.3,4672167.3],[565575.0,4672179.4],[565524.4,4672197.0],[565503.8,4672204.2],[565502.4,4672204.6],[565456.5,4672222.8],[565435.1,4672231.3],[565366.7,4672258.5]]},"properties":{"kind":"road","name":"Hunter Drive","osmId":20091286}},{"type":"Feature","geometry":{"type":"LineString","coordinates":[[564628.1,4668269.4],[564631.9,4668260.2],[564631.9,4668248.9],[564622.5,4668236.7],[564620.6,4668228.4],[564620.2,4668218.5],[564611.8,4668208.3],[564609.9,4668195.1],[564605.7,4668184.7],[564605.1,4668175.4],[564606.9,4668165.8],[564605.4,4668156.4],[564603.5,4668148.1],[564603.3,4668140.6],[564605.6,4668131.5],[564604.9,4668120.0],[564593.6,4668101.4],[564591.5,4668088.5],[564591.3,4668071.0],[564593.6,4668049.4],[564607.0,4668030.9],[564614.6,4668025.1],[564624.7,4668023.3],[564633.8,4668016.1],[564639.8,4668012.0],[564646.7,4668009.9],[564654.1,4668009.9],[564660.6,4668004.6],[564666.4,4667993.7],[564678.3,4667982.9],[564693.8,4667974.4],[564700.8,4667970.0],[564708.8,4667966.6],[564720.0,4667953.4],[564728.3,4667953.4],[564735.9,4667947.7],[564745.8,4667950.2],[564754.4,4667956.5],[564765.7,4667961.2],[564786.7,4667960.0],[564806.1,4667949.4],[564822.4,4667950.7],[564834.4,4667945.3],[564840.6,4667941.9],[564850.9,4667944.1],[564874.2,4667958.2],[564886.7,4667958.4],[564902.8,4667948.6],[564916.8,4667941.2],[564928.6,4667932.7],[564954.3,4667922.5],[564977.2,4667911.6],[564997.8,4667894.0],[565021.6,4667884.1],[565039.9,4667875.3],[565049.0,4667864.9],[565056.8,4667856.3],[565069.3,4667845.4],[565086.8,4667833.1],[565099.2,4667827.3],[565116.0,4667818.9],[565139.8,4667814.2],[565149.9,4667809.0],[565159.8,4667802.2],[565167.5,4667800.3],[565182.7,4667799.6],[565188.0,4667797.6],[565188.4,4667794.1],[565181.9,4667790.5],[565168.2,4667782.5],[565149.3,4667779.0],[565131.7,4667773.2],[565119.4,4667766.6],[565119.1,4667763.0],[565122.3,4667760.5],[565137.7,4667758.6],[565149.3,4667755.0],[565186.5,4667758.2],[565189.8,4667757.1],[565190.0,4667754.7],[565182.9,4667744.6],[565172.9,4667733.0],[565169.0,4667726.7],[565170.6,4667724.3],[565181.3,4667726.6],[565205.3,4667737.6],[565207.3,4667736.7],[565208.1,4667734.4],[565197.3,4667713.8],[565190.0,4667703.4],[565164.1,4667687.6],[565144.0,4667680.9],[565136.9,4667677.8],[565134.9,4667671.4],[565139.7,4667667.7],[565161.1,4667671.2],[565179.1,4667675.2],[565194.3,4667674.4],[565205.2,4667673.3],[565216.0,4667676.3],[565226.5,4667676.4],[565229.8,4667673.2],[565229.9,4667668.0],[565227.0,4667662.1],[565217.6,4667651.5],[565213.4,4667642.5],[565211.2,4667632.8],[565208.0,4667614.9],[565207.6,4667592.7],[565209.2,4667589.9],[565214.3,4667587.8],[565228.4,4667587.0],[565248.9,4667588.9],[565269.4,4667593.8],[565279.8,4667601.5],[565291.8,4667607.3],[565310.0,4667609.2],[565315.5,4667612.9],[565325.0,4667625.2],[565335.8,4667635.5],[565355.2,4667637.1],[565368.6,4667639.4],[565384.7,4667647.2],[565386.5,4667646.8],[565388.5,4667644.1],[565390.0,4667643.8],[565394.3,4667646.8],[565398.6,4667655.7],[565400.6,4667667.6],[565406.9,4667676.4],[565415.8,4667677.4],[565430.2,4667678.0],[565442.2,4667686.0],[565462.4,4667698.1],[565480.4,4667711.6],[565494.7,4667714.1],[565510.3,4667720.9],[565523.1,4667724.1],[565536.1,4667733.9],[565551.1,4667740.7],[565566.7,4667741.5],[565576.5,4667744.1],[565577.5,4667738.9],[565581.2,4667723.9],[565586.4,4667716.6],[565596.9,4667712.5],[565603.6,4667713.3],[565617.2,4667720.6],[565626.9,4667721.9],[565633.8,4667724.0],[565645.5,4667732.8],[565669.8,4667751.0],[565686.3,4667758.6],[565702.7,4667762.9],[565710.7,4667769.8],[565714.0,4667780.7],[565718.6,4667785.2],[565729.2,4667783.9],[565749.7,4667775.3]]},"properties":{"kind":"trail","name":"Devil's Path","osmId":20091749}},{"type":"Feature","geometry":{"type":"LineString","coordinates":[[572033.7,4670188.8],[572025.7,4670163.4],[572023.1,4670152.9],[572022.9,4670146.1],[572023.6,4670137.0],[572026.1,4670127.3],[572030.3,4670110.7],[572031.5,4670101.9],[572031.1,4670094.5],[572029.8,4670086.0],[572026.9,4670078.2],[572022.4,4670073.1],[572016.8,4670068.0],[572011.0,4670065.5],[572001.2,4670063.7],[571956.1,4670065.6],[571936.8,4670067.2],[571930.0,4670065.8],[571924.4,4670062.4],[571918.9,4670056.8],[571903.4,4670028.0],[571887.8,4669992.5],[571844.2,4669893.7],[571839.1,4669882.1],[571831.8,4669866.2],[571820.2,4669840.7],[571815.3,4669825.4],[571813.0,4669809.5],[571813.5,4669794.3],[571814.2,4669777.9],[571814.3,4669771.5],[571813.7,4669768.1],[571812.3,4669765.6],[571787.4,4669737.3],[571768.2,4669717.7],[571754.1,4669690.5],[571748.7,4669677.9],[571745.5,4669666.8],[571741.5,4669646.2]]},"properties":{"kind":"road","name":"Windy Ridge Road","osmId":20091804}},{"type":"Feature","geometry":{"type":"LineString","coordinates":[[570320.3,4671368.7],[570324.1,4671384.2],[570347.6,4671443.8],[570384.2,4671524.9],[570401.1,4671562.3],[570411.7,4671597.7],[570427.0,4671628.9],[570439.8,4671647.0],[570463.2,4671688.0],[570494.7,4671737.7],[570507.4,4671764.0],[570526.3,4671800.0],[570534.4,4671818.7],[570547.4,4671848.6],[570557.7,4671878.8]]},"properties":{"kind":"road","name":"Allen Lane","osmId":20091893}},{"type":"Feature","geometry":{"type":"LineString","coordinates":[[566697.8,4670819.4],[566717.5,4670815.0],[566777.0,4670808.3],[566811.4,4670802.6],[566831.0,4670796.7],[566846.6,4670789.2]]},"properties":{"kind":"road","name":"Plateau Mountain Road","osmId":20091996}},{"type":"Feature","geometry":{"type":"LineString","coordinates":[[567236.9,4670508.6],[567239.6,4670499.6],[567238.7,4670486.3],[567230.1,4670452.1],[567224.3,4670438.2],[567215.3,4670427.4],[567206.8,4670419.4],[567193.0,4670413.9],[567175.8,4670412.6],[567112.0,4670415.2],[567087.9,4670417.1],[567068.0,4670420.1],[567049.7,4670425.3],[567037.4,4670430.5],[566976.5,4670458.0],[566958.6,4670464.0],[566939.8,4670466.1],[566916.4,4670465.2],[566884.7,4670458.6]]},"properties":{"kind":"road","name":"Jacobs Lane","osmId":20091999}},{"type":"Feature","geometry":{"type":"LineString","coordinates":[[569646.9,4667772.0],[569661.9,4667779.9],[569672.1,4667787.9],[569678.2,4667795.3],[569684.1,4667797.1],[569699.0,4667803.7],[569742.9,4667827.7],[569773.8,4667846.5]]},"properties":{"kind":"road","name":"Freds Road","osmId":20092002}},{"type":"Feature","geometry":{"type":"LineString","coordinates":[[569808.7,4667811.2],[569805.1,4667816.5],[569794.1,4667827.0],[569783.4,4667836.3],[569773.8,4667846.5],[569761.8,4667861.4],[569734.5,4667908.3],[569681.5,4667993.9],[569675.6,4668007.4],[569663.5,4668042.0]]},"properties":{"kind":"road","name":"Main Road","osmId":20092238}},{"type":"Feature","geometry":{"type":"LineString","coordinates":[[560995.8,4664055.1],[560983.2,4664057.6],[560975.2,4664059.0],[560968.5,4664061.3],[560959.4,4664065.8],[560951.3,4664072.7],[560945.3,4664080.8],[560941.4,4664089.4],[560938.3,4664099.6],[560937.0,4664110.0],[560936.3,4664122.7],[560934.6,4664148.7],[560932.5,4664164.2],[560928.3,4664180.9],[560922.1,4664201.5],[560911.7,4664223.4],[560904.7,4664235.0]]},"properties":{"kind":"road","name":"Jansen Road","osmId":20092353}},{"type":"Feature","geometry":{"type":"LineString","coordinates":[[571720.6,4671872.4],[571720.4,4671879.6],[571720.4,4671880.4],[571719.3,4671929.1],[571719.6,4671944.8],[571720.3,4671977.0],[571720.0,4671982.7],[571722.8,4672019.2],[571727.3,4672057.0],[571735.2,4672106.4],[571742.5,4672133.1],[571746.9,4672146.3],[571793.6,4672268.5],[571814.5,4672323.2],[571831.9,4672365.6],[571835.7,4672374.9],[571875.8,4672479.8]]},"properties":{"kind":"road","name":"Park Lane","osmId":20092580}},{"type":"Feature","geometry":{"type":"LineString","coordinates":[[559981.8,4663165.9],[559986.4,4663159.7],[559995.1,4663150.3],[560017.0,4663130.4],[560036.5,4663112.7],[560046.6,4663105.2],[560053.0,4663101.4],[560059.9,4663099.4],[560069.3,4663099.3],[560077.4,4663101.4],[560085.9,4663105.4],[560143.6,4663142.3],[560155.0,4663149.7],[560166.1,4663153.9]]},"properties":{"kind":"road","name":"Stony Road","osmId":20092682}},{"type":"Feature","geometry":{"type":"LineString","coordinates":[[565282.4,4672907.3],[565309.6,4672948.0],[565334.7,4672992.1]]},"properties":{"kind":"road","name":"Height Mountain Road","osmId":20092762}},{"type":"Feature","geometry":{"type":"LineString","coordinates":[[571713.4,4666959.4],[571718.3,4666957.3],[571727.9,4666953.2],[571749.0,4666940.9],[571787.1,4666924.5],[571802.9,4666919.2],[571856.0,4666901.5],[571904.5,4666886.6],[571984.4,4666858.2],[572114.5,4666817.7],[572130.7,4666810.9],[572149.9,4666799.1],[572202.0,4666758.8],[572211.7,4666751.9],[572225.2,4666741.3],[572243.1,4666730.6],[572260.6,4666723.0],[572275.2,4666718.0],[572335.3,4666702.7],[572353.1,4666696.6],[572363.4,4666691.2],[572374.1,4666684.2],[572382.1,4666675.4],[572388.0,4666663.8],[572393.3,4666650.2],[572401.4,4666620.4],[572406.0,4666607.8],[572410.1,4666598.3],[572421.0,4666576.1],[572431.9,4666551.3],[572442.6,4666514.5],[572449.0,4666489.3],[572452.1,4666471.8],[572455.4,4666456.4],[572461.7,4666402.4],[572465.1,4666378.1],[572470.7,4666361.6],[572479.3,4666346.3],[572488.0,4666334.8],[572497.0,4666325.3],[572507.6,4666316.8],[572524.3,4666308.6],[572551.2,4666298.5]]},"properties":{"kind":"road","name":"Dale Lane","osmId":20092816}},{"type":"Feature","geometry":{"type":"LineString","coordinates":[[569273.3,4671002.1],[569281.8,4671016.7],[569290.3,4671033.8],[569305.9,4671065.3],[569311.3,4671076.2],[569316.7,4671087.0],[569317.3,4671088.3],[569319.8,4671093.3],[569331.6,4671116.1],[569350.0,4671151.6],[569352.6,4671156.6],[569357.3,4671165.8],[569382.3,4671214.1],[569385.8,4671220.9],[569390.9,4671226.6],[569396.0,4671230.3],[569401.1,4671231.8],[569407.6,4671231.4],[569469.1,4671204.4]]},"properties":{"kind":"road","name":"Baker Court Drive","osmId":20092901}},{"type":"Feature","geometry":{"type":"LineString","coordinates":[[566715.6,4670843.4],[566707.8,4670843.2],[566694.7,4670837.9],[566670.3,4670825.5],[566635.3,4670811.1],[566618.2,4670800.4],[566610.0,4670793.5],[566594.0,4670768.7],[566582.4,4670742.0],[566568.4,4670694.2],[566566.0,4670679.9],[566568.3,4670669.7],[566573.7,4670661.2],[566579.1,4670656.2]]},"properties":{"kind":"road","name":"Clover Road","osmId":20093148}},{"type":"Feature","geometry":{"type":"LineString","coordinates":[[571455.7,4671867.1],[571455.7,4671872.7],[571455.7,4671874.6],[571455.8,4671889.8],[571457.3,4671908.3],[571459.5,4671917.8],[571465.5,4671931.9],[571473.5,4671941.0],[571500.3,4671965.7],[571518.9,4671988.6],[571528.2,4672003.3],[571536.8,4672019.1],[571550.5,4672061.4],[571572.0,4672127.7],[571583.4,4672171.2],[571585.6,4672183.0],[571585.2,4672188.0],[571584.1,4672191.7],[571580.7,4672194.1],[571457.9,4672221.3]]},"properties":{"kind":"road","name":"Chestnut Drive","osmId":20093152}},{"type":"Feature","geometry":{"type":"LineString","coordinates":[[570730.2,4671832.6],[570731.3,4671838.2],[570741.3,4671890.0],[570729.4,4671942.7]]},"properties":{"kind":"road","name":"Haines Haven Lane","osmId":20093298}},{"type":"Feature","geometry":{"type":"LineString","coordinates":[[570072.0,4667563.2],[570105.2,4667629.1],[570108.5,4667638.5],[570109.7,4667646.4],[570109.6,4667655.9],[570098.9,4667710.0],[570091.9,4667745.1],[570092.2,4667754.8],[570093.6,4667762.5],[570095.1,4667767.6],[570100.0,4667780.8],[570114.9,4667809.9],[570119.8,4667819.5],[570218.5,4668015.7],[570223.9,4668033.6],[570228.4,4668057.5],[570234.4,4668094.2],[570238.6,4668143.1],[570244.8,4668168.7],[570254.4,4668192.7],[570265.3,4668213.8],[570277.9,4668236.5],[570290.6,4668252.9],[570299.2,4668266.9],[570306.1,4668280.3],[570311.8,4668293.3],[570319.3,4668304.3],[570326.1,4668317.2],[570340.8,4668353.0],[570355.2,4668391.7]]},"properties":{"kind":"road","name":"Park Road","osmId":20093325}},{"type":"Feature","geometry":{"type":"LineString","coordinates":[[570366.0,4668355.5],[570345.8,4668354.9],[570340.8,4668353.0]]},"properties":{"kind":"road","name":"Park Road","osmId":20093327}},{"type":"Feature","geometry":{"type":"LineString","coordinates":[[567469.9,4671422.5],[567464.9,4671426.8],[567433.4,4671446.6],[567412.1,4671461.0],[567393.9,4671469.1],[567376.0,4671474.0],[567363.5,4671474.3],[567354.8,4671471.7],[567321.8,4671448.7],[567290.4,4671430.5],[567269.0,4671414.0],[567254.9,4671396.6],[567237.7,4671378.9],[567234.3,4671375.4],[567206.3,4671349.6],[567188.9,4671331.0],[567143.3,4671265.5],[567134.6,4671248.4]]},"properties":{"kind":"road","name":"Stoney Clove Road","osmId":20093415}},{"type":"Feature","geometry":{"type":"LineString","coordinates":[[570676.8,4670947.1],[570686.1,4670936.1],[570699.4,4670918.5],[570710.7,4670905.9],[570726.6,4670895.6],[570741.1,4670888.6],[570755.7,4670886.2],[570778.0,4670884.3],[570802.3,4670881.8]]},"properties":{"kind":"road","name":"Prospect Street","osmId":20093623}},{"type":"Feature","geometry":{"type":"LineString","coordinates":[[561670.7,4664603.1],[561694.9,4664605.4],[561718.5,4664604.8],[561755.2,4664599.8],[561766.2,4664601.0],[561773.1,4664602.7],[561783.1,4664608.2],[561790.6,4664614.1],[561822.0,4664650.1],[561838.6,4664671.9],[561843.1,4664677.1],[561852.1,4664684.4],[561861.5,4664689.5]]},"properties":{"kind":"road","name":"Hilltop Road","osmId":20093654}},{"type":"Feature","geometry":{"type":"LineString","coordinates":[[565815.0,4672877.5],[565812.7,4672873.0],[565811.4,4672870.6],[565793.6,4672837.4],[565779.3,4672810.8],[565761.0,4672774.9],[565756.7,4672763.5],[565755.5,4672756.6],[565755.2,4672748.4],[565756.5,4672733.9],[565760.2,4672711.8],[565760.6,4672703.8],[565760.0,4672697.6],[565757.9,4672690.6],[565755.7,4672686.0],[565753.1,4672682.7],[565750.6,4672680.8]]},"properties":{"kind":"road","name":"Ferraro Road","osmId":20093714}},{"type":"Feature","geometry":{"type":"LineString","coordinates":[[567057.0,4670697.9],[567080.8,4670711.4],[567103.0,4670725.1],[567118.0,4670736.5],[567130.4,4670750.2],[567135.9,4670759.1],[567139.9,4670769.6],[567140.7,4670774.4],[567142.1,4670783.0],[567143.9,4670804.1],[567143.6,4670835.8],[567145.3,4670848.9],[567149.4,4670858.8],[567163.9,4670871.1],[567184.5,4670888.5],[567197.4,4670901.7],[567206.2,4670914.0],[567211.9,4670925.0],[567215.0,4670934.9],[567215.9,4670958.6],[567216.4,4670982.0],[567218.4,4670995.6],[567222.6,4671009.3],[567229.1,4671021.1],[567239.2,4671031.8],[567251.7,4671040.0],[567280.4,4671048.4]]},"properties":{"kind":"road","name":"Jaymos Lane","osmId":20093769}},{"type":"Feature","geometry":{"type":"LineString","coordinates":[[567276.1,4672131.3],[567278.4,4672143.2],[567277.1,4672148.4],[567275.1,4672152.4],[567264.7,4672158.0],[567230.6,4672173.1],[567216.6,4672181.0],[567209.8,4672185.9],[567203.2,4672191.6],[567196.3,4672197.8],[567181.9,4672210.9],[567166.0,4672226.3],[567150.1,4672244.8],[567143.6,4672250.0],[567135.8,4672255.4],[567121.5,4672262.9],[567105.1,4672268.9],[567059.6,4672271.0],[567038.9,4672274.1],[566981.2,4672287.8],[566965.2,4672290.6],[566957.5,4672289.0],[566950.1,4672285.8]]},"properties":{"kind":"road","name":"Lustig Road","osmId":20093837}},{"type":"Feature","geometry":{"type":"LineString","coordinates":[[559951.5,4663146.6],[559945.2,4663153.8],[559936.7,4663157.6],[559927.4,4663160.2],[559917.7,4663163.2],[559910.0,4663167.6],[559904.7,4663172.9],[559901.5,4663179.2],[559900.2,4663188.5],[559900.2,4663200.5],[559899.9,4663211.2],[559900.6,4663220.5],[559903.3,4663231.4],[559907.9,4663237.3],[559917.8,4663246.4]]},"properties":{"kind":"road","name":"Saw Mill Road","osmId":20094128}},{"type":"Feature","geometry":{"type":"LineString","coordinates":[[564059.8,4673357.2],[564069.7,4673359.2],[564104.0,4673367.2],[564124.8,4673370.7],[564138.8,4673371.8],[564149.9,4673371.4],[564163.5,4673368.6],[564177.0,4673364.4],[564213.3,4673350.8],[564258.0,4673330.0],[564298.3,4673307.3],[564355.3,4673264.5],[564356.6,4673263.5],[564364.1,4673257.4],[564396.1,4673231.2],[564401.9,4673226.5],[564419.9,4673213.7],[564425.6,4673212.3],[564430.4,4673212.4],[564440.5,4673217.2],[564449.0,4673222.2],[564461.9,4673248.4],[564464.6,4673253.9],[564474.8,4673274.4],[564479.4,4673283.5],[564491.1,4673306.5],[564501.7,4673328.3],[564520.7,4673367.4],[564521.7,4673371.0],[564522.3,4673374.9],[564522.8,4673381.8],[564522.5,4673388.7],[564520.4,4673402.7],[564512.0,4673422.0],[564479.8,4673488.6]]},"properties":{"kind":"road","name":"Mountain Drive","osmId":20094144}},{"type":"Feature","geometry":{"type":"LineString","coordinates":[[570291.0,4670612.6],[570305.0,4670598.7],[570330.6,4670579.4],[570349.2,4670562.6],[570352.1,4670559.1],[570354.9,4670554.2],[570356.1,4670549.9],[570357.7,4670539.9],[570357.8,4670532.3],[570357.1,4670522.5],[570343.5,4670422.3],[570335.8,4670355.6]]},"properties":{"kind":"road","name":"Philadelphia Hill Road","osmId":20094176}},{"type":"Feature","geometry":{"type":"LineString","coordinates":[[571332.7,4671867.0],[571332.0,4671869.4],[571331.6,4671872.2],[571331.6,4671873.0],[571331.6,4671875.0],[571332.0,4671880.8],[571332.9,4671887.0],[571338.7,4671901.1],[571350.5,4671921.5],[571364.3,4671947.0],[571392.8,4672018.7],[571397.4,4672031.9],[571409.1,4672065.2]]},"properties":{"kind":"road","name":"Hill Street","osmId":20094179}},{"type":"Feature","geometry":{"type":"LineString","coordinates":[[571495.5,4672364.3],[571436.1,4672376.2],[571428.3,4672378.4],[571417.9,4672386.4],[571415.1,4672393.2],[571414.0,4672399.9],[571414.6,4672407.1],[571434.2,4672504.8]]},"properties":{"kind":"road","name":"Showers Road","osmId":20094191}},{"type":"Feature","geometry":{"type":"LineString","coordinates":[[571512.8,4672497.5],[571490.4,4672503.2],[571460.6,4672506.1],[571434.2,4672504.8],[571415.5,4672502.9],[571399.3,4672502.3],[571384.9,4672504.0],[571351.4,4672514.0],[571313.0,4672517.3]]},"properties":{"kind":"road","name":"Showers Road","osmId":20094194}},{"type":"Feature","geometry":{"type":"LineString","coordinates":[[570172.2,4671552.3],[570172.6,4671573.4],[570171.3,4671582.1],[570167.4,4671639.1],[570165.0,4671667.9],[570150.8,4671818.6],[570150.1,4671830.3]]},"properties":{"kind":"road","name":"Raspberry Lane","osmId":20094246}},{"type":"Feature","geometry":{"type":"LineString","coordinates":[[566502.7,4672128.7],[566458.1,4672158.8],[566448.7,4672164.0],[566444.0,4672171.9],[566445.4,4672183.0],[566455.2,4672201.8],[566503.7,4672283.1],[566507.3,4672289.9],[566535.9,4672346.0],[566552.0,4672378.1],[566565.6,4672405.1]]},"properties":{"kind":"road","name":"Goodrich Lane","osmId":20094247}},{"type":"Feature","geometry":{"type":"LineString","coordinates":[[564259.3,4659894.2],[564256.5,4659900.7],[564249.0,4659907.1],[564236.6,4659914.3],[564160.0,4659955.5],[564120.3,4659981.4],[564114.2,4659988.5],[564096.5,4660016.4],[564088.8,4660037.6],[564086.4,4660051.2],[564087.5,4660066.6],[564092.3,4660085.3],[564093.1,4660100.2],[564091.6,4660114.1],[564086.5,4660134.8],[564081.2,4660153.6],[564081.5,4660165.3],[564082.5,4660173.8],[564093.3,4660222.7],[564093.6,4660227.3],[564094.5,4660307.4],[564097.4,4660328.9],[564104.8,4660352.4],[564115.4,4660383.0],[564118.1,4660396.0],[564119.7,4660417.9],[564119.9,4660467.2],[564113.3,4660555.3],[564103.8,4660633.8],[564099.4,4660659.6],[564098.3,4660686.0],[564098.9,4660710.1],[564102.3,4660733.1],[564110.4,4660780.6],[564120.9,4660826.5],[564123.1,4660841.1],[564125.9,4660859.3],[564133.0,4660925.1],[564131.9,4660937.8],[564125.0,4660959.2],[564112.4,4660991.2],[564100.5,4661015.4],[564093.4,4661027.2],[564082.6,4661042.4],[564055.7,4661086.1],[564047.3,4661099.2],[564023.4,4661137.0],[564014.6,4661156.9],[563992.2,4661229.0],[563986.7,4661238.8],[563982.9,4661243.0],[563972.0,4661249.9],[563959.0,4661254.7],[563914.3,4661261.1],[563912.8,4661261.3],[563904.0,4661265.0],[563893.7,4661273.6],[563880.6,4661289.5],[563874.5,4661301.9],[563869.5,4661320.3],[563862.1,4661352.1],[563860.3,4661377.4],[563860.6,4661395.7],[563879.1,4661510.9],[563883.8,4661532.1],[563898.6,4661575.4],[563907.6,4661598.1],[563940.4,4661666.7],[563945.7,4661676.3],[563952.2,4661685.8],[563966.4,4661697.8],[564004.5,4661728.0],[564033.2,4661753.0],[564047.8,4661769.7],[564058.7,4661789.2],[564065.9,4661808.9],[564069.3,4661826.4],[564067.7,4661840.1],[564064.5,4661856.1],[564056.1,4661888.7],[564045.9,4661946.4],[564045.4,4661961.4],[564048.3,4661974.8],[564053.6,4661986.1],[564079.7,4662023.8],[564096.9,4662054.2],[564111.0,4662079.2],[564147.8,4662147.1],[564155.5,4662161.1],[564184.2,4662216.4],[564218.8,4662278.8],[564235.8,4662316.5],[564250.7,4662345.9],[564271.0,4662384.3],[564285.0,4662406.9],[564304.3,4662429.1],[564322.1,4662442.7],[564328.2,4662447.2],[564359.4,4662470.3],[564420.5,4662519.6],[564435.8,4662534.1],[564459.0,4662561.4],[564474.2,4662585.6],[564491.6,4662610.3],[564509.5,4662630.6],[564529.8,4662657.1],[564556.9,4662702.7],[564589.7,4662776.7],[564643.7,4662876.9],[564646.1,4662881.2],[564662.6,4662909.9],[564696.1,4662962.9],[564730.7,4663013.9],[564749.9,4663040.9],[564837.8,4663142.4],[564887.9,4663194.5],[564905.1,4663213.6],[564926.3,4663246.6],[564933.0,4663255.9],[564937.5,4663260.8],[564940.5,4663264.0],[564990.3,4663308.1],[565052.2,4663367.3],[565092.6,4663400.0],[565107.0,4663409.7],[565142.9,4663430.1],[565148.9,4663436.0],[565147.2,4663442.4]]},"properties":{"kind":"road","name":"Silver Hollow Road","osmId":20094302}},{"type":"Feature","geometry":{"type":"LineString","coordinates":[[561260.0,4664327.5],[561234.1,4664304.1],[561223.0,4664293.9],[561193.8,4664270.4],[561185.0,4664264.5],[561174.3,4664260.9],[561162.9,4664260.4],[561104.4,4664263.3],[561088.4,4664263.5],[561075.0,4664262.3],[561063.7,4664259.9],[561052.9,4664256.4],[561030.7,4664247.3],[561005.2,4664234.7],[560977.3,4664221.0],[560969.3,4664217.4],[560947.4,4664208.3],[560936.5,4664204.4],[560922.1,4664201.5]]},"properties":{"kind":"road","name":"Meadow Brook Drive","osmId":20094339}},{"type":"Feature","geometry":{"type":"LineString","coordinates":[[571699.6,4666964.8],[571687.5,4666973.8],[571684.4,4666980.7],[571681.7,4666988.6],[571682.1,4667058.4],[571679.3,4667077.5],[571663.7,4667148.1],[571657.2,4667163.3],[571648.6,4667176.0],[571637.8,4667183.4],[571625.9,4667185.5],[571612.7,4667185.7],[571596.9,4667187.7],[571575.6,4667195.1],[571567.3,4667202.2],[571550.7,4667227.1],[571536.3,4667241.5],[571511.1,4667274.8],[571475.7,4667325.6],[571471.7,4667332.1],[571470.4,4667338.7],[571471.4,4667362.1],[571472.9,4667385.4],[571471.7,4667402.6],[571467.8,4667415.3],[571464.1,4667422.9],[571455.9,4667431.6],[571447.9,4667435.6],[571441.3,4667436.6],[571412.0,4667433.1],[571405.8,4667434.0],[571400.2,4667437.6],[571370.2,4667468.0],[571351.0,4667479.1],[571334.4,4667484.5],[571303.6,4667497.3],[571295.4,4667503.1],[571218.8,4667582.6],[571208.8,4667592.0],[571178.1,4667613.9],[571165.2,4667624.5],[571152.9,4667637.8],[571128.0,4667677.0],[571085.5,4667752.9],[571077.0,4667763.4],[571063.2,4667777.5],[571051.3,4667791.7],[571029.6,4667809.7],[571023.7,4667815.8],[571008.4,4667838.6],[571002.4,4667850.7],[570987.0,4667889.5],[570980.0,4667899.0],[570967.0,4667915.3],[570961.4,4667924.0],[570952.8,4667941.8],[570934.9,4667970.5],[570897.1,4668012.1],[570885.3,4668022.9],[570856.3,4668061.0],[570842.6,4668074.0],[570837.4,4668077.9],[570831.9,4668080.4],[570823.5,4668081.3]]},"properties":{"kind":"road","name":"Roaring Kill Road","osmId":20094477}},{"type":"Feature","geometry":{"type":"LineString","coordinates":[[571584.1,4672191.7],[571593.3,4672208.6],[571597.2,4672218.9],[571600.7,4672234.7],[571604.8,4672259.7],[571626.8,4672364.9],[571627.1,4672371.0],[571625.8,4672378.1],[571623.1,4672384.1],[571609.1,4672396.7]]},"properties":{"kind":"road","name":"Brookside Drive","osmId":20094517}},{"type":"Feature","geometry":{"type":"LineString","coordinates":[[564474.8,4673274.4],[564355.2,4673350.0],[564289.3,4673391.0],[564231.8,4673426.6],[564174.2,4673462.4],[564152.2,4673474.9],[564137.3,4673480.5],[564126.3,4673483.3],[564115.6,4673484.9],[564101.3,4673485.3],[564085.2,4673482.7],[564069.4,4673478.8],[564023.8,4673464.2],[563989.4,4673450.6],[563922.6,4673431.0],[563877.5,4673421.7],[563853.0,4673422.3],[563821.7,4673428.1],[563806.2,4673433.7],[563771.5,4673450.3],[563762.1,4673455.4],[563753.2,4673460.2],[563736.5,4673469.3],[563730.7,4673472.5],[563722.7,4673477.6],[563710.6,4673485.4],[563698.2,4673495.3],[563694.6,4673498.1],[563691.3,4673501.3],[563681.8,4673514.4],[563680.9,4673515.8],[563676.0,4673524.1],[563673.6,4673528.0],[563668.1,4673542.2],[563664.5,4673558.5],[563664.1,4673565.5],[563663.5,4673576.1],[563663.7,4673580.6],[563664.4,4673596.9],[563668.7,4673615.1],[563673.8,4673627.8],[563680.0,4673639.9],[563690.7,4673660.7],[563693.9,4673666.9],[563715.2,4673708.5],[563757.5,4673789.5],[563766.4,4673801.9],[563775.3,4673814.5],[563781.1,4673820.5],[563786.7,4673824.5],[563792.4,4673827.4],[563800.5,4673830.0],[563806.9,4673831.7],[563814.9,4673833.1],[563826.4,4673834.9]]},"properties":{"kind":"road","name":"Pine Lane","osmId":20094681}},{"type":"Feature","geometry":{"type":"LineString","coordinates":[[564389.7,4673710.4],[564325.9,4673739.7],[564307.1,4673749.9],[564244.6,4673783.6],[564201.4,4673811.3],[564162.0,4673833.9],[564121.6,4673860.6],[564090.9,4673878.8],[564043.9,4673900.2]]},"properties":{"kind":"road","name":"Division Street","osmId":20094729}},{"type":"Feature","geometry":{"type":"LineString","coordinates":[[560902.7,4664391.0],[560898.5,4664401.0],[560896.0,4664409.4],[560888.2,4664452.0],[560886.8,4664481.9],[560882.9,4664502.8],[560879.4,4664512.5],[560874.4,4664522.6],[560867.7,4664533.5],[560860.5,4664544.0],[560848.3,4664559.2],[560840.8,4664567.0],[560827.8,4664578.5],[560809.7,4664593.0],[560795.3,4664602.6],[560776.1,4664619.1],[560738.2,4664660.3],[560711.9,4664693.1],[560701.6,4664708.8],[560690.8,4664727.2],[560684.7,4664740.1],[560679.3,4664756.4],[560672.0,4664786.9],[560668.8,4664807.1],[560667.0,4664822.1],[560667.2,4664854.7],[560668.0,4664878.7],[560668.8,4664934.1],[560670.3,4664977.7],[560670.9,4665022.2],[560674.7,4665103.6],[560676.3,4665188.8],[560678.0,4665218.5],[560679.8,4665234.9],[560682.6,4665246.3],[560687.1,4665260.5],[560708.4,4665313.5],[560731.6,4665388.3],[560733.9,4665410.8],[560733.8,4665422.0],[560732.5,4665435.1],[560730.8,4665444.7],[560729.1,4665459.3],[560728.3,4665475.4],[560729.2,4665491.5],[560731.8,4665515.0],[560742.2,4665577.6],[560749.4,4665620.9],[560756.2,4665658.1],[560759.6,4665681.0],[560760.4,4665696.2],[560758.1,4665736.1],[560756.2,4665762.9],[560754.1,4665784.5]]},"properties":{"kind":"road","name":"Diamond Notch Road","osmId":20094888}},{"type":"Feature","geometry":{"type":"LineString","coordinates":[[569641.7,4669747.0],[569657.9,4669738.3],[569680.5,4669726.2],[569707.0,4669703.9],[569725.4,4669681.2],[569748.9,4669656.4],[569773.9,4669638.9],[569791.2,4669624.8],[569802.0,4669614.3],[569817.4,4669601.5],[569875.9,4669555.3],[569888.1,4669540.6],[569895.4,4669526.0],[569898.9,4669505.1],[569903.6,4669471.7],[569905.9,4669460.8],[569911.0,4669451.5],[569948.2,4669415.1],[569960.9,4669354.4],[569966.1,4669338.5],[569976.2,4669311.2],[569982.4,4669298.7],[569996.9,4669277.4],[570022.5,4669248.6],[570087.7,4669172.0],[570102.6,4669164.8],[570110.6,4669159.8],[570130.0,4669145.6],[570133.9,4669140.2],[570135.3,4669137.2]]},"properties":{"kind":"road","name":"Dibbles Flats Road","osmId":20095142}},{"type":"Feature","geometry":{"type":"LineString","coordinates":[[560293.5,4663532.7],[560295.3,4663535.1],[560304.3,4663545.1],[560311.2,4663552.3],[560318.3,4663558.2],[560321.2,4663560.6],[560336.3,4663571.6],[560380.6,4663600.0],[560393.6,4663607.1],[560421.5,4663625.4],[560432.1,4663633.1],[560440.0,4663640.1],[560447.9,4663650.4],[560456.3,4663662.4],[560460.5,4663672.8],[560465.4,4663690.1],[560485.6,4663771.6],[560494.4,4663794.9],[560498.5,4663803.6],[560524.3,4663862.2],[560533.9,4663881.2],[560542.9,4663897.3],[560555.6,4663916.1],[560572.7,4663936.6],[560584.1,4663949.1],[560593.1,4663955.9],[560599.5,4663959.4],[560607.4,4663961.6],[560614.3,4663960.8]]},"properties":{"kind":"road","name":"Beecher Road","osmId":20095222}},{"type":"Feature","geometry":{"type":"LineString","coordinates":[[571251.7,4671487.4],[571244.2,4671482.9],[571236.4,4671476.6],[571225.6,4671470.5],[571217.5,4671467.4],[571207.6,4671465.3],[571113.2,4671457.8],[571088.1,4671455.7],[570935.0,4671441.1],[570856.0,4671435.1],[570849.5,4671435.2],[570845.1,4671436.6]]},"properties":{"kind":"road","name":"Sunset Avenue","osmId":20095416}},{"type":"Feature","geometry":{"type":"LineString","coordinates":[[566333.4,4670249.9],[566321.1,4670256.2],[566314.5,4670258.6],[566303.6,4670260.5]]},"properties":{"kind":"road","name":"Lane Road","osmId":20095425}},{"type":"Feature","geometry":{"type":"LineString","coordinates":[[571722.5,4671696.9],[571664.0,4671793.0],[571658.1,4671807.0],[571655.2,4671819.3],[571653.8,4671835.0],[571652.2,4671861.8],[571652.1,4671863.8],[571651.6,4671870.9]]},"properties":{"kind":"road","name":"Tompkins Street","osmId":20095427}},{"type":"Feature","geometry":{"type":"LineString","coordinates":[[569586.2,4666036.4],[569590.2,4666045.4],[569594.9,4666053.6],[569616.8,4666081.5],[569631.0,4666098.8],[569647.4,4666116.8],[569679.7,4666149.2],[569687.2,4666158.0],[569693.9,4666171.2],[569706.3,4666213.1],[569724.0,4666250.8],[569776.1,4666343.8],[569799.9,4666383.3],[569814.6,4666410.0],[569834.2,4666450.4],[569846.6,4666470.6],[569854.0,4666483.6],[569859.1,4666496.8],[569862.1,4666511.9],[569864.8,4666531.3],[569868.7,4666553.8],[569869.4,4666559.5],[569871.8,4666578.3],[569874.2,4666592.4],[569873.6,4666604.8],[569866.8,4666658.6],[569863.6,4666694.6],[569862.0,4666717.9],[569861.9,4666731.2],[569863.1,4666743.2],[569866.0,4666753.0],[569871.2,4666767.2],[569878.1,4666783.4],[569916.5,4666851.0],[569932.9,4666881.8],[569941.1,4666902.2],[569952.3,4666943.0],[569955.5,4666958.3],[569956.7,4666986.6],[569959.8,4667028.8],[569963.9,4667048.5],[569970.4,4667073.3],[569977.2,4667097.0],[569989.8,4667132.3],[569997.1,4667146.8],[570006.0,4667162.1],[570014.6,4667175.7],[570026.2,4667190.3],[570045.5,4667209.5],[570054.9,4667217.6],[570064.9,4667224.4],[570081.9,4667234.1],[570096.6,4667238.9],[570115.6,4667244.3],[570157.4,4667253.3],[570174.4,4667258.2],[570191.5,4667265.5],[570205.2,4667272.7],[570221.3,4667282.9],[570234.6,4667292.9],[570244.0,4667299.2],[570249.7,4667302.2],[570259.1,4667307.3],[570276.2,4667312.3],[570323.3,4667319.1],[570338.0,4667322.9],[570348.0,4667326.7],[570376.3,4667338.4],[570407.9,4667352.9],[570438.0,4667369.2],[570454.4,4667379.4],[570465.1,4667387.0],[570473.7,4667396.2],[570481.9,4667406.4],[570487.5,4667416.8],[570492.9,4667428.7],[570497.9,4667442.7],[570503.7,4667459.1],[570505.7,4667464.6],[570507.4,4667476.5],[570508.5,4667498.9],[570507.9,4667516.8],[570506.1,4667533.6],[570507.4,4667542.2],[570513.7,4667554.6],[570544.8,4667607.5],[570590.2,4667691.5],[570604.7,4667715.9],[570631.7,4667769.1],[570650.5,4667815.5],[570675.5,4667883.4],[570712.1,4667962.5],[570719.0,4667974.0],[570729.4,4667986.8],[570816.8,4668065.0],[570819.0,4668068.6],[570821.9,4668075.2],[570823.5,4668081.3]]},"properties":{"kind":"road","name":"Mink Hollow Road","osmId":20095521}},{"type":"Feature","geometry":{"type":"LineString","coordinates":[[569474.1,4667915.8],[569470.0,4667915.0],[569425.8,4667903.2],[569410.8,4667896.7],[569403.9,4667888.6],[569402.6,4667884.2],[569403.3,4667881.0],[569417.2,4667866.4],[569435.5,4667847.4],[569446.8,4667835.6],[569493.0,4667785.9],[569511.4,4667761.0],[569515.4,4667752.4],[569521.3,4667733.4],[569530.8,4667648.8],[569533.1,4667643.2],[569536.3,4667637.8],[569581.8,4667592.8],[569645.2,4667544.7],[569657.1,4667534.3],[569668.5,4667519.1],[569714.8,4667425.8],[569779.3,4667293.7],[569786.8,4667281.4],[569795.8,4667273.2],[569803.5,4667270.4],[569810.5,4667268.9],[569826.2,4667271.0],[569835.7,4667277.7],[569894.2,4667338.8],[569899.2,4667346.2],[569916.1,4667385.8],[569916.5,4667408.0]]},"properties":{"kind":"road","name":"Hill Road","osmId":20095598}},{"type":"Feature","geometry":{"type":"LineString","coordinates":[[569916.5,4667408.0],[569918.6,4667413.8],[569960.9,4667439.5],[570015.2,4667484.1],[570031.8,4667497.2],[570038.0,4667503.4],[570040.9,4667506.4],[570061.1,4667537.5],[570072.0,4667563.2]]},"properties":{"kind":"road","name":"Schanarie Road","osmId":20095693}},{"type":"Feature","geometry":{"type":"LineString","coordinates":[[566398.6,4672490.2],[566422.3,4672475.4],[566454.2,4672457.1],[566466.1,4672450.8],[566486.7,4672439.0],[566507.2,4672429.5],[566537.1,4672416.1],[566551.3,4672410.6],[566565.6,4672405.1],[566590.1,4672398.0],[566607.7,4672392.8],[566630.9,4672385.9],[566665.4,4672376.4],[566693.8,4672368.3],[566703.9,4672365.6],[566751.9,4672351.1],[566807.5,4672335.5],[566818.9,4672332.2],[566847.7,4672323.3],[566856.2,4672320.1],[566865.4,4672316.7],[566879.7,4672311.4],[566920.4,4672296.3],[566934.6,4672291.4],[566950.1,4672285.8],[566983.7,4672269.7],[567033.3,4672247.6],[567190.5,4672172.8],[567276.1,4672131.3],[567301.2,4672118.6],[567325.4,4672105.4],[567356.0,4672086.9],[567370.2,4672077.5],[567413.0,4672047.4],[567454.1,4672015.4],[567496.6,4671977.5],[567514.5,4671959.6],[567543.6,4671929.2],[567560.3,4671909.8],[567565.6,4671903.7],[567603.7,4671854.4],[567678.0,4671753.8],[567693.7,4671733.6],[567707.0,4671717.0],[567718.2,4671702.9],[567726.5,4671692.0],[567746.2,4671670.3],[567775.7,4671641.4],[567804.6,4671615.2],[567826.0,4671599.4],[567893.1,4671554.4],[567915.9,4671540.1],[567951.8,4671522.1],[567981.2,4671509.1],[567998.5,4671502.4],[568018.5,4671494.7],[568067.2,4671480.0],[568136.9,4671458.8],[568182.6,4671446.7],[568211.0,4671439.3],[568283.7,4671419.2],[568315.1,4671411.0],[568351.6,4671403.7],[568377.6,4671399.8],[568411.8,4671395.5],[568443.3,4671393.2],[568509.3,4671390.9],[568581.8,4671387.4],[568641.3,4671385.8],[568669.5,4671385.7],[568705.9,4671386.4],[568735.4,4671389.0],[568807.2,4671397.5],[568834.5,4671401.4],[568864.1,4671405.8],[568888.2,4671409.6],[568943.2,4671418.1],[569084.4,4671439.7],[569184.6,4671454.9],[569192.6,4671456.1],[569287.6,4671471.1],[569304.2,4671474.4],[569341.1,4671483.8],[569364.5,4671490.4],[569387.5,4671497.5],[569461.0,4671525.1],[569482.3,4671534.6],[569629.3,4671607.0]]},"properties":{"kind":"road","name":"State Route 23A","osmId":20096054}},{"type":"Feature","geometry":{"type":"LineString","coordinates":[[570515.3,4670159.1],[570508.0,4670152.8],[570491.8,4670145.4],[570483.3,4670142.8],[570466.7,4670140.9],[570436.2,4670140.2],[570432.6,4670140.2],[570393.3,4670144.9],[570348.7,4670154.0],[570319.2,4670165.1],[570307.8,4670171.2],[570301.4,4670173.0],[570294.3,4670173.6],[570284.4,4670174.2],[570276.6,4670174.2],[570266.5,4670173.3],[570254.5,4670171.5]]},"properties":{"kind":"road","name":"Brown Woods Road","osmId":20096162}},{"type":"Feature","geometry":{"type":"LineString","coordinates":[[565256.5,4672849.9],[565263.1,4672864.4],[565267.6,4672874.4],[565282.4,4672907.3]]},"properties":{"kind":"road","name":"Klein Avenue","osmId":20096165}},{"type":"Feature","geometry":{"type":"LineString","coordinates":[[568377.2,4667496.8],[568399.6,4667496.3],[568418.7,4667501.7],[568433.3,4667510.4],[568469.9,4667568.7],[568494.3,4667607.0],[568560.7,4667698.8],[568587.2,4667783.9],[568656.4,4667867.3],[568751.0,4667957.1],[568793.8,4668013.9],[568833.9,4668056.3],[568861.7,4668070.1],[568906.8,4668083.7],[568991.2,4668088.4],[569061.5,4668062.5],[569094.6,4668037.1],[569170.3,4667992.0],[569253.5,4667950.8],[569336.5,4667945.6],[569422.4,4667954.3],[569429.7,4667957.3],[569435.7,4667957.4],[569441.5,4667955.2],[569447.6,4667949.3],[569453.1,4667942.9],[569461.3,4667931.5],[569474.1,4667915.8],[569482.2,4667908.8],[569485.2,4667905.8],[569500.3,4667890.3],[569516.4,4667872.8],[569593.6,4667794.3],[569602.5,4667782.0],[569610.1,4667776.6],[569624.2,4667772.3],[569633.6,4667771.1],[569641.1,4667770.8],[569646.9,4667772.0]]},"properties":{"kind":"road","name":"Coliseum Road","osmId":20096220}},{"type":"Feature","geometry":{"type":"LineString","coordinates":[[566803.1,4671038.9],[566792.3,4671045.8],[566751.6,4671083.0],[566744.6,4671091.3],[566736.6,4671102.8],[566731.5,4671114.1],[566721.7,4671140.1],[566714.2,4671156.5],[566681.1,4671207.9],[566679.3,4671213.4],[566674.2,4671223.5],[566660.9,4671258.3],[566645.3,4671296.7],[566633.5,4671322.4],[566630.4,4671329.1],[566616.4,4671365.7],[566610.6,4671380.0],[566603.4,4671392.6],[566592.2,4671406.8],[566579.6,4671419.8],[566554.4,4671442.9],[566537.2,4671456.9],[566476.2,4671502.5],[566464.8,4671512.0],[566456.0,4671520.5],[566451.5,4671525.9],[566448.7,4671529.2],[566441.6,4671539.5],[566434.7,4671553.0],[566428.7,4671572.7],[566427.7,4671586.6],[566427.9,4671597.1],[566432.4,4671635.7],[566430.9,4671655.5],[566428.5,4671668.5],[566423.5,4671685.5],[566420.1,4671694.1],[566406.7,4671716.6],[566385.2,4671750.9],[566383.1,4671754.6],[566370.6,4671777.1],[566365.6,4671786.0],[566340.4,4671837.8],[566325.5,4671859.8],[566304.4,4671888.2],[566275.3,4671923.1],[566251.4,4671948.8],[566229.2,4671971.6],[566212.8,4671991.2],[566197.4,4672011.7],[566180.0,4672032.6],[566156.2,4672058.3],[566051.3,4672163.6],[566018.4,4672196.1],[565972.9,4672240.1],[565922.7,4672294.0],[565882.3,4672335.2],[565858.2,4672357.1],[565839.6,4672375.1],[565821.3,4672394.2],[565810.2,4672409.5],[565800.0,4672427.4],[565781.8,4672466.9],[565739.9,4672567.1],[565732.2,4672583.3],[565710.8,4672623.8],[565696.5,4672647.3],[565695.3,4672649.4],[565668.3,4672682.1],[565655.0,4672697.0],[565634.5,4672717.5],[565596.0,4672752.7],[565565.4,4672777.4],[565536.6,4672802.6],[565492.9,4672842.6],[565427.5,4672900.0],[565387.3,4672937.7],[565382.7,4672942.2]]},"properties":{"kind":"road","name":"Ski Bowl Road","osmId":20096231}},{"type":"Feature","geometry":{"type":"LineString","coordinates":[[564439.8,4673481.3],[564428.8,4673488.6],[564367.8,4673523.1],[564318.7,4673554.7],[564308.0,4673565.5],[564304.2,4673573.1],[564304.1,4673582.6],[564309.8,4673594.1],[564337.0,4673635.8],[564370.6,4673674.7],[564380.4,4673688.0],[564385.2,4673695.8],[564389.7,4673710.4],[564394.0,4673715.5]]},"properties":{"kind":"road","name":"Bridge Street","osmId":20096278}},{"type":"Feature","geometry":{"type":"LineString","coordinates":[[564660.4,4673597.1],[564666.3,4673602.8],[564678.2,4673614.3],[564711.8,4673646.8],[564772.7,4673707.7],[564801.3,4673745.2],[564808.3,4673755.9],[564845.8,4673827.3],[564859.6,4673847.7],[564878.9,4673873.0],[564893.2,4673887.4],[564914.5,4673905.8],[564928.5,4673916.2],[564940.0,4673923.2],[564965.7,4673938.4],[564979.4,4673949.4],[564987.6,4673957.3],[564997.4,4673969.6],[565024.8,4674013.2],[565050.6,4674053.0],[565065.9,4674080.2],[565103.4,4674142.2],[565138.3,4674204.4],[565148.4,4674228.1],[565149.2,4674232.8],[565150.0,4674247.7],[565149.4,4674272.3],[565142.6,4674347.0],[565141.4,4674370.2],[565143.4,4674413.4],[565144.8,4674432.7],[565146.3,4674453.0],[565146.2,4674465.5],[565145.1,4674473.8],[565143.7,4674479.9],[565124.0,4674540.2],[565114.0,4674578.3],[565113.4,4674589.1],[565114.9,4674592.4],[565117.9,4674596.0],[565148.4,4674612.6],[565165.0,4674625.0],[565172.4,4674632.4],[565183.1,4674650.0],[565199.4,4674701.6],[565221.8,4674756.2],[565233.1,4674788.9],[565241.1,4674805.9],[565247.7,4674816.9],[565283.5,4674868.8],[565308.1,4674907.0],[565322.3,4674925.9],[565366.8,4674963.7],[565378.8,4674978.3],[565408.6,4675044.0],[565423.8,4675084.9],[565426.0,4675094.4],[565427.2,4675118.5],[565427.1,4675130.7],[565425.5,4675145.7],[565416.1,4675178.9],[565415.1,4675187.9],[565412.7,4675196.7],[565406.4,4675207.3],[565391.3,4675226.3],[565377.2,4675252.3]]},"properties":{"kind":"road","name":"Glen Avenue","osmId":20096370}},{"type":"Feature","geometry":{"type":"LineString","coordinates":[[569998.9,4671618.4],[569993.4,4671611.3],[569992.4,4671610.1],[569988.2,4671608.3],[569985.2,4671605.3],[569940.0,4671580.6],[569923.8,4671569.7],[569915.3,4671561.7],[569907.6,4671550.7],[569883.8,4671513.8],[569879.5,4671510.7],[569871.7,4671508.2],[569868.0,4671508.2],[569861.3,4671510.5],[569832.1,4671526.5],[569820.6,4671526.3],[569809.2,4671521.5],[569805.0,4671517.2],[569795.6,4671495.4]]},"properties":{"kind":"road","name":"Circle Drive","osmId":20096478}},{"type":"Feature","geometry":{"type":"LineString","coordinates":[[564877.8,4673200.8],[564890.9,4673193.7],[564902.2,4673188.8],[564908.7,4673187.2],[564914.6,4673187.0],[564921.8,4673187.9],[564952.8,4673197.6]]},"properties":{"kind":"road","name":"Overlook Drive","osmId":20097370}},{"type":"Feature","geometry":{"type":"LineString","coordinates":[[560995.8,4664055.1],[561008.5,4664068.1],[561034.5,4664096.1],[561048.0,4664109.8],[561072.8,4664130.5],[561090.4,4664144.2],[561109.3,4664154.1]]},"properties":{"kind":"road","name":"Overlook Drive","osmId":20097375}},{"type":"Feature","geometry":{"type":"LineString","coordinates":[[570823.5,4668081.3],[570820.4,4668089.4],[570816.5,4668094.2],[570812.8,4668097.9],[570808.6,4668101.0],[570802.7,4668103.9],[570793.1,4668107.7],[570706.0,4668138.1],[570682.0,4668147.8],[570672.5,4668152.3],[570660.3,4668160.4],[570646.7,4668172.6],[570639.8,4668184.7],[570626.3,4668221.4],[570620.5,4668232.6],[570611.2,4668245.1],[570598.4,4668257.3],[570578.6,4668271.1],[570552.5,4668285.4],[570522.0,4668298.2],[570479.0,4668315.0],[570457.3,4668321.9],[570442.6,4668323.9],[570410.7,4668325.8],[570399.2,4668328.5],[570388.0,4668333.2],[570383.0,4668336.6],[570372.4,4668347.3],[570366.0,4668355.5],[570360.9,4668367.4],[570357.4,4668379.5],[570355.2,4668391.7],[570360.5,4668468.8],[570360.8,4668482.0],[570360.2,4668499.0],[570358.8,4668508.2],[570354.7,4668522.6],[570343.9,4668549.0],[570337.7,4668561.2],[570302.5,4668618.7],[570279.3,4668660.8],[570267.9,4668684.5],[570259.3,4668730.5],[570255.6,4668796.1],[570253.3,4668816.6],[570251.3,4668827.2],[570249.1,4668835.1],[570244.3,4668845.9],[570202.4,4668919.4],[570168.8,4668977.7],[570166.5,4668989.7],[570165.2,4669003.9],[570166.7,4669021.5],[570168.7,4669033.6],[570190.7,4669104.8],[570192.8,4669114.9],[570193.0,4669124.2],[570191.4,4669141.2],[570182.9,4669187.0],[570176.9,4669203.4],[570173.3,4669213.6]]},"properties":{"kind":"road","name":"Elka Park Road","osmId":20097499}},{"type":"Feature","geometry":{"type":"LineString","coordinates":[[569911.7,4668930.8],[569901.5,4668930.1],[569891.6,4668930.2],[569878.5,4668932.7],[569867.5,4668936.7],[569845.9,4668946.6],[569774.2,4668984.4],[569772.3,4668986.1],[569769.8,4668990.8],[569769.1,4668994.4],[569769.4,4668999.0],[569770.6,4669001.9],[569794.3,4669019.3],[569808.3,4669032.3],[569809.9,4669033.6],[569815.2,4669039.8],[569819.4,4669046.3],[569823.6,4669056.6],[569824.3,4669063.4],[569823.0,4669075.2]]},"properties":{"kind":"road","name":"James Rose Road","osmId":20097525}},{"type":"Feature","geometry":{"type":"LineString","coordinates":[[570881.7,4670035.6],[570864.1,4670045.5],[570807.1,4670068.2],[570770.0,4670081.6],[570750.6,4670092.3],[570738.7,4670100.9],[570729.2,4670110.7],[570723.2,4670119.0],[570717.7,4670131.7],[570713.1,4670144.4],[570710.0,4670163.6],[570709.8,4670177.4],[570717.7,4670230.5],[570718.7,4670245.3],[570716.4,4670269.9],[570703.4,4670319.1]]},"properties":{"kind":"road","name":"Thorn Apple Drive","osmId":20097533}},{"type":"Feature","geometry":{"type":"LineString","coordinates":[[569340.1,4672286.1],[569382.1,4672316.2],[569356.7,4672336.2],[569352.4,4672337.5],[569349.6,4672336.5],[569329.3,4672320.2],[569318.8,4672312.5],[569311.7,4672305.7],[569310.4,4672298.2],[569314.3,4672291.1],[569322.0,4672281.6],[569329.6,4672281.7],[569340.1,4672286.1]]},"properties":{"kind":"road","name":"Mitchell Road","osmId":20097580}},{"type":"Feature","geometry":{"type":"LineString","coordinates":[[569881.5,4671726.4],[569875.2,4671738.5],[569870.8,4671743.6],[569865.6,4671745.8],[569853.9,4671747.9],[569821.4,4671750.9],[569807.7,4671752.6],[569796.8,4671755.0],[569785.7,4671761.8],[569770.5,4671776.0],[569759.8,4671791.9],[569754.0,4671806.8],[569750.5,4671822.4],[569749.8,4671836.5],[569748.2,4671861.9],[569749.5,4671895.2],[569754.9,4671925.0],[569769.3,4671995.3],[569771.3,4672012.9],[569770.1,4672026.7],[569761.9,4672040.5],[569746.3,4672052.7],[569664.1,4672113.4],[569638.9,4672132.1],[569462.6,4672256.7],[569382.1,4672316.2]]},"properties":{"kind":"road","name":"Mitchell Road","osmId":20097586}},{"type":"Feature","geometry":{"type":"LineString","coordinates":[[570081.9,4667234.1],[570060.2,4667261.8],[570050.1,4667272.6],[569967.4,4667348.6],[569951.3,4667366.9],[569929.1,4667390.9],[569916.5,4667408.0],[569903.8,4667427.1],[569852.9,4667530.0],[569844.6,4667550.1],[569833.7,4667567.4],[569798.2,4667608.7],[569777.8,4667627.3],[569753.3,4667659.2],[569743.7,4667672.6],[569711.0,4667707.1],[569679.7,4667736.3],[569646.9,4667772.0]]},"properties":{"kind":"road","name":"Francis Road","osmId":20097636}},{"type":"Feature","geometry":{"type":"LineString","coordinates":[[570834.9,4671534.0],[570761.1,4671526.5]]},"properties":{"kind":"road","name":"Penrose Avenue","osmId":20097644}},{"type":"Feature","geometry":{"type":"LineString","coordinates":[[566329.9,4672533.7],[566344.9,4672546.4],[566363.3,4672563.5],[566371.8,4672572.8],[566385.9,4672588.5],[566428.7,4672628.2],[566438.3,4672635.3],[566450.8,4672642.2],[566465.1,4672648.8],[566521.2,4672671.9],[566539.7,4672681.9],[566560.3,4672694.4],[566576.4,4672708.6],[566581.2,4672713.9],[566602.7,4672749.3],[566617.3,4672777.5],[566633.7,4672804.1],[566651.0,4672830.6],[566658.0,4672839.1],[566714.3,4672893.8],[566729.3,4672913.3],[566735.3,4672922.5],[566739.0,4672933.0],[566740.9,4672940.2],[566742.0,4672950.2],[566741.6,4672964.7],[566733.2,4673008.3],[566729.0,4673038.4],[566719.0,4673178.9],[566710.4,4673234.5],[566701.5,4673275.5],[566698.3,4673288.1],[566693.7,4673316.6],[566691.4,4673342.1],[566690.2,4673354.5],[566686.3,4673383.6],[566683.8,4673402.2],[566674.7,4673452.6],[566673.8,4673457.7],[566662.4,4673527.4],[566656.4,4673583.1],[566657.9,4673616.3],[566667.0,4673690.2],[566676.5,4673759.1],[566683.0,4673793.7],[566697.3,4673840.0],[566701.2,4673853.7],[566711.5,4673874.7],[566738.1,4673926.8],[566743.2,4673938.0],[566757.9,4673970.5],[566765.4,4673990.7],[566771.3,4674004.8],[566785.1,4674038.4],[566798.4,4674077.5],[566813.4,4674121.8],[566842.0,4674219.4],[566845.0,4674229.6],[566868.2,4674291.9],[566885.3,4674329.9],[566939.2,4674459.5],[566949.6,4674490.9],[566965.0,4674524.5],[566984.9,4674564.1],[566997.5,4674588.6],[567026.1,4674633.1],[567036.4,4674650.4],[567041.5,4674663.3],[567046.2,4674683.0],[567049.6,4674707.0],[567049.0,4674721.5],[567048.7,4674740.0],[567045.5,4674757.4],[567029.1,4674823.2],[567027.3,4674837.4],[567029.7,4674875.5],[567026.9,4674933.5],[567021.6,4674957.3],[567016.7,4674981.7],[567004.2,4675024.8],[566998.5,4675044.5],[566993.2,4675059.7],[566989.2,4675069.8],[566982.4,4675082.6],[566978.1,4675090.8],[566967.7,4675107.7],[566950.3,4675133.1],[566928.3,4675167.8],[566916.6,4675188.5],[566910.2,4675205.0],[566904.9,4675220.7],[566901.7,4675236.1],[566899.0,4675249.6],[566898.5,4675261.4],[566899.2,4675272.0],[566904.1,4675307.6],[566912.3,4675346.9],[566917.8,4675373.2],[566934.7,4675469.2],[566938.6,4675540.6],[566958.5,4675811.2],[566956.1,4675841.1],[566952.2,4675878.0],[566952.1,4675892.4],[566952.6,4675905.1],[566959.1,4675927.1],[566968.5,4675941.1],[566979.9,4675950.6],[566995.2,4675959.0],[567019.6,4675976.7],[567039.5,4675993.3],[567057.6,4676010.6],[567088.9,4676042.4],[567115.4,4676062.1],[567139.2,4676074.3],[567161.8,4676080.7],[567177.8,4676087.7],[567199.8,4676100.5],[567208.2,4676110.7],[567214.1,4676117.8],[567223.9,4676136.1],[567244.5,4676196.6],[567248.7,4676207.7],[567260.1,4676231.8],[567264.4,4676239.9],[567265.8,4676242.7],[567300.7,4676310.3],[567304.8,4676321.8],[567305.5,4676323.8],[567308.8,4676334.1],[567311.9,4676347.9],[567318.2,4676396.3],[567321.4,4676424.4],[567326.4,4676446.2],[567330.4,4676458.3],[567334.4,4676468.7],[567341.9,4676484.8],[567354.7,4676507.9],[567364.1,4676530.8],[567370.2,4676547.8],[567373.8,4676562.9],[567378.3,4676596.8],[567381.0,4676611.3],[567391.1,4676641.9],[567409.1,4676672.1],[567418.9,4676686.9],[567431.2,4676702.5],[567440.1,4676711.2],[567449.7,4676717.8],[567457.9,4676722.4],[567489.2,4676735.4],[567501.3,4676741.0],[567522.5,4676757.0],[567536.1,4676768.5],[567552.9,4676786.9],[567576.3,4676816.2],[567601.1,4676844.5],[567625.9,4676871.3],[567671.0,4676917.4],[567702.5,4676946.7],[567734.4,4676977.7],[567753.0,4676997.2],[567761.4,4677005.9],[567768.4,4677013.0]]},"properties":{"kind":"road","name":"Scribner Hollow Road","osmId":20097672}},{"type":"Feature","geometry":{"type":"LineString","coordinates":[[560393.6,4663607.1],[560406.7,4663593.2],[560427.6,4663574.1],[560432.4,4663570.0]]},"properties":{"kind":"road","name":"Harry Sickler Way","osmId":20097805}},{"type":"Feature","geometry":{"type":"LineString","coordinates":[[565150.3,4665617.2],[565155.3,4665614.2],[565162.6,4665610.4],[565171.1,4665609.4],[565181.3,4665610.3],[565193.7,4665611.6],[565205.0,4665610.5],[565211.4,4665607.9],[565216.5,4665603.4],[565218.8,4665598.2],[565219.9,4665592.4],[565219.1,4665584.6],[565216.5,4665577.0],[565207.5,4665558.3],[565197.6,4665539.7],[565188.3,4665523.8],[565182.6,4665512.7],[565173.2,4665499.3],[565160.5,4665484.9],[565150.1,4665472.2],[565136.2,4665450.3],[565126.5,4665436.5],[565111.3,4665416.7],[565104.8,4665409.6],[565100.8,4665401.2],[565097.5,4665394.1],[565093.3,4665381.9],[565091.6,4665371.2]]},"properties":{"kind":"road","name":"Notch Inn Road","osmId":20097975}},{"type":"Feature","geometry":{"type":"LineString","coordinates":[[564858.6,4665535.7],[564864.6,4665531.4],[564871.2,4665531.2],[564881.0,4665535.4],[564892.4,4665540.5],[564922.6,4665551.6],[564945.4,4665561.1],[564961.2,4665571.8],[564980.4,4665589.9],[565002.9,4665601.0],[565044.8,4665624.7],[565082.4,4665645.3],[565089.3,4665651.9],[565095.1,4665656.1],[565099.6,4665656.2],[565102.5,4665654.4]]},"properties":{"kind":"trail","name":null,"osmId":20097980}},{"type":"Feature","geometry":{"type":"LineString","coordinates":[[569374.7,4670896.1],[569385.4,4670917.5],[569405.9,4670958.3],[569415.8,4670978.1],[569429.8,4671005.9],[569445.7,4671037.4],[569448.5,4671043.1],[569452.4,4671050.7],[569462.9,4671071.6],[569474.5,4671094.8],[569479.1,4671103.9],[569488.0,4671121.7],[569489.0,4671123.7],[569504.2,4671154.7],[569508.2,4671167.2],[569508.5,4671172.5],[569508.6,4671173.8],[569508.4,4671175.4],[569508.0,4671179.3],[569505.3,4671184.0],[569501.4,4671188.2],[569491.6,4671194.1],[569469.1,4671204.4]]},"properties":{"kind":"road","name":"June Lodge Drive","osmId":20097984}},{"type":"Feature","geometry":{"type":"LineString","coordinates":[[571251.7,4671487.4],[571232.5,4671514.8],[571227.6,4671519.0],[571222.0,4671520.9],[571214.3,4671521.2],[571193.3,4671519.1],[571108.7,4671512.1]]},"properties":{"kind":"road","name":"Terrace Slope","osmId":20098219}},{"type":"Feature","geometry":{"type":"LineString","coordinates":[[569662.9,4670744.4],[569656.4,4670735.4],[569601.4,4670710.7],[569568.8,4670692.6],[569550.6,4670684.4],[569526.7,4670674.8],[569525.6,4670674.2],[569513.7,4670668.2],[569510.5,4670664.9],[569507.7,4670659.2],[569505.5,4670642.4],[569502.4,4670628.4],[569493.7,4670603.6],[569485.0,4670583.8],[569468.4,4670558.0],[569465.1,4670555.6],[569448.4,4670548.9],[569430.6,4670543.6],[569414.5,4670532.3]]},"properties":{"kind":"road","name":"Kissley Road","osmId":20098296}},{"type":"Feature","geometry":{"type":"LineString","coordinates":[[564322.1,4662442.7],[564326.7,4662452.1],[564338.6,4662467.2],[564351.3,4662481.7],[564357.8,4662488.6],[564362.5,4662494.4],[564368.1,4662502.8],[564372.8,4662507.9],[564382.1,4662516.4],[564385.8,4662522.0],[564399.1,4662548.3],[564411.3,4662571.7],[564417.6,4662585.3],[564421.3,4662598.3],[564422.4,4662608.1],[564421.2,4662619.4],[564407.9,4662649.5]]},"properties":{"kind":"road","name":null,"osmId":20205427}},{"type":"Feature","geometry":{"type":"LineString","coordinates":[[564069.3,4661826.4],[564084.3,4661831.7],[564089.8,4661836.3],[564091.8,4661841.9],[564093.0,4661858.5],[564094.0,4661867.4],[564095.9,4661873.8],[564099.1,4661879.4],[564103.7,4661883.6],[564114.4,4661889.3],[564118.7,4661891.4],[564123.8,4661895.9],[564127.6,4661903.3],[564137.3,4661927.4],[564163.1,4661970.0]]},"properties":{"kind":"road","name":null,"osmId":20205430}},{"type":"Feature","geometry":{"type":"LineString","coordinates":[[559903.3,4663231.4],[559896.3,4663232.8],[559881.8,4663232.5]]},"properties":{"kind":"road","name":null,"osmId":20205461}},{"type":"Feature","geometry":{"type":"LineString","coordinates":[[564930.7,4672972.9],[565019.3,4672930.5],[565093.9,4672892.0],[565143.0,4672866.6]]},"properties":{"kind":"road","name":null,"osmId":48386098}},{"type":"Feature","geometry":{"type":"LineString","coordinates":[[565008.3,4672910.6],[565087.3,4672872.6],[565093.0,4672869.9],[565131.9,4672851.1],[565137.6,4672848.0],[565163.5,4672833.8]]},"properties":{"kind":"road","name":null,"osmId":48386099}},{"type":"Feature","geometry":{"type":"LineString","coordinates":[[564749.0,4672982.7],[564760.2,4672998.2],[564770.4,4673019.6],[564778.8,4673033.9],[564789.0,4673042.1],[564797.0,4673044.4],[564805.0,4673045.8],[564815.6,4673046.0],[564825.4,4673043.7],[564830.7,4673041.5],[564846.0,4673033.4],[564857.1,4673026.5],[564876.7,4673010.5],[564900.2,4672981.5],[564929.5,4672948.8]]},"properties":{"kind":"road","name":null,"osmId":48386105}},{"type":"Feature","geometry":{"type":"LineString","coordinates":[[565382.7,4673096.1],[565379.0,4673087.8],[565371.8,4673071.8],[565360.9,4673050.1],[565344.2,4673019.5],[565344.1,4673010.2]]},"properties":{"kind":"road","name":"County Road 83","osmId":48386106}},{"type":"Feature","geometry":{"type":"LineString","coordinates":[[565064.9,4672999.0],[565085.4,4672996.2],[565098.4,4672994.4],[565103.8,4672991.8],[565121.9,4672983.4],[565141.0,4672974.4],[565157.5,4672966.7],[565175.7,4672958.2],[565193.9,4672949.7],[565212.9,4672940.8],[565225.8,4672934.8],[565229.4,4672931.6],[565230.1,4672929.2],[565230.0,4672926.7],[565228.0,4672922.7],[565206.3,4672896.5],[565203.2,4672894.6],[565199.7,4672893.5],[565196.3,4672892.8],[565192.9,4672892.8],[565186.8,4672893.7],[565185.3,4672894.3],[565182.5,4672895.6],[565164.8,4672904.4],[565148.0,4672912.7],[565129.8,4672921.7],[565113.5,4672929.7],[565108.4,4672932.3],[565093.9,4672939.4],[565076.7,4672948.0],[565065.7,4672953.4],[565060.8,4672959.9],[565058.8,4672962.7],[565045.2,4672970.1]]},"properties":{"kind":"road","name":null,"osmId":48386109}},{"type":"Feature","geometry":{"type":"LineString","coordinates":[[565032.0,4672952.2],[565019.3,4672930.5],[565008.3,4672910.6]]},"properties":{"kind":"road","name":null,"osmId":48386111}},{"type":"Feature","geometry":{"type":"LineString","coordinates":[[565282.4,4672907.3],[565270.9,4672898.2],[565260.3,4672891.8],[565239.7,4672881.3],[565217.6,4672871.5],[565184.3,4672861.3],[565169.8,4672856.9]]},"properties":{"kind":"road","name":"Colonels Drive","osmId":48386112}},{"type":"Feature","geometry":{"type":"LineString","coordinates":[[575546.7,4663667.9],[575530.3,4663668.8],[575472.8,4663676.6],[575465.4,4663675.3],[575453.0,4663666.8],[575445.7,4663664.7],[575433.7,4663663.7],[575402.0,4663668.9],[575367.3,4663675.4],[575334.3,4663679.4],[575314.7,4663679.1],[575300.5,4663673.4],[575290.3,4663657.0],[575273.5,4663650.4],[575257.8,4663643.2],[575225.1,4663651.2],[575193.0,4663643.2],[575158.5,4663637.9],[575120.8,4663622.0],[575105.0,4663597.0],[575089.7,4663576.6],[575070.8,4663552.5],[575049.0,4663533.6],[575033.0,4663519.6],[575016.2,4663511.0],[574998.6,4663506.6],[574981.2,4663494.1],[574963.7,4663478.4],[574952.6,4663472.3],[574933.4,4663472.6],[574903.8,4663472.1],[574824.2,4663444.1],[574802.1,4663436.3],[574786.5,4663432.3],[574772.0,4663437.3],[574760.3,4663431.6],[574744.5,4663414.8],[574724.7,4663384.8],[574711.3,4663382.2],[574702.2,4663370.6],[574691.9,4663364.5],[574673.8,4663359.7],[574657.4,4663359.9],[574624.3,4663360.4],[574606.8,4663357.3],[574586.6,4663361.7],[574572.2,4663362.5],[574558.4,4663353.3],[574545.1,4663347.8],[574544.6,4663340.6],[574547.4,4663333.6],[574552.3,4663317.6],[574550.9,4663307.1],[574547.1,4663300.2],[574539.4,4663293.0],[574524.1,4663291.2],[574518.6,4663282.3],[574512.7,4663264.3],[574508.1,4663242.8],[574498.8,4663233.2],[574490.4,4663224.0],[574474.9,4663231.6],[574461.8,4663235.4],[574449.2,4663235.0],[574439.4,4663223.1],[574435.1,4663216.1],[574432.7,4663202.4],[574422.0,4663193.5],[574415.4,4663182.6],[574394.7,4663161.8],[574382.4,4663133.9],[574370.8,4663098.1],[574365.8,4663089.8],[574356.4,4663077.7],[574339.0,4663073.2],[574304.8,4663078.8],[574287.7,4663078.1],[574277.3,4663071.8],[574267.5,4663061.2],[574260.1,4663057.3],[574251.5,4663058.6],[574236.8,4663066.0],[574229.6,4663069.7],[574221.4,4663066.9],[574217.0,4663059.4],[574218.5,4663046.9],[574225.7,4663028.2],[574227.2,4663015.2],[574218.9,4663005.1],[574210.6,4662995.5],[574206.3,4662978.6],[574208.2,4662957.2],[574223.5,4662952.3],[574231.6,4662951.5],[574239.8,4662950.3],[574239.7,4662939.1],[574241.1,4662930.5],[574246.6,4662919.3],[574247.5,4662910.4],[574241.9,4662900.3],[574242.9,4662888.4],[574250.7,4662870.1],[574250.1,4662860.1],[574248.2,4662849.4],[574232.2,4662834.2],[574222.7,4662831.7],[574214.9,4662824.3],[574201.0,4662825.4],[574197.1,4662819.4],[574197.5,4662802.1],[574186.5,4662789.3],[574174.7,4662789.4],[574149.9,4662800.6],[574140.9,4662797.7],[574129.9,4662787.0],[574117.0,4662788.3],[574103.2,4662796.3],[574091.2,4662812.1],[574077.9,4662845.0],[574020.5,4662912.2],[573965.6,4662972.0],[573942.3,4663007.7],[573932.5,4663016.3],[573923.2,4663031.2],[573910.6,4663033.5],[573894.8,4663028.4],[573880.0,4663033.3],[573872.4,4663043.4],[573870.7,4663049.5],[573864.7,4663054.5],[573859.5,4663057.4],[573851.4,4663056.7],[573840.6,4663052.0],[573835.1,4663055.8],[573835.6,4663066.3],[573830.9,4663076.6],[573820.0,4663078.2],[573816.2,4663085.4],[573814.0,4663092.5],[573806.7,4663096.4],[573794.3,4663095.7],[573776.1,4663104.3],[573765.5,4663103.9],[573743.6,4663093.4],[573711.3,4663087.0],[573699.3,4663083.9],[573679.6,4663089.2],[573661.5,4663086.1],[573637.3,4663086.9],[573618.4,4663082.0],[573597.1,4663069.6],[573586.0,4663065.6],[573575.5,4663067.5],[573564.1,4663062.3],[573556.8,4663059.5],[573549.2,4663064.4],[573543.1,4663059.5],[573535.5,4663049.6],[573529.5,4663047.0],[573521.1,4663051.2],[573511.1,4663049.8],[573500.9,4663055.0],[573487.8,4663072.0],[573478.8,4663077.9],[573446.7,4663081.1],[573411.7,4663088.0],[573400.2,4663093.8],[573389.2,4663103.1],[573381.0,4663106.1],[573374.2,4663103.7],[573365.3,4663086.3],[573349.5,4663081.1],[573337.9,4663069.7],[573333.9,4663066.2],[573324.0,4663068.0],[573314.9,4663070.4],[573303.6,4663083.6],[573291.8,4663086.3],[573273.7,4663085.6],[573254.3,4663090.4],[573239.3,4663086.5],[573215.2,4663078.8],[573194.3,4663080.2],[573171.1,4663090.9],[573147.2,4663087.6],[573130.8,4663083.2],[573120.1,4663079.0],[573115.7,4663072.2],[573113.6,4663058.5],[573094.3,4663040.9],[573087.9,4663041.9],[573081.8,4663044.4],[573075.7,4663040.8],[573068.9,4663033.4],[573058.4,4663030.9],[573043.8,4663040.0],[573019.6,4663049.2],[573004.1,4663067.4],[572995.6,4663076.6],[572982.7,4663081.4],[572976.5,4663085.5],[572975.8,4663097.0],[572969.6,4663107.1],[572951.8,4663117.4],[572944.2,4663119.7],[572932.5,4663127.3],[572918.1,4663133.6],[572912.9,4663144.2],[572906.4,4663150.5],[572902.6,4663160.2],[572895.1,4663162.9],[572888.8,4663169.6],[572882.0,4663169.7],[572867.1,4663164.6],[572853.0,4663157.7],[572841.4,4663159.4],[572820.9,4663150.1],[572806.4,4663150.3],[572785.8,4663162.5],[572768.1,4663182.2],[572747.0,4663190.9],[572737.3,4663205.5],[572719.1,4663215.6],[572714.8,4663225.0],[572713.2,4663239.5],[572702.9,4663254.0],[572694.4,4663255.5],[572678.7,4663257.2],[572661.4,4663259.6],[572655.1,4663260.0],[572643.3,4663263.1],[572623.4,4663279.5],[572610.9,4663282.9],[572602.9,4663291.4],[572587.0,4663293.5],[572559.7,4663311.8],[572551.4,4663327.3],[572548.2,4663345.3],[572541.1,4663360.8],[572531.5,4663371.1],[572517.9,4663376.5],[572506.9,4663374.8],[572489.6,4663362.8],[572476.2,4663366.0],[572467.5,4663359.2],[572449.4,4663357.3],[572427.0,4663364.4],[572416.5,4663363.0],[572402.5,4663349.5],[572389.4,4663351.7],[572379.7,4663359.3],[572365.7,4663351.0],[572360.7,4663337.1],[572347.4,4663322.9],[572330.5,4663297.7],[572301.6,4663285.0],[572288.4,4663266.6],[572277.4,4663256.0],[572263.6,4663252.5],[572257.8,4663257.6],[572256.3,4663273.7],[572262.5,4663296.7],[572263.4,4663310.7],[572272.5,4663330.3],[572273.2,4663346.2],[572264.7,4663364.2],[572260.2,4663395.9],[572251.9,4663419.0],[572247.1,4663442.3],[572242.9,4663460.5],[572238.7,4663489.0],[572232.7,4663520.6],[572224.0,4663545.5],[572218.7,4663564.6],[572217.7,4663583.1],[572203.4,4663611.6],[572192.4,4663635.1],[572187.7,4663659.9],[572181.1,4663687.2],[572180.1,4663712.5],[572173.5,4663727.8],[572172.1,4663745.1],[572175.6,4663766.9],[572168.5,4663791.7],[572171.7,4663808.3],[572170.7,4663824.5],[572164.0,4663842.2],[572146.4,4663857.3],[572141.3,4663866.2],[572138.7,4663885.8],[572130.6,4663900.5],[572125.9,4663916.4],[572115.9,4663933.1],[572112.7,4663945.6],[572099.7,4663967.1],[572096.1,4663978.9],[572080.6,4663988.3],[572071.8,4664007.5],[572059.5,4664020.6],[572038.1,4664028.3],[572020.4,4664050.1],[572014.8,4664054.2],[572007.8,4664069.6],[571999.4,4664077.4],[571987.3,4664077.6],[571976.0,4664080.6],[571970.2,4664080.0],[571967.0,4664072.4],[571962.7,4664070.0],[571956.5,4664075.3],[571946.9,4664089.1],[571938.1,4664112.6],[571933.5,4664126.4],[571915.2,4664149.7],[571902.2,4664163.4],[571896.0,4664185.1],[571890.8,4664196.9],[571880.7,4664201.7],[571864.5,4664200.8],[571856.2,4664211.1],[571848.5,4664216.9],[571845.0,4664250.4],[571836.1,4664279.2],[571847.2,4664331.3],[571845.3,4664375.2],[571841.6,4664383.5],[571833.6,4664388.0],[571814.0,4664387.1],[571798.5,4664380.8],[571784.1,4664378.5],[571772.1,4664379.6],[571759.9,4664392.6],[571750.5,4664396.7],[571743.6,4664407.9],[571734.2,4664411.5],[571723.1,4664449.9],[571696.1,4664446.0],[571689.9,4664444.2],[571685.0,4664454.5],[571660.1,4664433.1],[571642.6,4664438.2],[571626.2,4664439.8],[571607.5,4664450.1],[571607.4,4664460.4],[571600.8,4664464.1],[571581.6,4664463.0],[571570.3,4664475.2],[571539.7,4664490.4],[571521.3,4664492.9],[571511.4,4664489.2],[571500.1,4664479.8],[571486.6,4664478.9],[571464.6,4664481.1],[571449.3,4664489.9],[571444.8,4664496.8],[571440.3,4664508.7],[571436.3,4664523.2],[571411.9,4664533.8],[571395.4,4664542.2],[571380.5,4664543.4],[571376.1,4664541.0],[571372.7,4664537.6],[571371.6,4664534.3],[571371.5,4664529.6],[571370.7,4664524.9],[571368.7,4664521.7],[571365.0,4664520.7],[571360.1,4664522.8],[571358.4,4664526.1],[571358.2,4664529.6],[571356.4,4664533.5],[571353.0,4664536.8],[571350.3,4664537.4],[571348.3,4664536.4],[571345.4,4664534.6],[571342.5,4664533.5],[571339.4,4664534.7],[571337.5,4664537.0],[571334.2,4664540.6],[571332.0,4664544.6],[571328.6,4664549.6],[571323.6,4664556.3],[571320.3,4664559.9],[571318.5,4664563.5],[571318.2,4664567.9],[571316.3,4664571.8],[571313.4,4664576.3],[571310.4,4664579.1],[571308.1,4664582.2],[571306.6,4664585.6],[571304.7,4664587.5],[571302.1,4664587.6],[571300.6,4664584.8],[571299.3,4664580.8],[571297.5,4664577.4],[571294.9,4664575.3],[571291.7,4664575.5],[571288.4,4664576.4],[571284.8,4664575.7],[571282.1,4664573.7],[571279.7,4664569.8],[571277.9,4664565.1],[571275.9,4664560.0],[571273.4,4664556.3],[571270.2,4664553.8],[571267.0,4664552.0],[571264.4,4664549.1],[571262.4,4664543.1],[571261.4,4664536.2],[571261.3,4664527.9],[571260.9,4664522.5],[571259.0,4664518.5],[571256.0,4664512.5],[571253.4,4664501.6],[571252.4,4664493.7],[571252.1,4664484.6],[571251.8,4664479.5],[571249.6,4664476.1],[571246.2,4664473.7],[571243.0,4664470.6],[571240.5,4664466.1],[571238.5,4664461.9],[571234.7,4664458.5],[571231.0,4664456.0],[571226.1,4664454.1],[571219.1,4664453.7],[571212.2,4664453.6],[571206.3,4664452.9],[571190.9,4664454.5],[571182.4,4664450.4],[571174.9,4664450.5],[571169.1,4664455.1],[571166.3,4664463.0],[571151.7,4664460.0],[571145.5,4664462.5],[571138.6,4664470.4],[571119.9,4664480.4],[571105.8,4664477.0],[571093.0,4664468.1],[571084.2,4664462.9],[571070.2,4664470.1],[571054.4,4664478.0],[571034.8,4664479.8],[571013.7,4664475.5],[570982.8,4664479.9],[570956.3,4664472.8],[570937.5,4664464.2],[570925.3,4664465.7],[570918.8,4664474.9],[570924.4,4664496.6],[570920.8,4664520.2],[570916.1,4664528.5],[570905.2,4664532.3],[570888.5,4664525.0],[570872.2,4664528.7],[570844.1,4664526.5],[570819.1,4664511.5],[570801.5,4664502.3],[570770.2,4664499.6],[570744.0,4664500.8],[570715.5,4664497.0],[570678.8,4664501.2],[570639.1,4664520.7],[570600.0,4664527.2],[570580.0,4664539.4],[570563.7,4664542.9],[570541.6,4664567.4],[570525.8,4664579.5],[570509.8,4664591.1],[570485.4,4664612.0],[570466.4,4664617.3],[570436.9,4664634.0],[570425.4,4664635.6],[570407.9,4664642.4],[570394.3,4664658.0],[570368.6,4664667.8],[570341.2,4664687.4],[570307.7,4664702.7],[570286.0,4664708.5],[570224.6,4664709.9],[570196.6,4664708.8],[570165.9,4664721.3],[570147.3,4664718.6],[570132.7,4664719.0],[570109.4,4664711.1],[570082.1,4664721.3],[570055.1,4664722.6],[570031.8,4664720.9],[570009.4,4664722.5],[569965.4,4664718.2],[569942.0,4664724.4],[569925.2,4664725.7],[569906.7,4664734.5],[569885.0,4664735.1],[569867.2,4664734.8],[569849.3,4664744.0],[569827.4,4664760.1],[569816.6,4664775.4],[569800.7,4664789.0],[569786.4,4664804.8],[569782.4,4664813.1],[569781.5,4664825.4],[569762.8,4664849.8],[569743.4,4664872.7],[569736.4,4664884.3],[569721.2,4664894.3],[569721.0,4664911.2],[569706.7,4664932.7],[569702.0,4664945.5],[569686.5,4664952.4],[569678.4,4664976.1],[569661.8,4664980.7],[569643.3,4664987.6],[569627.4,4665002.1],[569607.8,4665000.7],[569599.2,4665022.4],[569583.5,4665027.8],[569572.0,4665034.0],[569555.3,4665025.7],[569543.9,4665023.4],[569536.1,4665027.9],[569534.0,4665033.4],[569535.5,4665043.6],[569546.2,4665056.2],[569556.8,4665073.6],[569557.8,4665083.0],[569553.7,4665088.7],[569546.3,4665086.8],[569517.5,4665052.0],[569497.5,4665047.7],[569480.1,4665036.0],[569475.7,4665036.1],[569465.7,4665047.0],[569451.0,4665045.5],[569437.7,4665035.5],[569420.7,4665032.8],[569407.1,4665037.0],[569395.2,4665047.3],[569389.1,4665059.1],[569375.4,4665065.3],[569365.4,4665079.0],[569358.2,4665082.4],[569351.8,4665092.5],[569338.8,4665102.0],[569334.6,4665108.2],[569333.8,4665113.3],[569332.2,4665119.1],[569329.3,4665123.1]]},"properties":{"kind":"trail","name":"Devil's Path","osmId":111804369}},{"type":"Feature","geometry":{"type":"LineString","coordinates":[[565391.0,4673138.8],[565377.6,4673106.0]]},"properties":{"kind":"trail","name":null,"osmId":119415640}},{"type":"Feature","geometry":{"type":"LineString","coordinates":[[564408.7,4673731.1],[564432.0,4673758.1],[564448.5,4673777.5],[564450.1,4673779.3],[564456.2,4673786.5]]},"properties":{"kind":"road","name":"Bridge Street","osmId":119415642}},{"type":"Feature","geometry":{"type":"LineString","coordinates":[[565386.0,4672946.7],[565409.4,4672922.0],[565436.4,4672899.2],[565459.6,4672882.7],[565489.3,4672857.1],[565491.1,4672856.3],[565492.8,4672856.1],[565494.6,4672856.8],[565498.9,4672859.5],[565502.4,4672860.4],[565507.3,4672860.5],[565512.3,4672859.8],[565516.3,4672858.5],[565519.7,4672856.6],[565522.5,4672854.7],[565527.6,4672850.1],[565532.6,4672845.4],[565544.7,4672831.6],[565554.3,4672821.7],[565564.1,4672812.5],[565572.1,4672805.8],[565582.2,4672798.8],[565592.0,4672791.5],[565598.8,4672785.3],[565605.5,4672779.0],[565615.8,4672768.5],[565625.6,4672761.2],[565640.3,4672752.0],[565645.5,4672747.6],[565654.5,4672737.5],[565662.4,4672725.7],[565669.1,4672713.7],[565676.9,4672699.2],[565685.9,4672684.7],[565697.4,4672667.6],[565698.7,4672666.8],[565700.5,4672666.4],[565702.8,4672666.3],[565716.5,4672667.4]]},"properties":{"kind":"trail","name":null,"osmId":119415644}},{"type":"Feature","geometry":{"type":"LineString","coordinates":[[565408.3,4673138.9],[565409.0,4673140.8],[565408.6,4673149.5]]},"properties":{"kind":"road","name":"County Road 83","osmId":119415646}},{"type":"Feature","geometry":{"type":"LineString","coordinates":[[565400.5,4673141.3],[565382.7,4673096.1]]},"properties":{"kind":"road","name":"County Road 83","osmId":119415650}},{"type":"Feature","geometry":{"type":"LineString","coordinates":[[565408.6,4673149.5],[565401.4,4673143.6],[565400.5,4673141.3]]},"properties":{"kind":"road","name":"County Road 83","osmId":119415653}},{"type":"Feature","geometry":{"type":"LineString","coordinates":[[565136.8,4673245.5],[565139.6,4673251.4],[565165.7,4673305.5],[565212.0,4673401.7]]},"properties":{"kind":"road","name":null,"osmId":119415658}},{"type":"Feature","geometry":{"type":"LineString","coordinates":[[564394.0,4673715.5],[564408.7,4673731.1]]},"properties":{"kind":"road","name":"Bridge Street","osmId":119415659}},{"type":"Feature","geometry":{"type":"LineString","coordinates":[[565716.5,4672667.4],[565750.6,4672680.8]]},"properties":{"kind":"trail","name":null,"osmId":119415661}},{"type":"Feature","geometry":{"type":"LineString","coordinates":[[565389.4,4673092.7],[565408.3,4673138.9]]},"properties":{"kind":"road","name":"County Road 83","osmId":119415663}},{"type":"Feature","geometry":{"type":"LineString","coordinates":[[570336.5,4671097.3],[570371.9,4671115.1],[570417.8,4671131.1],[570477.8,4671148.3],[570510.7,4671162.4],[570539.7,4671180.4],[570617.9,4671256.4],[570684.1,4671312.2],[570717.8,4671333.7],[570757.2,4671350.5],[570801.9,4671365.1],[570836.4,4671372.2],[570865.9,4671374.9],[570901.1,4671375.2],[571176.9,4671373.3],[571210.4,4671368.4],[571226.6,4671365.0],[571288.6,4671363.7],[571383.9,4671361.7],[571397.2,4671362.8],[571412.0,4671365.7],[571415.9,4671366.1]]},"properties":{"kind":"trail","name":"Huckleberry Rail Trail","osmId":119522340}},{"type":"Feature","geometry":{"type":"LineString","coordinates":[[571415.9,4671366.1],[571428.9,4671366.3]]},"properties":{"kind":"trail","name":"Huckleberry Rail Trail","osmId":119522341}},{"type":"Feature","geometry":{"type":"LineString","coordinates":[[570308.2,4671077.8],[570336.5,4671097.3]]},"properties":{"kind":"trail","name":"Huckleberry Rail Trail","osmId":119522345}},{"type":"Feature","geometry":{"type":"LineString","coordinates":[[569564.8,4670805.6],[569717.3,4670805.1],[569763.5,4670814.3],[569814.9,4670832.9],[569939.1,4670881.1],[570047.1,4670922.7],[570137.6,4670960.3],[570182.7,4670985.4],[570235.2,4671020.1],[570250.7,4671034.7],[570256.2,4671039.9],[570308.2,4671077.8]]},"properties":{"kind":"trail","name":"Huckleberry Rail Trail","osmId":119522346}},{"type":"Feature","geometry":{"type":"LineString","coordinates":[[567552.6,4671481.4],[567605.2,4671519.2],[567653.3,4671553.9],[567718.9,4671601.4],[567775.7,4671641.4]]},"properties":{"kind":"road","name":"State Route 214","osmId":119522347}},{"type":"Feature","geometry":{"type":"LineString","coordinates":[[567492.9,4671438.9],[567552.6,4671481.4]]},"properties":{"kind":"road","name":"State Route 214","osmId":119522349}},{"type":"Feature","geometry":{"type":"LineString","coordinates":[[566823.2,4671930.7],[566742.6,4671868.5],[566629.7,4671809.9],[566486.8,4671802.2],[566433.0,4671827.9],[566413.6,4671883.2],[566430.3,4672003.7],[566423.5,4672017.9],[566404.4,4672025.1],[566377.3,4672039.1],[566352.3,4672056.8],[566321.4,4672089.6],[566291.0,4672123.7],[566259.7,4672150.3],[566212.3,4672178.6],[566171.4,4672197.2],[566134.2,4672214.7],[566095.1,4672241.3],[566070.4,4672262.4],[566037.1,4672285.7],[566002.8,4672313.8],[565957.8,4672359.0],[565809.9,4672475.3],[565783.9,4672512.3],[565767.3,4672556.9],[565754.8,4672598.5],[565721.8,4672730.6],[565714.7,4672755.3],[565663.7,4672849.0],[565622.0,4672909.2],[565549.5,4672986.7],[565474.4,4673061.6],[565441.3,4673084.6],[565408.9,4673113.6],[565388.9,4673125.4],[565367.4,4673136.6],[565333.3,4673144.7],[565244.3,4673160.9],[565175.4,4673177.9],[565106.5,4673200.2],[565020.7,4673228.9],[564934.1,4673268.9],[564886.9,4673295.5],[564731.8,4673371.1],[564719.1,4673377.2],[564553.1,4673458.1],[564536.2,4673470.6],[564526.4,4673485.5],[564512.1,4673527.3],[564499.8,4673588.5],[564494.7,4673607.2],[564491.5,4673611.9],[564482.6,4673625.1],[564471.4,4673637.4],[564464.8,4673640.9],[564461.6,4673642.6],[564453.2,4673650.2],[564446.9,4673656.6],[564431.6,4673696.5],[564418.0,4673711.3],[564361.5,4673767.7],[564295.3,4673841.3],[564214.0,4673924.3],[564122.6,4673980.8],[564044.2,4674022.9],[563950.8,4674062.8],[563941.1,4674065.4],[563919.6,4674069.3],[563858.9,4674081.6],[563829.2,4674075.1],[563796.4,4674070.2],[563740.7,4674056.5],[563726.6,4674053.1],[563659.1,4674030.3],[563570.1,4673979.3],[563525.7,4673955.1],[563472.3,4673920.1],[563437.1,4673888.4],[563411.2,4673865.3],[563366.6,4673846.6],[563307.1,4673852.3],[563249.4,4673866.7],[563201.7,4673897.9],[563138.2,4673944.7],[563071.1,4673962.9],[562989.4,4673989.7],[562806.6,4674016.1],[562724.6,4674054.5],[562661.8,4674066.0],[562581.9,4674080.5],[562515.1,4674100.5],[562393.9,4674136.8],[562190.9,4674178.0],[562013.8,4674266.1],[561926.5,4674377.5],[561863.3,4674522.7],[561757.3,4674625.4],[561587.4,4674753.7],[561469.8,4674776.4],[561357.7,4674797.3],[561307.2,4674795.7],[561234.2,4674793.4],[561201.9,4674792.3],[561024.3,4674750.6],[560822.7,4674726.9],[560688.9,4674714.8],[560608.3,4674690.0],[560590.3,4674689.1],[560528.1,4674686.1],[560470.0,4674704.6],[560445.2,4674720.8],[560429.6,4674802.1],[560417.5,4674927.1],[560380.0,4674978.7],[560325.5,4675026.4],[560219.0,4675104.1],[560126.7,4675199.8],[560034.5,4675283.0],[559953.6,4675309.1],[559668.7,4675272.8],[559477.0,4675247.9],[559349.8,4675232.5],[559222.1,4675279.7],[559158.7,4675345.3],[558993.5,4675370.7],[558916.3,4675377.2],[558788.8,4675402.9],[558684.0,4675493.2],[558584.4,4675610.3],[558539.4,4675624.2],[558399.7,4675608.8],[558171.2,4675601.0],[557936.7,4675541.4],[557780.9,4675510.4],[557666.9,4675506.0],[557601.8,4675535.1],[557555.6,4675601.1],[557510.8,4675714.4],[557489.1,4675806.8],[557433.7,4675925.2],[557345.4,4675999.6],[557254.1,4676016.3],[557137.2,4675943.7],[556966.1,4675848.0],[556778.8,4675808.0],[556554.6,4675773.0],[556288.0,4675772.6],[556193.1,4675799.8],[556167.8,4675883.5],[556200.0,4676027.0],[556204.0,4676189.5],[556190.1,4676214.8],[556177.3,4676238.3],[556017.1,4676310.4],[555964.9,4676417.6],[555924.5,4676536.9],[555870.2,4676678.3],[555785.2,4676809.2],[555616.6,4676877.9],[555507.1,4676841.1],[555371.7,4676833.2],[555245.5,4676869.3],[555112.9,4676883.3],[554932.3,4676881.1],[554732.3,4676878.6],[554634.1,4676782.6],[554571.3,4676655.2],[554475.0,4676534.1],[554464.2,4676413.7],[554379.6,4676301.2],[554142.0,4676225.8],[553860.7,4676173.5],[553479.1,4676112.8],[553239.8,4676101.2],[553042.8,4676119.3],[552891.1,4676240.7],[552767.5,4676311.7],[552648.6,4676430.0],[552491.8,4676544.0],[552347.2,4676596.1],[552233.9,4676662.1],[552116.4,4676777.7],[551934.7,4676936.1],[551826.0,4677007.2],[551701.4,4677062.4],[551574.1,4677099.4],[551507.3,4677154.0],[551469.9,4677222.4],[551456.9,4677269.6],[551459.5,4677301.4],[551476.8,4677333.6],[551570.4,4677470.1],[551576.0,4677585.1],[551618.2,4677734.0],[551585.5,4677816.8],[551509.6,4677888.1],[551470.9,4677916.6],[551347.7,4677879.0],[551248.5,4677851.1],[551094.4,4677883.5],[550939.9,4677962.3],[550831.7,4678073.3],[550792.6,4678151.3],[550791.2,4678220.7],[550737.0,4678345.2],[550659.7,4678415.0],[550529.3,4678457.8],[550373.4,4678542.6],[550151.9,4678612.8],[549980.3,4678714.7],[549805.4,4678836.9],[549632.0,4678864.5],[549453.2,4678994.6],[549344.6,4679177.1],[549257.8,4679313.9],[549124.3,4679405.3],[549039.1,4679463.6],[548882.1,4679563.3],[548650.0,4679648.8],[548532.2,4679691.4],[548477.2,4679726.0],[548407.8,4679830.7],[548392.1,4679926.4],[548446.0,4680120.8],[548578.6,4680216.4],[548812.3,4680338.6],[548892.2,4680477.7],[548961.6,4680624.6],[549078.8,4680798.6],[549158.7,4680953.0],[549237.3,4681061.0],[549327.6,4681227.4],[549435.5,4681437.2],[549419.9,4681520.7],[549246.6,4681662.8],[549087.2,4681749.8],[548856.4,4681749.6],[548781.3,4681750.6],[548655.0,4681711.4],[548575.2,4681717.2],[548501.9,4681745.0],[548244.6,4681870.2],[548076.7,4681994.6],[547951.7,4682068.2],[547900.9,4682208.0],[547885.3,4682349.5],[547879.8,4682504.2],[547877.0,4682707.1],[547837.6,4682893.7],[547841.9,4683058.4],[547876.7,4683184.4],[547853.0,4683328.3],[547810.7,4683426.5],[547728.4,4683527.3],[547702.1,4683608.5],[547701.6,4683671.3],[547663.4,4683816.6],[547628.2,4683934.8],[547562.5,4684119.9],[547505.4,4684303.7],[547426.0,4684393.0],[547305.2,4684465.0],[547198.3,4684506.1],[547007.7,4684513.3],[546834.0,4684510.8],[546659.8,4684594.7],[546558.3,4684695.9],[546501.4,4684814.2],[546465.5,4684956.3],[546433.7,4685101.2],[546437.0,4685238.0],[546435.8,4685329.4],[546445.4,4685527.3],[546502.1,4685711.8],[546605.3,4685990.9],[546675.5,4686144.2],[546779.0,4686237.7],[546771.4,4686356.3],[546745.9,4686477.6],[546678.3,4686549.5],[546611.8,4686663.6],[546544.0,4686765.5],[546394.1,4686872.3],[546289.4,4686960.3],[546236.8,4687043.2],[546185.6,4687131.5],[545980.4,4687303.4],[545931.8,4687410.9],[546043.0,4687572.6],[546048.0,4687665.8]]},"properties":{"kind":"river","name":"Schoharie Creek","osmId":135584337}},{"type":"Feature","geometry":{"type":"LineString","coordinates":[[563585.6,4669853.3],[563610.7,4669870.8],[563622.5,4669880.8],[563631.9,4669895.8],[563637.6,4669909.9],[563638.9,4669934.3],[563644.7,4670004.4],[563643.6,4670069.7],[563649.0,4670102.1],[563647.3,4670116.9],[563639.4,4670132.4],[563635.8,4670153.5],[563630.6,4670174.0],[563631.4,4670193.0],[563618.6,4670224.6],[563615.3,4670269.0],[563616.9,4670297.4],[563612.1,4670318.3],[563591.1,4670349.0],[563586.3,4670363.6],[563569.2,4670378.7],[563560.2,4670392.1],[563540.6,4670419.8],[563531.1,4670438.8],[563526.9,4670455.5],[563524.0,4670484.0],[563518.1,4670503.8],[563511.4,4670515.5],[563502.3,4670525.2],[563484.4,4670537.6],[563471.6,4670550.6],[563459.2,4670568.6],[563451.4,4670590.8],[563445.4,4670619.2],[563441.1,4670629.8],[563438.4,4670642.5],[563429.5,4670654.0],[563418.4,4670663.5],[563410.8,4670674.1],[563405.0,4670688.7],[563400.5,4670699.9],[563390.1,4670708.2],[563374.8,4670732.5],[563361.2,4670748.8],[563355.4,4670763.8],[563347.1,4670777.7],[563344.7,4670788.9],[563343.7,4670802.2],[563332.8,4670809.8],[563321.2,4670819.0],[563305.8,4670832.2],[563292.7,4670835.3],[563278.0,4670836.5],[563263.5,4670839.8],[563250.6,4670847.9],[563238.0,4670862.3],[563220.6,4670878.6],[563207.1,4670885.6],[563191.0,4670887.6],[563177.7,4670890.3],[563162.0,4670897.9],[563149.8,4670907.4],[563136.8,4670920.5],[563121.5,4670929.7],[563098.6,4670942.4],[563085.3,4670943.3],[563070.7,4670939.6],[563059.1,4670941.5],[563046.9,4670947.9],[563036.7,4670960.9],[563023.9,4670973.4],[563011.1,4670983.6],[562996.5,4670990.4],[562988.0,4670998.0],[562981.6,4671006.9],[562975.3,4671019.5],[562969.9,4671026.1],[562959.5,4671032.1],[562947.0,4671036.0],[562935.9,4671041.2],[562921.0,4671045.7],[562899.4,4671045.4],[562884.1,4671047.1],[562865.2,4671056.6],[562853.7,4671068.0],[562845.3,4671077.7],[562829.1,4671083.3],[562812.7,4671082.8],[562799.3,4671077.1],[562787.8,4671072.3],[562766.9,4671073.7],[562749.0,4671079.7],[562732.5,4671091.8],[562719.1,4671107.9],[562703.5,4671120.0],[562691.3,4671126.0],[562674.3,4671133.4],[562657.1,4671149.1],[562640.9,4671162.7],[562626.7,4671164.6],[562608.2,4671162.9],[562582.5,4671164.9],[562565.1,4671164.4],[562553.6,4671168.5],[562545.6,4671176.4],[562538.4,4671182.2],[562527.8,4671183.6],[562515.1,4671184.3],[562502.5,4671194.3],[562492.0,4671198.8],[562481.1,4671202.8],[562471.5,4671211.5],[562468.0,4671220.8],[562465.5,4671228.2],[562458.6,4671235.8],[562447.9,4671239.1],[562440.8,4671239.0],[562430.0,4671236.5],[562416.4,4671244.6],[562403.1,4671248.8],[562382.5,4671250.0],[562371.0,4671257.0],[562363.0,4671264.9],[562349.1,4671275.3],[562336.5,4671275.0],[562320.9,4671270.0],[562305.1,4671273.5],[562293.9,4671278.8],[562280.2,4671283.1],[562266.5,4671286.9],[562260.1,4671282.3],[562249.6,4671270.2],[562239.8,4671266.2],[562230.4,4671273.2],[562225.7,4671282.1],[562220.4,4671298.6],[562213.9,4671303.3],[562207.9,4671302.5],[562198.6,4671299.1],[562190.6,4671300.9],[562183.4,4671300.4],[562175.8,4671296.6],[562169.4,4671291.6],[562159.6,4671290.2],[562149.9,4671292.9],[562141.9,4671298.9],[562130.7,4671322.1],[562122.7,4671331.8],[562119.2,4671347.4],[562109.6,4671361.9],[562096.3,4671367.5],[562085.0,4671363.0],[562073.1,4671363.2],[562062.5,4671368.1],[562052.8,4671375.1],[562043.9,4671377.9],[562032.3,4671377.5],[562018.5,4671353.0],[562004.8,4671336.2],[561990.3,4671324.0],[561976.3,4671307.7],[561960.8,4671287.3],[561944.7,4671279.0],[561874.2,4671272.7],[561827.4,4671274.7],[561780.7,4671282.5],[561755.8,4671291.1],[561722.2,4671294.4],[561666.6,4671309.0],[561559.3,4671337.5],[561487.2,4671350.4],[561432.1,4671368.0],[561355.9,4671376.7],[561328.0,4671379.4],[561314.2,4671384.6],[561250.4,4671390.3],[561202.4,4671402.2],[561163.0,4671402.2],[561141.0,4671407.6],[561066.0,4671397.6],[560999.7,4671391.5],[560947.3,4671394.4],[560877.4,4671408.6],[560819.1,4671401.7],[560783.4,4671404.8],[560756.5,4671413.6],[560727.0,4671431.1],[560704.2,4671450.2],[560694.6,4671453.0],[560659.9,4671440.8],[560623.8,4671420.8],[560589.7,4671394.6],[560560.4,4671359.0],[560545.9,4671329.4],[560541.4,4671312.1],[560540.1,4671298.8],[560534.2,4671287.7],[560525.3,4671280.8],[560517.9,4671281.1],[560510.6,4671284.0],[560495.9,4671295.3],[560484.4,4671308.3],[560467.6,4671332.6],[560459.1,4671342.0],[560452.2,4671342.5],[560446.2,4671337.9],[560446.2,4671329.7],[560448.4,4671315.4],[560451.5,4671294.2],[560458.7,4671272.2],[560460.8,4671243.6],[560459.5,4671200.5],[560467.2,4671176.3],[560467.5,4671162.7],[560467.7,4671155.6],[560465.7,4671147.7],[560444.4,4671135.8],[560411.1,4671102.4],[560390.4,4671074.4],[560382.7,4671057.5],[560359.0,4671023.1],[560342.8,4670994.4],[560295.6,4670959.4],[560276.3,4670930.4],[560265.6,4670910.4],[560248.5,4670876.9],[560233.1,4670838.9],[560229.5,4670817.9],[560205.9,4670790.6],[560178.3,4670756.2],[560175.7,4670747.9],[560176.5,4670738.8],[560180.4,4670713.7],[560179.9,4670675.3],[560182.5,4670662.2],[560183.8,4670628.1],[560181.8,4670614.7],[560177.5,4670602.2],[560161.2,4670565.9],[560154.0,4670554.2]]},"properties":{"kind":"trail","name":"Spruceton Trail","osmId":183447439}},{"type":"Feature","geometry":{"type":"LineString","coordinates":[[563605.2,4668425.8],[563641.7,4668427.6],[563674.0,4668424.3],[563691.8,4668426.3],[563722.6,4668432.3],[563754.8,4668437.0],[563788.1,4668437.6],[563815.2,4668433.0],[563846.2,4668428.5],[563872.6,4668433.3],[563905.7,4668434.0],[563934.8,4668438.9],[564004.0,4668437.8],[564025.6,4668440.5],[564066.8,4668448.0],[564116.8,4668467.0],[564139.0,4668478.4],[564159.0,4668498.2],[564168.6,4668515.0],[564182.4,4668535.4],[564195.3,4668556.6],[564212.6,4668596.1],[564232.7,4668635.6],[564251.3,4668654.0],[564265.6,4668667.8],[564272.9,4668686.1],[564274.7,4668702.1],[564275.7,4668738.3],[564270.3,4668768.4],[564257.9,4668796.9],[564230.0,4668810.5],[564206.7,4668821.5],[564185.3,4668824.4],[564164.4,4668836.1],[564139.7,4668855.3],[564100.4,4668877.6],[564078.8,4668901.4],[564036.9,4668938.3],[564017.3,4668969.9],[564002.8,4668986.0],[563992.7,4669005.3],[563982.3,4669023.9],[563975.8,4669048.2],[563961.8,4669081.1],[563947.7,4669101.3],[563944.9,4669108.5],[563938.1,4669116.3],[563933.1,4669117.3],[563928.3,4669111.7],[563923.0,4669093.7],[563917.0,4669086.7],[563908.5,4669066.5],[563909.7,4669049.8],[563913.1,4669033.0],[563909.9,4669011.8],[563904.4,4669003.5],[563899.9,4669000.3],[563893.1,4669000.4],[563883.9,4669004.3],[563873.5,4669004.7],[563866.1,4669010.3],[563861.3,4669020.6],[563860.2,4669088.6],[563849.7,4669111.6],[563846.9,4669119.3],[563847.1,4669126.9],[563851.2,4669137.1],[563856.5,4669144.3],[563859.6,4669151.1],[563858.1,4669157.1],[563852.0,4669161.1],[563838.3,4669161.7],[563830.1,4669168.8],[563824.0,4669175.1],[563823.4,4669198.8],[563819.2,4669212.1],[563807.4,4669229.7],[563799.3,4669254.6],[563796.8,4669273.7],[563797.5,4669291.4],[563794.3,4669303.7],[563789.3,4669312.7],[563775.7,4669324.9],[563771.8,4669337.0],[563766.4,4669349.5],[563764.0,4669358.8],[563755.8,4669392.7],[563749.8,4669405.7],[563727.4,4669434.0],[563714.8,4669446.6],[563709.8,4669456.2],[563689.7,4669491.3]]},"properties":{"kind":"trail","name":"Hunter Mountain Trail","osmId":183451898}},{"type":"Feature","geometry":{"type":"LineString","coordinates":[[563689.7,4669491.3],[563676.3,4669486.2],[563664.9,4669482.7],[563655.7,4669481.1],[563642.7,4669468.1],[563637.3,4669459.8],[563634.5,4669452.2]]},"properties":{"kind":"trail","name":null,"osmId":183451899}},{"type":"Feature","geometry":{"type":"LineString","coordinates":[[563605.2,4668425.8],[563587.1,4668429.2],[563555.1,4668428.1],[563547.7,4668426.4],[563541.8,4668424.1],[563537.0,4668423.8],[563530.1,4668426.3],[563522.1,4668431.4],[563513.4,4668433.3],[563508.0,4668437.0],[563503.0,4668443.8],[563496.4,4668447.3],[563492.1,4668450.0],[563486.0,4668458.5],[563476.1,4668463.7],[563465.7,4668464.4],[563461.5,4668469.0],[563458.5,4668477.9],[563445.2,4668492.9],[563432.9,4668503.2],[563411.8,4668516.8],[563404.5,4668521.9],[563400.7,4668536.8],[563386.4,4668555.4],[563373.2,4668573.2],[563351.6,4668586.6],[563331.4,4668595.5],[563311.5,4668598.5],[563290.2,4668601.0],[563258.4,4668610.7],[563229.9,4668623.1],[563211.6,4668655.3],[563198.5,4668667.1],[563197.5,4668675.1],[563224.3,4668713.4],[563241.3,4668733.3],[563269.2,4668754.3],[563281.2,4668776.0],[563311.7,4668811.3],[563336.8,4668838.2],[563365.8,4668879.8],[563385.9,4668910.5],[563399.7,4668953.5],[563405.9,4668977.6],[563403.4,4669000.1],[563392.8,4669012.0],[563379.2,4669033.4],[563358.3,4669060.5],[563347.2,4669082.6],[563343.2,4669108.0],[563316.4,4669148.6],[563290.9,4669166.4],[563276.7,4669187.5],[563254.2,4669200.7],[563240.7,4669216.9],[563237.8,4669242.2],[563227.2,4669259.9],[563216.6,4669292.9],[563210.0,4669329.2],[563205.1,4669353.2],[563191.7,4669375.4],[563165.9,4669401.0],[563154.0,4669420.8],[563133.7,4669436.5],[563117.9,4669442.4],[563095.1,4669442.3],[563079.1,4669437.8],[563054.4,4669440.6],[563028.3,4669458.5],[563006.2,4669466.6],[562969.1,4669469.2],[562925.2,4669466.9],[562862.8,4669454.4],[562829.3,4669454.3],[562807.8,4669450.1],[562781.6,4669446.2],[562759.2,4669449.7],[562725.0,4669441.5],[562697.5,4669439.7],[562681.0,4669434.2],[562660.1,4669415.3],[562628.3,4669396.5],[562612.1,4669374.7],[562559.3,4669336.9],[562541.4,4669315.0],[562515.8,4669296.6],[562496.1,4669288.2],[562484.6,4669279.5],[562453.0,4669265.1],[562425.5,4669259.0],[562315.5,4669217.8],[562280.1,4669211.6],[562254.2,4669204.2],[562226.6,4669200.4],[562210.0,4669203.6],[562197.1,4669212.0],[562151.4,4669262.2],[562126.1,4669279.6],[562099.9,4669298.8],[562082.4,4669310.8],[562064.1,4669311.9],[562050.9,4669314.9],[562040.3,4669323.2],[562032.7,4669329.3],[562000.5,4669331.6],[561970.4,4669335.3],[561947.5,4669326.3],[561905.4,4669326.9],[561879.3,4669330.8],[561860.5,4669335.2],[561842.0,4669335.2],[561820.0,4669340.8],[561782.6,4669351.0],[561741.2,4669365.8],[561692.2,4669390.2],[561660.8,4669396.0],[561636.2,4669395.8],[561621.7,4669398.8],[561606.7,4669399.4],[561562.7,4669422.2],[561527.5,4669431.7],[561509.5,4669444.9],[561483.5,4669455.6],[561445.7,4669468.8],[561430.9,4669472.0],[561415.6,4669468.6],[561408.1,4669468.7],[561399.4,4669469.7],[561384.3,4669474.2],[561376.1,4669479.9],[561366.3,4669485.6],[561357.8,4669489.0],[561353.3,4669489.7],[561349.7,4669490.0],[561338.1,4669488.8],[561332.1,4669489.5],[561327.4,4669493.2],[561317.1,4669499.0],[561308.0,4669498.9]]},"properties":{"kind":"trail","name":"Devil's Path","osmId":183454395}},{"type":"Feature","geometry":{"type":"LineString","coordinates":[[560459.1,4670159.5],[560463.0,4670158.5],[560485.4,4670153.3],[560513.8,4670143.0],[560532.8,4670136.8],[560550.9,4670124.4],[560610.9,4670044.8],[560650.4,4670009.8],[560675.6,4669987.9],[560701.2,4669953.2],[560758.9,4669913.8],[560785.7,4669896.6],[560795.5,4669893.6],[560821.7,4669893.8],[560829.3,4669891.6],[560836.2,4669887.5],[560845.1,4669879.5],[560858.0,4669864.6],[560871.2,4669840.5],[560884.8,4669816.6],[560894.0,4669805.6],[560911.6,4669794.3],[560956.2,4669759.2],[560968.9,4669746.1],[560996.1,4669728.0],[561011.0,4669713.5],[561024.5,4669700.1],[561032.5,4669696.8],[561057.4,4669695.7],[561090.8,4669680.1],[561124.8,4669666.7],[561152.7,4669658.5],[561172.7,4669649.3],[561188.7,4669639.0],[561219.0,4669605.0],[561231.3,4669596.7],[561242.7,4669590.0],[561250.7,4669582.5],[561262.7,4669564.4],[561269.9,4669546.2],[561284.3,4669523.1],[561296.5,4669508.1],[561308.0,4669498.9]]},"properties":{"kind":"trail","name":"Diamond Notch Trail","osmId":183456435}},{"type":"Feature","geometry":{"type":"Polygon","coordinates":[[[565427.6,4672970.9],[565443.9,4672954.5],[565450.5,4672947.9],[565453.3,4672933.3],[565458.4,4672927.1],[565503.3,4672885.6],[565575.2,4672814.8],[565644.7,4672758.1],[565674.2,4672717.7],[565696.0,4672683.1],[565698.5,4672686.8],[565682.4,4672718.3],[565676.7,4672729.5],[565663.9,4672753.3],[565647.6,4672780.9],[565609.0,4672839.3],[565539.8,4672912.5],[565532.6,4672920.1],[565495.0,4672971.1],[565466.4,4673011.7],[565458.9,4673017.2],[565447.9,4673011.1],[565437.8,4673005.4],[565436.8,4673003.0],[565434.6,4672998.2],[565428.9,4672996.3],[565424.7,4672978.8],[565427.6,4672970.9]]]},"properties":{"kind":"lake","name":"Dolans Lake","osmId":202507480}},{"type":"Feature","geometry":{"type":"Polygon","coordinates":[[[570027.8,4668247.2],[570035.3,4668249.9],[570044.3,4668254.5],[570055.6,4668256.2],[570063.0,4668255.6],[570068.5,4668257.1],[570074.4,4668260.5],[570080.1,4668264.6],[570096.1,4668273.2],[570106.6,4668271.3],[570118.6,4668270.5],[570123.9,4668275.3],[570129.5,4668284.3],[570129.7,4668291.6],[570126.0,4668300.2],[570118.5,4668307.6],[570109.5,4668316.3],[570097.8,4668335.8],[570087.6,4668347.0],[570070.3,4668361.0],[570057.9,4668366.2],[570048.9,4668369.2],[570038.6,4668366.5],[570031.4,4668364.7],[570021.2,4668366.0],[570013.3,4668366.5],[570010.1,4668367.5],[570008.4,4668368.3],[570005.7,4668366.8],[570005.7,4668363.7],[570006.0,4668358.7],[570004.6,4668350.1],[569983.1,4668324.8],[569977.4,4668317.0],[569979.0,4668311.7],[569980.7,4668308.4],[569984.5,4668307.5],[569988.9,4668307.0],[570003.9,4668297.7],[570011.2,4668297.9],[570012.6,4668295.7],[570015.9,4668293.5],[570024.7,4668289.8],[570032.9,4668287.2],[570036.5,4668290.0],[570041.4,4668291.3],[570045.4,4668289.8],[570049.1,4668286.8],[570049.8,4668283.6],[570043.8,4668276.2],[570037.0,4668268.6],[570032.1,4668264.8],[570031.7,4668260.9],[570030.8,4668260.0],[570028.8,4668260.5],[570027.0,4668261.0],[570023.1,4668256.4],[570020.7,4668250.4],[570024.0,4668248.2],[570027.8,4668247.2]]]},"properties":{"kind":"lake","name":"Grill Lake","osmId":208742264}},{"type":"Feature","geometry":{"type":"Polygon","coordinates":[[[570008.2,4672221.7],[570022.2,4672238.2],[570030.9,4672272.0],[570047.1,4672308.0],[570045.1,4672318.4],[570035.5,4672329.1],[570028.4,4672335.1],[570019.9,4672329.6],[570008.8,4672349.2],[569992.2,4672355.5],[569979.6,4672376.9],[569967.2,4672382.9],[569949.6,4672378.2],[569938.2,4672321.4],[569941.8,4672290.1],[569938.8,4672251.7],[569946.0,4672238.2],[569959.3,4672227.3],[569966.3,4672224.6],[569976.4,4672220.6],[569993.4,4672216.3],[570008.2,4672221.7]]]},"properties":{"kind":"lake","name":"Leach Lake","osmId":214275355}},{"type":"Feature","geometry":{"type":"Polygon","coordinates":[[[565760.1,4667794.1],[565765.3,4667792.7],[565773.4,4667808.6],[565785.6,4667821.7],[565796.9,4667829.9],[565808.3,4667834.3],[565815.4,4667831.3],[565822.6,4667835.1],[565825.6,4667842.9],[565832.8,4667844.8],[565846.9,4667856.5],[565859.0,4667887.4],[565864.8,4667917.2],[565870.2,4667957.2],[565872.8,4668001.6],[565874.9,4668039.8],[565869.7,4668043.8],[565862.1,4668031.9],[565860.4,4668032.9],[565846.6,4668010.2],[565840.9,4668010.0],[565835.1,4668003.3],[565831.8,4667993.8],[565824.9,4667985.3],[565811.5,4667977.7],[565803.6,4667956.5],[565796.3,4667953.3],[565785.3,4667919.5],[565782.2,4667902.7],[565771.7,4667868.7],[565756.2,4667835.3],[565754.4,4667823.0],[565752.1,4667816.9],[565749.4,4667810.0],[565751.6,4667796.5],[565760.1,4667794.1]]]},"properties":{"kind":"lake","name":"Notch Lake","osmId":222234283}},{"type":"Feature","geometry":{"type":"Polygon","coordinates":[[[571603.9,4671441.2],[571609.6,4671427.0],[571612.9,4671410.8],[571610.2,4671406.4],[571613.1,4671400.5],[571626.2,4671396.8],[571631.8,4671395.9],[571664.2,4671389.3],[571724.7,4671380.1],[571748.8,4671378.2],[571750.4,4671382.7],[571749.7,4671387.0],[571745.0,4671392.9],[571738.8,4671399.3],[571736.1,4671408.1],[571739.3,4671417.2],[571748.1,4671429.4],[571759.6,4671442.7],[571767.9,4671456.0],[571782.8,4671465.3],[571795.5,4671465.4],[571803.4,4671466.0],[571811.4,4671473.0],[571829.6,4671477.8],[571840.8,4671477.8],[571853.5,4671472.0],[571878.8,4671467.9],[571890.9,4671460.6],[571902.6,4671453.7],[571909.1,4671438.3],[571909.4,4671424.0],[571908.0,4671417.7],[571912.1,4671409.2],[571911.7,4671403.7],[571912.7,4671398.6],[571919.7,4671394.9],[571923.2,4671388.2],[571917.6,4671379.7],[571915.5,4671374.9],[571915.1,4671369.7],[571919.7,4671364.3],[571938.4,4671356.2],[572000.5,4671336.6],[572007.3,4671334.4],[572014.4,4671336.5],[572017.9,4671339.4],[572021.9,4671338.6],[572028.9,4671333.7],[572035.7,4671333.1],[572048.3,4671331.9],[572063.4,4671332.5],[572089.1,4671325.1],[572096.8,4671320.5],[572108.3,4671318.1],[572115.3,4671319.6],[572125.1,4671320.4],[572132.3,4671319.7],[572136.9,4671316.8],[572144.2,4671318.7],[572157.7,4671320.0],[572166.3,4671322.8],[572178.7,4671340.1],[572183.6,4671353.6],[572170.6,4671360.0],[572165.2,4671366.2],[572166.2,4671375.6],[572178.7,4671394.1],[572170.1,4671390.5],[572163.9,4671393.8],[572153.8,4671394.0],[572143.8,4671387.4],[572134.2,4671381.8],[572122.1,4671385.3],[572113.4,4671395.1],[572116.4,4671411.7],[572118.4,4671427.7],[572112.9,4671440.0],[572101.1,4671444.6],[572094.7,4671453.1],[572095.2,4671462.3],[572097.4,4671473.0],[572076.1,4671494.4],[572054.0,4671507.8],[572046.6,4671516.4],[572034.0,4671526.1],[572011.5,4671531.2],[571989.4,4671532.0],[571963.5,4671538.6],[571916.2,4671569.5],[571905.6,4671604.0],[571892.6,4671619.7],[571875.3,4671622.9],[571878.3,4671613.8],[571869.9,4671612.7],[571856.6,4671623.0],[571791.9,4671587.9],[571734.5,4671561.1],[571707.9,4671543.4],[571687.7,4671514.1],[571665.1,4671499.1],[571634.0,4671488.4],[571606.3,4671470.3],[571599.0,4671457.8],[571603.9,4671441.2]]]},"properties":{"kind":"lake","name":"Rip Van Winkle Lake","osmId":223366338}},{"type":"Feature","geometry":{"type":"Polygon","coordinates":[[[569587.9,4673184.0],[569579.2,4673174.0],[569577.9,4673164.4],[569581.7,4673158.6],[569596.3,4673147.6],[569600.1,4673139.1],[569606.2,4673131.3],[569612.2,4673131.2],[569615.2,4673139.2],[569621.6,4673144.5],[569631.8,4673147.2],[569642.1,4673149.5],[569670.2,4673150.1],[569691.2,4673154.1],[569697.0,4673157.5],[569695.3,4673167.7],[569688.9,4673183.1],[569677.2,4673204.3],[569667.7,4673209.9],[569657.9,4673206.8],[569645.5,4673197.5],[569629.6,4673191.5],[569615.1,4673187.7],[569598.8,4673186.7],[569587.9,4673184.0]]]},"properties":{"kind":"lake","name":"Tannersville Reservoirs","osmId":226617329}},{"type":"Feature","geometry":{"type":"Polygon","coordinates":[[[569334.2,4673679.3],[569314.5,4673639.6],[569319.7,4673564.5],[569327.9,4673495.0],[569361.3,4673487.8],[569457.6,4673498.3],[569481.3,4673500.9],[569421.4,4673641.3],[569440.6,4673672.2],[569464.8,4673706.3],[569491.7,4673717.2],[569522.7,4673703.1],[569545.2,4673712.1],[569551.0,4673768.5],[569478.9,4673809.2],[569440.3,4673830.7],[569406.4,4673819.9],[569397.5,4673817.0],[569411.3,4673777.2],[569391.0,4673731.9],[569352.2,4673706.4],[569334.2,4673679.3]]]},"properties":{"kind":"lake","name":"Tannersville Reservoirs","osmId":226617330}},{"type":"Feature","geometry":{"type":"Polygon","coordinates":[[[569881.6,4673325.8],[569907.2,4673356.7],[569910.0,4673360.2],[569897.5,4673366.2],[569883.7,4673370.2],[569872.0,4673378.3],[569865.5,4673387.1],[569858.2,4673396.0],[569850.1,4673395.9],[569851.2,4673381.6],[569856.5,4673369.6],[569870.0,4673332.8],[569881.6,4673325.8]]]},"properties":{"kind":"lake","name":"Tannersville Reservoirs","osmId":226617331}},{"type":"Feature","geometry":{"type":"Polygon","coordinates":[[[570217.6,4673113.5],[570191.6,4673084.9],[570167.3,4673071.3],[570174.6,4673057.7],[570184.8,4673060.4],[570183.2,4673036.9],[570240.0,4673012.2],[570270.3,4673007.2],[570303.4,4673031.0],[570305.6,4673079.4],[570280.4,4673104.4],[570217.6,4673113.5]]]},"properties":{"kind":"lake","name":null,"osmId":226617337}},{"type":"Feature","geometry":{"type":"LineString","coordinates":[[565334.7,4672992.1],[565324.7,4673007.5],[565312.1,4673018.5],[565306.5,4673022.9],[565288.2,4673037.4],[565239.4,4673074.4],[565220.4,4673087.0],[565200.9,4673099.3],[565197.9,4673101.0],[565167.6,4673117.9],[565132.9,4673136.5],[565128.3,4673138.9],[565106.1,4673149.3],[565097.8,4673152.3],[565092.6,4673154.1],[565074.2,4673159.1],[565069.3,4673160.5],[565029.6,4673171.0],[564993.3,4673182.8],[564952.8,4673197.6],[564882.0,4673222.4],[564876.8,4673224.2],[564859.3,4673230.6],[564790.0,4673255.9],[564735.8,4673275.2],[564718.5,4673281.4],[564692.4,4673291.9],[564673.8,4673302.1],[564648.8,4673319.2],[564604.7,4673356.4],[564584.4,4673377.0],[564559.6,4673404.4],[564524.1,4673439.6],[564513.2,4673451.5],[564479.8,4673488.6],[564463.4,4673506.7],[564436.7,4673536.2],[564405.2,4673571.7],[564369.5,4673607.6],[564337.0,4673635.8]]},"properties":{"kind":"road","name":"Riverside Drive","osmId":235649047}},{"type":"Feature","geometry":{"type":"LineString","coordinates":[[571449.3,4664489.9],[571454.0,4664496.5],[571457.0,4664502.7],[571460.9,4664508.5],[571464.4,4664513.6],[571468.0,4664516.7],[571472.4,4664517.8],[571477.4,4664518.3],[571482.4,4664521.9],[571486.4,4664527.4],[571488.5,4664533.9],[571491.2,4664540.9],[571492.6,4664549.1],[571493.1,4664557.8],[571492.5,4664563.4],[571489.7,4664568.7],[571487.5,4664578.4],[571487.1,4664587.0],[571489.8,4664596.3],[571491.7,4664608.6],[571495.2,4664617.0],[571498.5,4664620.8],[571502.0,4664622.9],[571507.7,4664624.2],[571514.9,4664625.6],[571522.5,4664627.7],[571530.3,4664629.5],[571535.4,4664633.6],[571540.7,4664637.2],[571547.4,4664638.5],[571553.8,4664640.9],[571558.6,4664642.1],[571564.9,4664641.6],[571568.5,4664641.0],[571572.8,4664642.1],[571575.6,4664644.7],[571579.0,4664647.2],[571583.4,4664647.9],[571588.6,4664647.5],[571594.0,4664647.6],[571599.1,4664650.4],[571603.9,4664653.8],[571607.7,4664656.3],[571610.2,4664659.4],[571611.7,4664663.3],[571613.7,4664667.1],[571615.5,4664670.2],[571618.2,4664674.2],[571622.1,4664676.3],[571627.7,4664681.1],[571632.4,4664686.1],[571649.3,4664706.0],[571673.7,4664732.0],[571690.2,4664753.9],[571714.5,4664796.4],[571724.8,4664823.7],[571722.8,4664852.9],[571717.5,4664876.6],[571676.0,4664873.4],[571664.4,4664881.8],[571652.6,4664884.5],[571642.0,4664886.9],[571627.1,4664896.5],[571610.1,4664889.5],[571586.1,4664904.8],[571542.4,4664928.6],[571505.2,4664957.1],[571494.4,4664972.7],[571519.5,4665004.8],[571520.8,4665028.9],[571527.2,4665059.3],[571526.1,4665091.5],[571517.2,4665121.8],[571508.4,4665150.5],[571514.0,4665166.0],[571532.5,4665208.7],[571525.0,4665217.7],[571522.7,4665242.3],[571523.4,4665269.5],[571536.0,4665290.5],[571561.9,4665316.9],[571571.9,4665334.0],[571566.2,4665342.5],[571562.7,4665347.6],[571553.2,4665364.0],[571546.1,4665391.9],[571545.8,4665417.6],[571561.1,4665466.4],[571574.6,4665488.8],[571576.8,4665492.5],[571581.9,4665519.9],[571579.7,4665534.9],[571579.8,4665544.1],[571599.7,4665562.8],[571629.2,4665577.7],[571637.2,4665592.5],[571638.3,4665606.2],[571634.0,4665616.5],[571609.6,4665633.4],[571599.7,4665657.1],[571593.1,4665701.8],[571594.5,4665747.1],[571593.5,4665788.0],[571595.6,4665825.3],[571602.2,4665866.3],[571608.6,4665895.3],[571605.3,4665922.8],[571608.2,4665957.4],[571616.7,4665996.6],[571616.4,4666024.7],[571629.8,4666058.9],[571638.4,4666084.4],[571630.4,4666104.4],[571643.9,4666120.6],[571650.7,4666144.5],[571657.3,4666178.6],[571669.9,4666213.5],[571681.7,4666236.7],[571674.8,4666254.8],[571673.3,4666273.3],[571640.7,4666330.2],[571635.8,4666364.5],[571629.0,4666396.5],[571624.4,4666423.3],[571610.5,4666446.4],[571606.2,4666478.2],[571605.7,4666527.2],[571600.9,4666559.7],[571602.2,4666568.5],[571603.7,4666577.9],[571607.2,4666586.5],[571611.6,4666591.6],[571617.1,4666594.7],[571622.6,4666596.5],[571635.0,4666603.1],[571646.0,4666612.8],[571657.0,4666620.3],[571667.9,4666626.0],[571677.3,4666629.9],[571687.9,4666633.6],[571698.0,4666635.0],[571706.8,4666637.2],[571713.2,4666642.8],[571719.2,4666649.9],[571721.9,4666657.5],[571723.4,4666668.1],[571726.4,4666682.9],[571751.5,4666725.3],[571774.7,4666777.9],[571784.7,4666797.9],[571784.7,4666829.1],[571777.8,4666851.2],[571773.1,4666876.3],[571769.2,4666905.4],[571783.1,4666909.2],[571802.9,4666919.2]]},"properties":{"kind":"trail","name":"Pecoy Notch Trail","osmId":238522991}},{"type":"Feature","geometry":{"type":"LineString","coordinates":[[565088.0,4665633.2],[565055.5,4665620.6],[565029.1,4665597.4],[564997.6,4665585.9],[564975.6,4665570.4],[564960.8,4665548.2],[564943.0,4665533.8],[564913.0,4665515.8],[564868.9,4665498.6],[564851.3,4665479.9],[564818.8,4665454.7],[564807.8,4665436.7],[564804.3,4665416.3],[564790.4,4665402.5],[564766.6,4665403.9],[564740.6,4665410.7],[564713.3,4665400.8],[564681.4,4665391.6],[564671.1,4665387.4],[564647.3,4665366.9],[564626.4,4665355.1],[564600.8,4665340.7],[564571.6,4665335.1],[564537.8,4665322.6],[564521.2,4665317.0],[564502.7,4665305.3],[564479.8,4665289.2],[564457.7,4665279.3],[564435.5,4665275.6],[564419.4,4665275.6],[564403.7,4665271.7],[564371.0,4665260.0],[564357.6,4665244.8],[564351.8,4665217.0],[564337.7,4665200.2],[564308.6,4665195.8],[564290.2,4665188.9],[564259.7,4665185.8],[564239.2,4665171.4],[564217.0,4665148.6],[564191.3,4665113.6],[564173.8,4665104.8],[564155.8,4665103.6],[564121.9,4665100.1],[564093.8,4665097.3],[564070.4,4665090.1],[564044.5,4665083.8],[564017.6,4665083.2],[563997.3,4665073.2],[563991.5,4665059.3],[563987.0,4665025.4],[563979.4,4665006.3],[563964.7,4665000.0],[563933.9,4664991.4],[563872.0,4664954.5],[563830.1,4664942.4],[563808.0,4664931.6],[563777.1,4664920.8],[563749.9,4664895.3],[563724.3,4664879.8],[563701.7,4664862.4],[563682.6,4664857.6],[563648.3,4664861.7],[563604.2,4664871.6],[563580.8,4664863.2],[563557.3,4664834.7],[563546.0,4664818.9],[563535.3,4664816.0],[563522.5,4664820.5],[563505.3,4664832.8],[563496.1,4664848.1],[563448.5,4664869.9],[563416.6,4664868.3],[563384.3,4664853.6],[563367.9,4664843.2],[563323.7,4664821.3],[563294.7,4664784.0],[563275.6,4664745.6],[563264.2,4664732.8],[563247.6,4664724.6],[563207.0,4664713.0],[563120.6,4664721.1],[563072.1,4664722.7],[563037.1,4664696.3],[563017.5,4664673.7],[562994.6,4664656.9],[562982.7,4664637.8],[562943.9,4664611.8],[562895.1,4664596.0],[562877.6,4664581.0],[562849.6,4664533.9],[562821.1,4664516.8],[562779.3,4664502.2],[562757.4,4664484.2],[562745.6,4664478.9],[562688.8,4664474.8],[562639.6,4664458.6],[562625.2,4664459.9],[562601.6,4664472.8],[562569.1,4664496.9],[562537.5,4664507.2],[562469.6,4664504.8],[562442.6,4664511.3],[562420.0,4664511.9],[562380.8,4664504.0],[562355.2,4664492.8],[562244.7,4664464.3],[562161.3,4664451.7],[562084.7,4664457.3],[562062.1,4664447.5],[562014.7,4664442.9],[561942.0,4664471.6],[561901.2,4664484.2],[561867.7,4664506.0],[561766.1,4664513.9],[561667.6,4664506.1],[561609.7,4664490.0],[561587.8,4664492.9],[561577.5,4664505.2],[561568.5,4664520.1],[561554.5,4664530.4],[561534.7,4664533.5],[561512.9,4664516.6],[561483.6,4664501.3],[561462.4,4664489.8],[561434.9,4664493.1],[561414.5,4664490.7],[561389.1,4664481.0],[561377.3,4664470.7],[561353.9,4664431.2],[561313.6,4664407.9],[561292.7,4664379.8],[561196.1,4664342.1],[561101.1,4664319.4],[561024.4,4664305.8],[560922.8,4664260.2],[560881.0,4664225.8],[560865.4,4664206.0],[560824.4,4664151.5],[560791.3,4664093.7],[560772.9,4664048.2],[560769.7,4664026.6],[560793.2,4663913.1],[560789.8,4663866.9],[560775.3,4663823.9],[560742.2,4663763.8],[560715.8,4663743.4],[560685.0,4663722.6],[560655.6,4663691.8],[560640.5,4663642.7],[560636.2,4663548.0],[560626.7,4663526.9],[560569.8,4663497.3],[560528.9,4663469.6],[560497.3,4663434.2],[560465.1,4663362.3],[560409.7,4663331.1],[560369.8,4663310.6],[560339.9,4663297.8],[560335.8,4663296.0],[560318.1,4663265.8],[560289.1,4663197.9],[560267.7,4663160.1],[560241.8,4663133.5],[560174.9,4663096.0],[560127.9,4663065.6],[560067.3,4663020.4],[560024.5,4662980.9],[559913.0,4662881.8],[559870.4,4662845.9],[559817.4,4662818.1],[559769.9,4662775.3],[559709.9,4662733.6],[559648.0,4662725.5],[559612.1,4662699.5],[559585.5,4662659.5],[559581.3,4662621.3],[559557.5,4662594.0],[559515.6,4662560.5],[559484.2,4662515.8],[559458.0,4662417.6],[559439.7,4662380.4],[559415.4,4662354.3],[559372.3,4662309.4],[559345.8,4662263.7],[559319.8,4662200.0],[559314.1,4662164.0],[559318.6,4662130.3],[559322.4,4662083.9],[559322.3,4662034.8],[559309.2,4661993.7],[559273.7,4661942.2],[559239.3,4661912.7],[559195.4,4661895.6],[559144.0,4661881.3],[559102.1,4661874.7],[559043.5,4661888.1],[559014.3,4661889.2],[558968.1,4661880.2],[558945.6,4661871.3],[558911.9,4661850.5],[558879.9,4661824.1],[558871.0,4661805.4],[558826.5,4661764.9],[558778.8,4661744.5],[558738.3,4661736.7],[558687.8,4661737.6],[558660.7,4661730.3],[558619.1,4661712.2],[558606.5,4661700.9],[558566.8,4661672.1],[558521.4,4661628.4],[558500.7,4661603.1],[558489.9,4661598.4],[558477.6,4661584.3],[558456.7,4661580.0],[558429.9,4661577.7],[558406.5,4661582.7],[558370.8,4661585.6],[558328.5,4661583.0],[558302.0,4661577.0],[558274.6,4661562.0],[558243.1,4661528.2],[558196.5,4661508.4],[558178.1,4661497.2],[558164.3,4661472.0],[558163.7,4661438.2],[558169.1,4661417.7],[558172.9,4661374.1],[558167.8,4661361.6],[558154.9,4661344.9],[558136.4,4661335.8],[558119.1,4661330.7],[558078.5,4661344.2],[558034.9,4661354.4],[558007.6,4661354.6],[557988.2,4661345.6],[557952.2,4661313.2],[557925.8,4661285.5],[557896.6,4661271.6],[557862.7,4661263.7],[557837.8,4661249.5],[557789.0,4661217.8],[557755.6,4661196.2],[557722.1,4661179.7],[557680.0,4661172.7],[557663.9,4661177.4],[557653.0,4661185.9],[557625.8,4661216.9],[557596.5,4661256.1],[557573.8,4661271.1],[557548.8,4661274.5],[557525.1,4661272.0],[557500.9,4661256.9],[557489.8,4661238.0],[557479.4,4661201.8],[557469.6,4661156.1],[557462.8,4661132.4],[557446.5,4661115.1],[557431.4,4661107.4],[557417.1,4661106.9],[557394.5,4661116.9],[557375.8,4661131.6],[557362.2,4661145.1],[557341.0,4661152.2],[557310.9,4661167.4],[557272.9,4661191.6],[557168.9,4661238.6],[557132.0,4661246.7],[557098.7,4661248.2],[557065.1,4661254.1],[557032.4,4661269.1],[557000.8,4661292.0],[556973.6,4661335.1],[556952.1,4661361.6],[556933.2,4661383.0],[556913.9,4661402.2],[556903.4,4661405.7],[556891.7,4661401.1],[556863.6,4661375.3],[556828.9,4661352.4],[556795.2,4661298.6],[556746.3,4661265.8],[556716.8,4661219.5],[556695.4,4661195.5],[556681.2,4661169.1],[556657.6,4661140.7],[556632.3,4661120.0],[556620.2,4661105.1],[556605.5,4661075.4],[556571.0,4661030.3],[556546.2,4660996.6],[556539.4,4660988.1],[556513.5,4660957.1],[556479.9,4660919.3],[556422.0,4660824.0],[556392.5,4660783.6],[556379.2,4660746.1],[556354.9,4660683.1],[556329.7,4660620.6],[556294.3,4660581.6],[556275.5,4660542.8],[556253.7,4660469.2],[556237.0,4660416.8],[556221.5,4660370.0],[556204.8,4660328.1],[556154.8,4660206.3],[556140.8,4660159.0],[556142.8,4660106.1],[556159.4,4659996.0],[556164.9,4659942.6],[556175.1,4659896.9],[556187.7,4659873.2],[556202.9,4659850.3],[556315.8,4659733.7],[556374.1,4659667.7],[556392.0,4659625.4],[556396.9,4659597.4],[556394.3,4659560.2],[556388.7,4659524.7],[556392.3,4659499.7],[556399.8,4659474.0],[556465.6,4659384.9],[556507.1,4659331.8],[556542.4,4659285.8],[556585.8,4659242.4],[556638.7,4659174.7],[556708.2,4659086.9],[556746.7,4659049.2],[556759.6,4659044.4],[556774.5,4659046.4]]},"properties":{"kind":"stream","name":"Stony Clove Creek","osmId":240741814}},{"type":"Feature","geometry":{"type":"LineString","coordinates":[[569329.3,4665123.1],[569337.8,4665129.8],[569344.5,4665134.8],[569354.4,4665141.4],[569363.7,4665147.0],[569368.4,4665150.7],[569374.5,4665153.1],[569380.1,4665155.8],[569388.2,4665163.0],[569396.1,4665171.0],[569402.8,4665180.5],[569410.5,4665186.3],[569417.0,4665189.8],[569421.5,4665193.6],[569424.0,4665199.3],[569425.0,4665203.8],[569430.4,4665209.4],[569442.1,4665219.3],[569483.5,4665253.3],[569497.8,4665248.9],[569515.1,4665248.8],[569542.4,4665266.3],[569585.1,4665291.0],[569624.1,4665337.0],[569669.6,4665362.1],[569711.1,4665375.4],[569731.3,4665436.0],[569731.4,4665478.4],[569769.1,4665520.3],[569795.1,4665537.4],[569829.0,4665557.6],[569874.1,4665547.9],[569921.9,4665543.4],[569972.3,4665548.4],[569995.7,4665557.7],[570000.5,4665563.6],[570005.2,4665591.9],[570001.2,4665616.6],[570001.0,4665643.2],[569997.9,4665665.3],[569991.2,4665710.3],[570003.2,4665730.6],[570020.5,4665749.4],[570029.7,4665781.2],[570038.2,4665809.7],[570034.8,4665824.0],[570049.6,4665845.2],[570063.1,4665848.4],[570079.4,4665844.6],[570083.9,4665838.3],[570090.8,4665829.9],[570088.7,4665822.1],[570091.0,4665809.1],[570123.5,4665846.3],[570136.4,4665875.7],[570168.9,4665908.6],[570186.3,4665935.9],[570230.0,4665977.4],[570258.0,4666012.0],[570268.1,4666015.9],[570283.7,4666031.7],[570315.0,4666046.4],[570333.1,4666071.2],[570361.2,4666094.8],[570379.2,4666124.6],[570443.5,4666185.0],[570490.5,4666215.1],[570507.5,4666222.9],[570539.6,4666227.4],[570606.0,4666270.1],[570671.3,4666294.0],[570707.8,4666297.3],[570748.2,4666293.1],[570801.4,4666272.4],[570817.1,4666278.5],[570815.7,4666293.8],[570798.3,4666333.0],[570801.1,4666366.0],[570769.1,4666411.0],[570770.3,4666420.8],[570796.0,4666432.5],[570823.3,4666413.7],[570846.7,4666406.7],[570874.8,4666377.0],[570888.7,4666370.3],[570899.4,4666371.7],[570901.8,4666384.9],[570895.2,4666415.3],[570896.1,4666447.5],[570881.2,4666488.8],[570853.8,4666521.2],[570801.0,4666565.1],[570807.0,4666594.8],[570795.5,4666608.3],[570793.5,4666624.4],[570832.9,4666650.2],[570883.1,4666733.7],[570889.9,4666748.2],[570888.6,4666758.3],[570868.3,4666768.3],[570866.3,4666782.3],[570892.5,4666809.6],[570920.8,4666813.3],[570953.0,4666805.6],[570981.3,4666817.3],[571011.6,4666810.4],[571037.1,4666786.1],[571061.8,4666775.7],[571093.2,4666785.4],[571103.3,4666782.1],[571189.3,4666694.0],[571205.2,4666684.4],[571221.6,4666681.2],[571235.4,4666686.0],[571270.8,4666680.0],[571317.4,4666686.0],[571359.8,4666665.2],[571408.5,4666656.0],[571410.3,4666641.1],[571422.4,4666642.8],[571433.7,4666643.3],[571445.2,4666644.6],[571454.9,4666646.4],[571463.8,4666644.8],[571474.7,4666641.8],[571487.5,4666635.7],[571500.0,4666630.7],[571513.3,4666628.9],[571525.3,4666625.9],[571542.9,4666622.6],[571556.8,4666620.0],[571565.2,4666618.7],[571576.4,4666614.6],[571586.2,4666611.1],[571595.9,4666605.1],[571602.3,4666599.7],[571611.6,4666591.6]]},"properties":{"kind":"trail","name":"Mink Hollow Trail","osmId":284534724}},{"type":"Feature","geometry":{"type":"LineString","coordinates":[[569239.2,4665214.5],[569212.5,4665180.6],[569198.7,4665160.6],[569190.8,4665139.9],[569186.2,4665114.5],[569184.8,4665065.6],[569170.7,4665022.2],[569167.8,4664982.8],[569162.4,4664960.3],[569138.7,4664925.2],[569133.9,4664914.0],[569133.0,4664884.6],[569110.3,4664847.3],[569081.5,4664762.5],[569072.8,4664724.5],[569052.1,4664661.2],[569040.6,4664594.9],[569007.9,4664539.5],[568991.2,4664487.6],[568952.1,4664421.6],[568926.5,4664381.6],[568913.0,4664349.7],[568900.0,4664299.9],[568896.3,4664253.4],[568879.3,4664212.1],[568859.0,4664184.0],[568858.9,4664182.7],[568857.4,4664160.2],[568835.2,4664126.8],[568815.8,4664084.2],[568804.9,4664048.0],[568794.8,4663994.9],[568788.3,4663935.3],[568761.6,4663860.2],[568756.8,4663796.7],[568763.3,4663758.3],[568773.4,4663723.1],[568771.0,4663705.9],[568765.5,4663680.8],[568742.6,4663647.4],[568737.6,4663587.0],[568737.2,4663554.3],[568743.4,4663530.2],[568744.8,4663492.0],[568741.4,4663472.2],[568722.3,4663452.7],[568719.5,4663447.7],[568715.9,4663441.4],[568710.7,4663388.3],[568710.6,4663366.9],[568705.2,4663335.0],[568684.6,4663313.5],[568679.2,4663279.1],[568678.7,4663254.1],[568682.0,4663236.9],[568701.5,4663210.0],[568708.6,4663193.0],[568708.9,4663094.4],[568730.6,4663043.1],[568733.5,4663009.3],[568738.3,4663003.0],[568730.0,4662980.2],[568730.7,4662941.2],[568728.0,4662908.2],[568718.8,4662874.3],[568724.2,4662823.1],[568721.5,4662805.9],[568716.2,4662790.2],[568703.5,4662774.4],[568677.4,4662743.9],[568673.4,4662728.0],[568669.9,4662686.8],[568659.6,4662664.7],[568639.0,4662644.4],[568636.2,4662638.4],[568641.1,4662628.1],[568640.1,4662579.7],[568629.8,4662541.4],[568621.1,4662492.9],[568589.7,4662459.3],[568577.7,4662443.5],[568571.6,4662416.7],[568568.1,4662381.4],[568554.4,4662356.8],[568545.1,4662335.5],[568585.1,4662250.9],[568571.0,4662147.4],[568572.0,4662124.2],[568578.4,4662096.1],[568582.3,4662065.4],[568579.8,4662054.2],[568570.6,4662044.3],[568556.7,4662025.1],[568540.0,4662008.8],[568534.9,4661998.7],[568534.0,4661981.7],[568528.7,4661972.1],[568532.0,4661947.3],[568534.3,4661925.0],[568536.3,4661914.5],[568535.5,4661900.8],[568530.2,4661888.4],[568524.3,4661867.6],[568518.5,4661834.7],[568504.6,4661791.8],[568507.9,4661769.0],[568513.5,4661749.3],[568511.5,4661731.1],[568511.5,4661711.7],[568509.9,4661695.1]]},"properties":{"kind":"trail","name":"Mink Hollow Trail","osmId":284534726}},{"type":"Feature","geometry":{"type":"LineString","coordinates":[[569232.9,4665495.2],[569246.3,4665472.4],[569242.1,4665457.7],[569241.7,4665444.5],[569245.2,4665430.2]]},"properties":{"kind":"trail","name":null,"osmId":284534734}},{"type":"Feature","geometry":{"type":"LineString","coordinates":[[570109.4,4664711.1],[570112.3,4664697.7],[570104.3,4664684.3],[570102.7,4664668.0],[570103.3,4664653.9]]},"properties":{"kind":"trail","name":null,"osmId":284534736}},{"type":"Feature","geometry":{"type":"LineString","coordinates":[[567421.9,4666353.3],[567386.7,4666318.1],[567357.6,4666307.8],[567345.2,4666300.5],[567330.3,4666293.1],[567319.4,4666282.1],[567303.0,4666282.8],[567277.6,4666281.5],[567257.8,4666271.7],[567241.5,4666265.0],[567224.8,4666260.1],[567215.1,4666246.4],[567202.9,4666233.3],[567190.4,4666224.9],[567176.6,4666213.8],[567160.6,4666196.3],[567149.1,4666188.3],[567129.9,4666179.9],[567108.2,4666164.9],[567061.8,4666146.9],[567032.6,4666129.8],[566993.7,4666121.6],[566960.1,4666113.7],[566930.6,4666098.2],[566916.1,4666083.4],[566896.0,4666080.3],[566882.5,4666068.2],[566860.6,4666065.5],[566843.9,4666055.8],[566822.2,4666053.3],[566801.9,4666043.3],[566791.2,4666029.5],[566777.3,4666025.4],[566770.6,4666015.8],[566758.7,4666009.1],[566741.6,4665995.2],[566723.9,4665987.0],[566715.7,4665983.2],[566713.8,4665972.1],[566704.5,4665957.2],[566693.3,4665953.5],[566677.5,4665943.3],[566656.5,4665922.9],[566633.7,4665915.4],[566624.4,4665902.5],[566609.3,4665890.0],[566597.9,4665887.9],[566585.0,4665888.9],[566575.2,4665879.5],[566568.1,4665875.6],[566547.2,4665879.8],[566537.5,4665877.3],[566497.9,4665887.8],[566474.3,4665886.9],[566461.2,4665873.5],[566453.8,4665872.1],[566416.8,4665889.2],[566388.0,4665880.0],[566364.7,4665879.3],[566349.1,4665874.6],[566313.9,4665856.4],[566284.4,4665842.8],[566256.4,4665836.2],[566239.7,4665839.5],[566219.6,4665848.2],[566207.0,4665844.6],[566175.1,4665844.3],[566145.4,4665855.8],[566139.9,4665867.9],[566128.3,4665876.0],[566116.8,4665878.1],[566103.6,4665862.8],[566071.3,4665843.4],[566040.5,4665846.3],[566023.2,4665840.0],[566005.4,4665841.3],[565980.8,4665854.0],[565958.0,4665864.0],[565951.3,4665864.9],[565930.8,4665854.2],[565874.9,4665849.0],[565852.8,4665844.1],[565830.0,4665823.8],[565796.0,4665802.1],[565788.7,4665779.5],[565782.1,4665767.1],[565764.3,4665763.2],[565743.4,4665769.5],[565707.3,4665757.0],[565689.1,4665740.9],[565663.6,4665739.8],[565639.0,4665744.7],[565600.5,4665739.6],[565552.6,4665743.2],[565543.1,4665738.0],[565532.4,4665718.3],[565514.4,4665705.2],[565477.2,4665691.7],[565446.8,4665677.3],[565431.8,4665669.3],[565417.8,4665663.5],[565403.7,4665663.0],[565392.8,4665654.2],[565354.8,4665655.7],[565333.5,4665651.5],[565321.9,4665651.2],[565305.2,4665645.0],[565294.6,4665642.7],[565287.1,4665642.6],[565276.4,4665640.8],[565272.0,4665640.7],[565265.8,4665638.5],[565255.6,4665637.1],[565242.9,4665640.7],[565220.0,4665630.0],[565211.3,4665629.0],[565203.8,4665632.6],[565196.5,4665640.3],[565188.0,4665642.2],[565178.4,4665638.8],[565160.2,4665625.6],[565150.7,4665621.9],[565136.1,4665622.3],[565118.1,4665625.4],[565100.3,4665631.6],[565088.0,4665633.2]]},"properties":{"kind":"stream","name":null,"osmId":285951318}},{"type":"Feature","geometry":{"type":"LineString","coordinates":[[566434.2,4666747.0],[566403.0,4666740.7],[566362.3,4666729.8],[566307.4,4666722.2],[566249.6,4666708.3],[566227.2,4666694.7],[566207.0,4666696.0],[566200.1,4666695.7],[566178.4,4666691.2],[566130.6,4666676.3],[566089.3,4666663.1],[566055.1,4666643.2],[566030.9,4666625.2],[565986.3,4666611.0],[565957.1,4666601.1],[565912.4,4666580.1],[565867.9,4666565.5],[565809.5,4666554.0],[565765.3,4666566.9],[565725.6,4666562.0],[565686.0,4666553.4],[565654.3,4666556.9],[565615.7,4666563.5],[565577.1,4666594.2],[565539.8,4666599.9],[565505.9,4666612.4],[565473.2,4666631.4],[565441.8,4666655.2],[565405.4,4666649.4],[565386.2,4666657.7],[565374.2,4666660.6]]},"properties":{"kind":"stream","name":null,"osmId":285951319}},{"type":"Feature","geometry":{"type":"LineString","coordinates":[[565604.7,4665069.9],[565588.7,4665075.0],[565569.1,4665079.3],[565546.0,4665088.8],[565534.4,4665097.5],[565507.6,4665115.8],[565491.5,4665129.8],[565471.0,4665149.0],[565453.9,4665170.1],[565433.3,4665192.9],[565407.3,4665220.0],[565396.5,4665237.6],[565383.9,4665257.8],[565370.5,4665275.3],[565356.0,4665306.1],[565347.6,4665336.9],[565334.9,4665350.8],[565320.9,4665352.2],[565299.5,4665373.6],[565289.1,4665398.3],[565285.3,4665430.0],[565249.5,4665456.6],[565228.1,4665476.3],[565219.5,4665487.7],[565198.4,4665506.3],[565188.4,4665510.6]]},"properties":{"kind":"stream","name":null,"osmId":285951321}},{"type":"Feature","geometry":{"type":"LineString","coordinates":[[566337.1,4665347.7],[566268.4,4665407.4],[566246.9,4665424.9],[566204.1,4665449.2],[566182.5,4665484.3],[566148.5,4665514.0],[566132.3,4665545.7],[566101.9,4665575.4],[566078.4,4665619.4],[566056.8,4665652.8],[566014.5,4665681.6],[566006.0,4665703.7],[565995.9,4665717.5],[565949.0,4665722.6],[565917.3,4665748.2],[565894.3,4665747.3],[565878.2,4665734.8],[565821.0,4665719.9],[565787.7,4665701.7],[565773.0,4665708.2],[565723.9,4665701.9],[565706.0,4665705.2],[565683.4,4665721.6],[565663.6,4665739.8]]},"properties":{"kind":"stream","name":null,"osmId":285951322}},{"type":"Feature","geometry":{"type":"LineString","coordinates":[[564972.2,4667712.9],[564983.0,4667691.8],[564998.0,4667678.2],[565010.3,4667654.5],[565017.8,4667629.2],[565020.8,4667612.8],[565028.5,4667587.9],[565051.8,4667551.7],[565085.6,4667509.2],[565100.5,4667488.2],[565116.4,4667474.0],[565154.8,4667458.1],[565184.4,4667434.4],[565202.6,4667426.8],[565207.1,4667413.2],[565228.9,4667404.9],[565238.4,4667389.5],[565266.6,4667377.3],[565269.3,4667370.1],[565277.4,4667365.6],[565287.9,4667343.6],[565306.2,4667336.1],[565317.9,4667320.2],[565332.3,4667287.2],[565351.5,4667257.4],[565372.5,4667231.7],[565381.5,4667199.2],[565399.0,4667174.7],[565407.9,4667164.2],[565418.6,4667159.0],[565436.5,4667143.3],[565454.3,4667134.6],[565457.3,4667104.9],[565499.1,4667100.8],[565518.7,4667085.2],[565538.7,4667094.2]]},"properties":{"kind":"stream","name":null,"osmId":285951323}},{"type":"Feature","geometry":{"type":"LineString","coordinates":[[565397.0,4666763.0],[565393.8,4666762.2],[565389.3,4666751.1],[565374.0,4666729.6],[565369.4,4666703.5],[565354.0,4666667.3],[565349.8,4666654.7],[565337.7,4666614.2],[565330.8,4666597.4],[565323.8,4666579.6],[565323.1,4666560.2],[565318.6,4666532.6],[565304.1,4666506.1],[565287.6,4666472.4],[565276.3,4666450.2],[565273.0,4666423.7],[565265.2,4666405.1],[565261.3,4666383.0],[565258.6,4666375.4],[565249.5,4666352.6],[565241.3,4666347.0],[565238.5,4666331.8],[565240.2,4666296.5],[565242.9,4666266.6],[565241.3,4666249.9],[565232.3,4666221.9],[565222.6,4666210.4],[565211.3,4666187.3],[565187.6,4666158.8],[565173.6,4666137.5],[565150.9,4666102.8],[565140.4,4666085.9],[565128.1,4666080.5],[565103.2,4666065.1],[565080.4,4666053.6],[565062.0,4666035.7],[565052.5,4666003.8],[565053.7,4665975.6],[565053.7,4665948.3],[565059.4,4665926.2],[565059.4,4665904.2],[565065.2,4665878.5],[565066.3,4665859.1],[565071.6,4665831.0],[565072.1,4665807.0],[565074.8,4665796.4],[565075.5,4665781.0]]},"properties":{"kind":"stream","name":"Edgewood Stream","osmId":285951324}},{"type":"Feature","geometry":{"type":"LineString","coordinates":[[566428.0,4667507.8],[566404.6,4667507.1],[566390.0,4667510.0],[566364.0,4667515.4],[566340.1,4667520.9],[566324.9,4667529.2],[566294.5,4667529.5],[566270.6,4667536.9],[566247.6,4667541.6],[566222.7,4667542.6],[566202.7,4667545.9],[566178.0,4667546.2],[566154.2,4667557.0],[566132.8,4667562.6],[566112.0,4667569.6],[566103.4,4667570.0],[566091.1,4667572.7],[566076.2,4667574.6],[566059.3,4667575.7],[566030.0,4667586.1],[566000.8,4667591.0],[565966.3,4667591.5],[565934.0,4667578.1],[565904.6,4667569.7],[565883.0,4667560.7],[565862.7,4667554.8],[565849.1,4667550.8],[565839.6,4667548.1],[565827.0,4667547.5],[565807.0,4667536.5],[565784.5,4667537.2],[565757.1,4667522.1],[565727.2,4667517.9],[565702.8,4667511.4],[565696.1,4667508.4],[565681.0,4667492.4],[565669.8,4667488.8]]},"properties":{"kind":"stream","name":null,"osmId":285951325}},{"type":"Feature","geometry":{"type":"LineString","coordinates":[[564907.3,4663286.3],[564937.5,4663260.8]]},"properties":{"kind":"trail","name":null,"osmId":285960610}},{"type":"Feature","geometry":{"type":"LineString","coordinates":[[567870.5,4665447.4],[567870.3,4665437.8],[567870.5,4665427.1],[567869.3,4665421.9],[567867.6,4665417.5],[567866.7,4665416.2],[567866.5,4665410.2],[567866.1,4665406.3],[567864.5,4665402.7],[567858.8,4665381.0],[567851.7,4665371.9],[567849.5,4665365.8],[567847.6,4665358.1],[567840.9,4665345.9],[567833.5,4665340.3],[567827.7,4665331.3],[567825.4,4665324.7],[567820.8,4665319.7],[567820.3,4665314.7],[567819.1,4665309.9],[567810.5,4665305.1],[567806.2,4665301.7],[567803.5,4665297.3],[567803.3,4665291.9],[567806.8,4665288.1],[567809.1,4665283.9],[567810.4,4665273.5],[567811.7,4665267.2],[567813.5,4665245.3],[567812.4,4665237.0],[567809.3,4665230.0],[567810.0,4665224.7],[567812.1,4665221.4],[567811.7,4665218.1],[567809.9,4665214.3],[567809.3,4665210.2],[567810.1,4665204.1],[567806.0,4665192.0],[567809.2,4665179.2],[567811.8,4665163.8],[567812.2,4665149.5],[567812.4,4665137.8],[567816.3,4665114.8],[567814.0,4665102.3],[567809.4,4665092.1],[567808.8,4665085.1],[567806.9,4665081.6],[567803.4,4665079.4],[567799.4,4665072.4],[567795.4,4665064.8],[567795.7,4665056.8],[567793.5,4665048.1],[567788.2,4665040.2],[567778.4,4665022.3],[567785.9,4665005.6],[567785.5,4664984.4],[567784.3,4664967.7],[567791.7,4664950.3],[567787.3,4664924.4],[567786.2,4664888.1],[567792.2,4664878.4],[567786.1,4664830.0],[567772.5,4664800.8],[567740.4,4664755.7],[567734.5,4664733.6],[567727.9,4664728.5],[567710.1,4664685.9],[567697.5,4664676.7],[567670.0,4664639.6],[567656.9,4664612.2],[567637.5,4664606.0],[567620.6,4664587.2],[567610.1,4664578.0],[567609.6,4664562.5],[567602.1,4664553.7],[567597.7,4664536.2],[567596.9,4664503.9],[567581.4,4664488.1],[567556.5,4664479.9],[567526.3,4664459.0],[567485.9,4664427.9],[567462.8,4664392.1],[567423.4,4664356.5],[567407.4,4664354.6],[567378.4,4664344.1],[567357.8,4664316.9],[567339.6,4664308.1],[567315.1,4664304.8],[567284.9,4664284.1],[567263.2,4664275.6],[567257.2,4664257.3],[567240.4,4664234.0],[567218.4,4664224.7],[567190.4,4664199.4],[567162.6,4664188.1],[567144.4,4664167.0],[567134.3,4664152.0],[567112.8,4664147.5],[567101.1,4664148.6],[567095.4,4664165.2],[567077.7,4664176.4],[567057.9,4664176.1],[567028.3,4664168.9],[566998.5,4664164.9],[566983.6,4664146.2]]},"properties":{"kind":"stream","name":"Warner Creek","osmId":285960614}},{"type":"Feature","geometry":{"type":"Polygon","coordinates":[[[564820.8,4663272.4],[564826.5,4663274.5],[564832.6,4663272.0],[564836.9,4663263.1],[564847.8,4663258.0],[564851.1,4663254.4],[564851.0,4663247.3],[564838.9,4663231.2],[564833.1,4663229.1],[564825.4,4663229.5],[564815.1,4663233.8],[564807.5,4663237.6],[564801.0,4663244.2],[564803.9,4663253.2],[564810.3,4663262.5],[564817.7,4663267.9],[564820.8,4663272.4]]]},"properties":{"kind":"lake","name":null,"osmId":285960625}},{"type":"Feature","geometry":{"type":"LineString","coordinates":[[564962.7,4664559.6],[564960.5,4664549.0],[564956.6,4664536.7],[564949.6,4664526.9],[564949.5,4664507.9],[564950.9,4664492.9],[564954.0,4664477.7],[564956.4,4664449.5],[564967.0,4664414.8],[564967.2,4664386.4],[564968.8,4664353.4],[564963.3,4664287.8],[564950.1,4664244.2],[564949.6,4664216.7],[564957.4,4664207.2],[564954.5,4664185.7],[564953.5,4664160.7],[564957.2,4664105.2],[564964.7,4664083.6],[564964.8,4664048.9],[564955.0,4664023.2],[564941.1,4664007.0],[564930.0,4663996.7],[564921.7,4663985.0],[564917.0,4663940.0],[564911.3,4663906.9],[564898.8,4663882.3],[564897.3,4663860.8],[564906.7,4663838.7],[564903.4,4663830.4],[564899.0,4663810.1],[564905.5,4663779.0],[564909.2,4663753.1],[564907.7,4663724.0],[564900.6,4663700.2],[564886.6,4663659.6],[564840.5,4663629.4],[564835.6,4663609.6],[564821.2,4663598.0],[564795.9,4663588.3],[564773.3,4663579.6],[564772.8,4663551.9],[564758.5,4663528.6],[564749.7,4663493.7],[564751.9,4663485.7],[564744.1,4663475.5],[564745.9,4663460.9],[564737.7,4663444.6],[564722.6,4663435.3],[564722.7,4663414.6],[564717.5,4663405.1],[564706.1,4663388.3],[564690.9,4663368.9],[564681.4,4663338.1],[564681.2,4663309.2],[564692.2,4663290.2],[564712.5,4663275.3],[564709.3,4663249.9]]},"properties":{"kind":"stream","name":null,"osmId":285960628}},{"type":"Feature","geometry":{"type":"Polygon","coordinates":[[[564861.1,4663288.7],[564860.4,4663292.2],[564860.6,4663296.0],[564863.5,4663300.2],[564867.0,4663304.2],[564870.3,4663307.1],[564873.6,4663307.8],[564876.5,4663306.3],[564879.0,4663302.6],[564878.8,4663300.5],[564875.9,4663295.3],[564871.1,4663291.1],[564869.1,4663288.4],[564865.6,4663288.1],[564862.9,4663287.4],[564861.1,4663288.7]]]},"properties":{"kind":"lake","name":null,"osmId":285960636}},{"type":"Feature","geometry":{"type":"LineString","coordinates":[[566983.6,4664146.2],[566961.7,4664105.7],[566939.1,4664082.7],[566912.5,4664060.0],[566889.7,4664054.0],[566883.6,4664021.1],[566883.5,4664001.4],[566885.8,4663985.7],[566882.1,4663949.8],[566863.1,4663933.7],[566837.8,4663921.5],[566825.4,4663908.3],[566806.3,4663899.3],[566780.0,4663893.1],[566749.2,4663881.7],[566718.8,4663871.7],[566685.0,4663875.3],[566672.8,4663871.7],[566669.7,4663858.6],[566656.3,4663839.5],[566627.6,4663825.4],[566567.1,4663813.1],[566534.2,4663804.7],[566509.7,4663810.7],[566483.1,4663813.1],[566456.2,4663798.4],[566422.4,4663783.9],[566383.3,4663768.3],[566342.8,4663768.6],[566324.6,4663766.6],[566293.4,4663754.5],[566266.8,4663748.2],[566249.4,4663744.0],[566222.9,4663724.6],[566194.9,4663738.1],[566174.9,4663741.9],[566154.1,4663752.6],[566147.1,4663766.9],[566145.9,4663783.0],[566117.4,4663822.7],[566087.4,4663833.2],[566057.2,4663831.0],[566028.0,4663820.2],[565996.4,4663825.7],[565976.3,4663838.7],[565954.3,4663847.7],[565932.5,4663843.2],[565915.0,4663826.8],[565886.7,4663781.3],[565855.2,4663760.4],[565830.8,4663756.4],[565802.1,4663733.7],[565781.0,4663710.2],[565766.1,4663709.9],[565741.0,4663717.4],[565728.4,4663713.5],[565684.0,4663680.1],[565656.4,4663675.6],[565628.8,4663678.2],[565602.5,4663692.5],[565586.4,4663693.4],[565571.1,4663684.4],[565544.6,4663665.6],[565522.8,4663643.2],[565503.5,4663628.2],[565475.5,4663623.6],[565440.4,4663630.8],[565413.8,4663629.6],[565374.6,4663633.1],[565350.0,4663626.0],[565330.4,4663622.3],[565307.4,4663622.0],[565284.1,4663612.0],[565269.0,4663597.1],[565246.3,4663574.2],[565228.5,4663561.7],[565211.7,4663553.8],[565199.6,4663533.9],[565175.0,4663497.6],[565169.7,4663487.8],[565156.6,4663467.4],[565150.9,4663451.6],[565131.7,4663438.2],[565105.6,4663425.1],[565082.4,4663422.5],[565059.8,4663423.1],[565051.6,4663432.4],[565041.1,4663446.0],[565026.4,4663451.2],[565020.0,4663453.9],[565004.1,4663455.3],[564983.5,4663450.9],[564969.0,4663444.1],[564952.6,4663438.5],[564926.1,4663434.4],[564904.4,4663431.0],[564879.5,4663416.2],[564854.6,4663396.7],[564832.2,4663375.7],[564819.3,4663368.5],[564808.0,4663363.9],[564781.9,4663360.7],[564772.6,4663357.0],[564763.5,4663348.2],[564760.6,4663326.5],[564758.7,4663302.6],[564746.2,4663268.0],[564739.6,4663257.2],[564725.1,4663251.8],[564709.3,4663249.9],[564695.7,4663242.4],[564670.0,4663232.7],[564641.7,4663234.5],[564634.6,4663229.8],[564626.4,4663215.7],[564620.1,4663190.7],[564623.8,4663167.9],[564639.5,4663150.6],[564655.9,4663150.1],[564670.5,4663150.5],[564685.9,4663136.4],[564685.5,4663120.6],[564675.6,4663102.5],[564652.4,4663087.5],[564622.2,4663076.1],[564610.1,4663061.4],[564608.2,4663042.3],[564592.5,4663021.9],[564579.3,4663013.5],[564572.2,4663004.9],[564562.3,4662981.4],[564559.0,4662969.5],[564554.0,4662952.6],[564545.9,4662934.6],[564542.4,4662919.8],[564531.1,4662901.9],[564524.6,4662890.4],[564520.0,4662871.0],[564526.1,4662854.0],[564520.8,4662835.1],[564514.5,4662827.3],[564501.5,4662813.8],[564490.5,4662798.5],[564481.9,4662796.1],[564469.0,4662779.0],[564465.0,4662769.6],[564465.3,4662760.1],[564459.5,4662752.2],[564456.3,4662733.0],[564443.4,4662712.8],[564434.8,4662690.4],[564432.0,4662683.9],[564419.8,4662666.2],[564395.4,4662646.3],[564384.0,4662637.9],[564372.8,4662619.2],[564361.8,4662607.6],[564352.9,4662584.3],[564343.7,4662570.1],[564338.2,4662563.8],[564330.4,4662546.9],[564314.7,4662538.6],[564296.9,4662538.9],[564283.4,4662541.1],[564274.1,4662550.0],[564263.3,4662562.7],[564228.8,4662566.3],[564210.5,4662572.3],[564182.5,4662570.1],[564162.3,4662565.2],[564146.7,4662551.9],[564133.5,4662530.2],[564118.1,4662501.0],[564107.4,4662490.8],[564104.2,4662477.1],[564105.7,4662458.4],[564092.4,4662428.7],[564070.4,4662389.0],[564070.3,4662370.2],[564072.6,4662339.9],[564087.2,4662309.8],[564090.5,4662295.1],[564085.8,4662283.6],[564072.7,4662273.8],[564063.5,4662266.0],[564052.0,4662256.2],[564044.6,4662250.9],[564034.4,4662244.4],[564021.0,4662238.4],[564006.8,4662236.9],[563995.7,4662231.7],[563982.8,4662228.6],[563972.4,4662227.8],[563957.4,4662235.8],[563938.3,4662238.0],[563927.1,4662247.0],[563919.9,4662255.0],[563901.5,4662258.1],[563892.6,4662253.2],[563878.8,4662234.5],[563870.4,4662210.5],[563860.0,4662202.9],[563838.1,4662198.9],[563813.7,4662197.7],[563787.4,4662188.7],[563771.1,4662177.1],[563762.1,4662169.0],[563739.1,4662140.4],[563719.3,4662120.8],[563706.4,4662108.8],[563695.9,4662106.2],[563673.1,4662123.6],[563651.7,4662123.4],[563597.1,4662117.4],[563587.8,4662119.6],[563559.4,4662141.7],[563541.8,4662145.3],[563527.2,4662142.6],[563519.8,4662134.2],[563513.7,4662121.5],[563503.5,4662103.5],[563491.5,4662093.6],[563459.8,4662069.9],[563442.6,4662063.5],[563427.6,4662052.3],[563397.7,4662041.3],[563371.7,4662027.7],[563347.3,4662019.9],[563328.5,4662017.3],[563297.3,4662019.3],[563283.3,4662029.4],[563262.5,4662049.5],[563248.4,4662066.1],[563223.9,4662088.3],[563206.2,4662106.5],[563169.5,4662118.9],[563160.0,4662126.0],[563143.1,4662131.7],[563117.3,4662129.8],[563087.9,4662124.5],[563047.6,4662112.0],[563020.7,4662108.3],[563000.4,4662115.7],[562988.7,4662132.1],[562992.2,4662150.0],[562985.2,4662174.6],[562972.8,4662203.6],[562964.8,4662240.4],[562953.3,4662252.8],[562937.4,4662250.8],[562926.5,4662243.2],[562912.7,4662220.0],[562894.6,4662196.3],[562868.6,4662185.7],[562853.3,4662182.2],[562832.4,4662176.4],[562810.1,4662179.7],[562788.9,4662177.3],[562769.8,4662179.4],[562751.1,4662182.8],[562739.0,4662192.3],[562718.0,4662213.1],[562702.4,4662222.0],[562688.1,4662224.5],[562670.1,4662221.6],[562655.5,4662215.2],[562645.1,4662206.0],[562633.3,4662196.5],[562626.3,4662184.9],[562607.7,4662174.1],[562572.6,4662150.3],[562555.7,4662140.0],[562529.9,4662136.4],[562506.4,4662141.7],[562491.2,4662143.5],[562479.9,4662145.3],[562467.2,4662143.9],[562452.8,4662135.6],[562436.5,4662123.5],[562424.1,4662114.8],[562408.7,4662107.3],[562384.2,4662097.2],[562370.0,4662091.2],[562354.8,4662074.0],[562348.1,4662059.3],[562336.6,4662042.8],[562323.5,4662026.9],[562320.9,4662024.2],[562303.7,4662001.2],[562280.6,4661976.5],[562265.9,4661971.1],[562234.5,4661971.1],[562201.7,4661969.5],[562186.5,4661958.0],[562156.9,4661935.3],[562134.0,4661930.9],[562089.7,4661938.8],[562062.6,4661944.5],[562040.7,4661951.2],[562016.7,4661959.3],[561995.5,4661971.1],[561972.0,4661981.0],[561948.4,4661980.6],[561923.8,4661975.1],[561893.6,4661977.9],[561837.8,4661970.2],[561823.8,4661969.8],[561807.3,4661964.6],[561787.7,4661952.5],[561783.6,4661945.2],[561781.4,4661931.8],[561783.7,4661922.9],[561796.0,4661921.3],[561802.6,4661919.1],[561804.4,4661912.9],[561804.3,4661889.0],[561800.5,4661868.6],[561791.3,4661857.4],[561772.0,4661849.0],[561746.1,4661847.8],[561729.9,4661853.9],[561722.0,4661859.9],[561693.7,4661859.3],[561661.6,4661861.5],[561633.8,4661855.6],[561594.6,4661852.4],[561582.6,4661860.2],[561561.0,4661870.7],[561537.4,4661877.0],[561524.5,4661874.3],[561497.2,4661858.1],[561477.6,4661844.5],[561454.3,4661832.1],[561432.5,4661839.5],[561414.7,4661852.2],[561401.9,4661862.3],[561383.5,4661870.2],[561360.3,4661876.6],[561327.8,4661892.5],[561302.3,4661912.5],[561282.4,4661931.3],[561269.3,4661936.1],[561237.1,4661935.9],[561204.7,4661931.8],[561185.0,4661923.7],[561154.2,4661919.2],[561118.8,4661908.7],[561085.2,4661900.0],[561059.9,4661890.4],[561019.7,4661865.6],[560988.6,4661848.8],[560973.9,4661836.7],[560963.1,4661823.7],[560958.0,4661803.9],[560953.9,4661776.7],[560945.1,4661757.8],[560924.6,4661742.9],[560896.1,4661723.8],[560875.3,4661713.3],[560863.8,4661691.0],[560846.7,4661669.9],[560841.4,4661658.6],[560841.8,4661648.0],[560874.5,4661603.1],[560883.5,4661578.5],[560884.3,4661564.2],[560882.5,4661545.6],[560877.3,4661524.1],[560869.4,4661506.8],[560857.7,4661493.7],[560837.3,4661467.5],[560819.4,4661441.0],[560796.7,4661404.1],[560787.7,4661387.5],[560778.0,4661363.5],[560775.9,4661343.2],[560776.1,4661317.5],[560783.1,4661293.9],[560787.2,4661259.9],[560786.1,4661246.5],[560783.7,4661225.1],[560782.0,4661195.9],[560782.5,4661176.2],[560776.5,4661161.0],[560772.5,4661135.3],[560766.8,4661113.5],[560754.7,4661092.4],[560749.5,4661087.3],[560740.1,4661067.6],[560720.6,4661045.1],[560697.4,4661032.7],[560673.5,4661025.4],[560648.7,4661026.1],[560613.4,4661014.6],[560597.8,4661005.7],[560567.2,4660986.6],[560540.6,4660967.1],[560524.7,4660950.0],[560504.2,4660937.4],[560483.2,4660932.3],[560449.1,4660923.9],[560435.5,4660916.5],[560422.3,4660901.4],[560419.6,4660886.6],[560422.7,4660876.5],[560414.1,4660843.1],[560405.8,4660834.2],[560396.4,4660830.4],[560378.0,4660837.1],[560360.2,4660848.5],[560311.1,4660856.5],[560295.5,4660857.2],[560280.2,4660854.8],[560253.3,4660848.8],[560230.4,4660839.8],[560214.1,4660830.5],[560188.9,4660828.2],[560162.0,4660822.7],[560140.1,4660819.1],[560125.7,4660815.1],[560111.2,4660813.0],[560085.9,4660818.3],[560063.8,4660823.2],[560039.7,4660816.8],[560012.3,4660805.3],[559988.8,4660791.1],[559962.1,4660778.5],[559929.2,4660763.1],[559912.7,4660755.9],[559896.5,4660757.8],[559881.1,4660764.8],[559860.1,4660785.1],[559848.9,4660784.3],[559816.7,4660759.4],[559779.6,4660740.6],[559757.5,4660727.9],[559739.8,4660712.3],[559720.6,4660693.4],[559694.4,4660675.7],[559667.8,4660664.9],[559653.0,4660658.2],[559625.9,4660651.9],[559598.1,4660658.1],[559568.3,4660668.8],[559547.6,4660687.0],[559534.5,4660701.1],[559515.3,4660700.0],[559496.5,4660693.1],[559478.3,4660687.6],[559451.1,4660675.3],[559428.7,4660669.8],[559392.8,4660649.2],[559366.7,4660629.8],[559344.0,4660608.2],[559340.0,4660590.1],[559342.1,4660553.6],[559339.5,4660527.9],[559336.3,4660511.3],[559332.1,4660492.6],[559329.1,4660478.9],[559315.4,4660457.4],[559298.2,4660441.0],[559273.2,4660437.3],[559246.9,4660442.7],[559227.6,4660442.4],[559209.0,4660437.2],[559193.1,4660427.1],[559175.6,4660420.0],[559157.3,4660413.9],[559138.7,4660404.9],[559107.8,4660391.3],[559094.1,4660386.0],[559077.0,4660380.6],[559051.3,4660382.1],[559040.4,4660388.7],[559025.6,4660396.9],[559016.2,4660415.0],[559012.3,4660438.7],[559003.4,4660459.9],[558989.9,4660476.6],[558974.5,4660491.2],[558959.3,4660499.9],[558943.6,4660503.8],[558925.7,4660509.0],[558908.4,4660516.5],[558880.8,4660527.6],[558873.5,4660527.1],[558862.6,4660528.1],[558843.1,4660530.5],[558829.7,4660529.9],[558807.0,4660531.8],[558803.5,4660538.8],[558807.3,4660555.4],[558814.7,4660569.4],[558824.5,4660589.6],[558827.2,4660600.1],[558827.1,4660620.0],[558823.4,4660639.3],[558820.4,4660664.5],[558812.5,4660686.1],[558806.8,4660704.0],[558802.8,4660710.3],[558792.9,4660722.2],[558777.0,4660728.7],[558767.7,4660729.5],[558753.5,4660725.4],[558746.3,4660724.5],[558722.1,4660714.7],[558708.5,4660706.3],[558694.1,4660702.7],[558677.8,4660710.0],[558653.3,4660722.3],[558636.1,4660735.1],[558620.4,4660747.9],[558601.8,4660766.1],[558583.4,4660781.5],[558572.3,4660799.7],[558569.4,4660813.5],[558568.9,4660821.6],[558555.6,4660837.7],[558538.3,4660845.8],[558525.0,4660847.3],[558509.4,4660858.6],[558495.0,4660870.0],[558485.5,4660874.8],[558473.7,4660883.6],[558459.2,4660893.1],[558450.2,4660911.3],[558443.5,4660925.9],[558437.5,4660938.1],[558427.7,4660956.0],[558416.5,4660982.7],[558397.9,4660999.1],[558372.5,4661014.5],[558354.8,4661026.2],[558343.8,4661039.7],[558323.0,4661060.6],[558309.2,4661078.1],[558299.0,4661103.9],[558288.5,4661113.6],[558268.6,4661130.7],[558243.8,4661150.2],[558234.6,4661157.4],[558217.0,4661179.9],[558207.8,4661196.1],[558209.0,4661208.3],[558212.9,4661217.9],[558195.5,4661235.1],[558167.6,4661245.9],[558157.6,4661260.1],[558152.8,4661273.5],[558141.5,4661290.9],[558135.4,4661309.9],[558130.4,4661318.6],[558119.1,4661330.7]]},"properties":{"kind":"stream","name":"Warner Creek","osmId":285960639}},{"type":"Feature","geometry":{"type":"LineString","coordinates":[[563689.7,4669491.3],[563698.2,4669492.5],[563707.2,4669492.6],[563713.7,4669489.1],[563720.6,4669483.4],[563723.3,4669482.7],[563726.0,4669483.4],[563732.2,4669489.5],[563737.2,4669490.3],[563750.8,4669488.8],[563761.2,4669491.5],[563776.6,4669499.5],[563781.3,4669500.2],[563792.6,4669496.8],[563802.1,4669502.5],[563811.5,4669503.5],[563822.0,4669508.3],[563843.0,4669510.5],[563854.6,4669515.4],[563864.5,4669518.0],[563877.0,4669535.9],[563887.4,4669557.9],[563899.3,4669577.6],[563909.8,4669596.6],[563919.9,4669618.5],[563925.0,4669636.9],[563932.9,4669658.4],[563959.6,4669686.8],[563987.3,4669731.7],[564019.7,4669765.8],[564046.4,4669785.0],[564108.0,4669821.4],[564146.8,4669853.3],[564162.3,4669859.3],[564198.9,4669879.5],[564215.5,4669898.1],[564229.4,4669911.1],[564287.9,4669958.4],[564308.8,4669967.2],[564321.6,4669972.1],[564331.6,4669972.4],[564341.9,4669969.3],[564373.7,4669946.4],[564388.7,4669941.5],[564413.4,4669942.3],[564470.5,4669948.1],[564492.6,4669955.6],[564534.1,4669972.8],[564556.0,4669988.8],[564570.8,4669995.4],[564601.7,4669996.4],[564621.1,4670002.7],[564686.1,4670004.1],[564711.1,4670001.2],[564744.8,4669995.1],[564768.6,4670001.2],[564792.1,4670010.3],[564818.7,4670027.4],[564833.8,4670034.2],[564842.8,4670034.8],[564852.1,4670033.4],[564872.5,4670022.8],[564880.3,4670020.9],[564887.4,4670022.4],[564908.8,4670035.5],[564925.5,4670042.1],[564950.1,4670051.2],[564969.5,4670052.9],[564988.6,4670046.0],[565002.7,4670047.7],[565034.1,4670061.1],[565049.0,4670061.6],[565065.0,4670058.7],[565087.7,4670039.9],[565113.4,4670038.4],[565130.7,4670031.0],[565141.5,4670030.2],[565155.5,4670032.0],[565191.3,4670031.6],[565214.4,4670025.2],[565243.4,4670025.8],[565269.4,4670021.4],[565346.7,4670018.5],[565364.6,4670021.1],[565379.7,4670031.3],[565404.4,4670060.1],[565432.7,4670073.8],[565446.3,4670071.9],[565481.8,4670055.9],[565503.6,4670054.1],[565517.2,4670055.2],[565530.0,4670060.2],[565539.3,4670072.1],[565543.7,4670086.6],[565548.4,4670102.5],[565554.3,4670120.7],[565563.2,4670138.8],[565583.4,4670157.5],[565597.8,4670163.5],[565626.4,4670191.5],[565651.2,4670209.8],[565662.9,4670230.8],[565676.1,4670246.4],[565682.0,4670259.4],[565696.3,4670276.9],[565715.3,4670289.6],[565724.2,4670302.1],[565726.9,4670316.0],[565740.8,4670347.5],[565751.2,4670359.9],[565766.2,4670371.0],[565780.2,4670375.4],[565793.5,4670384.4],[565814.3,4670404.9],[565821.7,4670416.9],[565830.5,4670432.8],[565848.1,4670449.4],[565861.7,4670456.1],[565875.6,4670458.2],[565905.8,4670462.1],[565930.1,4670459.7],[565964.0,4670452.4],[565977.3,4670450.1]]},"properties":{"kind":"trail","name":"Becker Hollow Trail","osmId":285961507}},{"type":"Feature","geometry":{"type":"LineString","coordinates":[[565109.8,4668924.1],[565129.0,4668956.1],[565142.8,4669000.4],[565156.6,4669032.3],[565170.4,4669074.8],[565180.8,4669103.1],[565191.1,4669140.3],[565204.4,4669172.1],[565231.6,4669198.0]]},"properties":{"kind":"stream","name":null,"osmId":286012051}},{"type":"Feature","geometry":{"type":"LineString","coordinates":[[562600.3,4667068.5],[562606.2,4667022.5],[562611.6,4666981.3],[562623.2,4666929.2],[562613.1,4666904.8],[562611.3,4666856.4],[562622.1,4666824.5],[562632.1,4666760.0],[562617.5,4666692.8],[562622.7,4666672.8],[562614.8,4666602.6],[562623.3,4666584.5],[562619.1,4666530.1],[562625.8,4666483.4],[562628.2,4666442.2],[562648.9,4666400.9],[562664.8,4666362.1],[562671.3,4666328.0],[562689.0,4666282.8],[562708.8,4666244.1],[562711.7,4666235.4],[562727.3,4666206.3],[562746.7,4666173.8],[562770.2,4666128.0],[562782.8,4666107.0],[562799.0,4666073.5],[562818.8,4666041.9],[562831.5,4666010.2],[562838.8,4665987.3],[562855.0,4665957.4],[562871.3,4665920.5],[562884.0,4665890.6],[562902.0,4665855.4],[562913.0,4665821.9],[562925.8,4665776.1],[562922.3,4665721.1],[562933.7,4665682.5],[562935.9,4665641.9],[562945.1,4665603.1],[562952.5,4665564.3],[562961.5,4665545.0],[562967.2,4665511.4],[562967.4,4665483.2],[562956.9,4665437.9],[562968.0,4665421.3],[562971.7,4665402.7],[562988.1,4665383.1],[562997.0,4665345.6],[562997.5,4665307.0],[563006.8,4665294.7],[563021.1,4665294.3],[563029.8,4665278.9],[563016.7,4665263.7],[563022.4,4665225.6],[563014.0,4665193.5],[563011.0,4665161.5],[563001.5,4665144.0],[563005.8,4665124.4],[563002.7,4665067.7],[563008.4,4665051.5],[563024.0,4665038.8],[563022.0,4665011.8],[563037.9,4664994.6],[563054.0,4664956.4],[563051.5,4664923.4],[563034.9,4664901.8],[563028.7,4664870.1],[563012.5,4664832.1],[562987.9,4664792.8],[562972.3,4664778.4],[562956.6,4664772.5],[562950.0,4664763.9],[562944.2,4664747.2],[562946.9,4664724.8],[562954.3,4664696.8]]},"properties":{"kind":"stream","name":null,"osmId":286012052}},{"type":"Feature","geometry":{"type":"LineString","coordinates":[[563631.4,4668153.0],[563647.5,4668139.0],[563663.7,4668136.1],[563678.1,4668107.1],[563689.0,4668089.4],[563722.1,4668055.3],[563731.6,4668039.3],[563741.3,4668018.1],[563748.2,4667994.8],[563748.3,4667980.7],[563755.4,4667961.6],[563757.4,4667935.1],[563772.2,4667912.6],[563782.1,4667885.4],[563796.4,4667839.5],[563806.6,4667772.4],[563810.0,4667735.7],[563811.0,4667728.0],[563813.8,4667707.3],[563817.0,4667670.6],[563838.1,4667640.3],[563846.4,4667614.0],[563847.8,4667609.3],[563850.5,4667576.2],[563851.3,4667559.8],[563864.6,4667524.0],[563874.0,4667489.6],[563880.6,4667471.3],[563886.4,4667446.7],[563892.1,4667423.5],[563896.0,4667410.0],[563902.3,4667401.2],[563903.3,4667360.9],[563907.0,4667343.2],[563911.9,4667318.3],[563915.8,4667283.0],[563929.0,4667253.1],[563934.7,4667215.2],[563930.2,4667193.6],[563928.9,4667165.6],[563943.7,4667153.9],[563954.0,4667113.5],[563948.8,4667092.0],[563961.7,4667077.6],[563959.0,4667051.5],[563961.6,4667031.4],[563963.4,4667022.8]]},"properties":{"kind":"stream","name":null,"osmId":286012054}},{"type":"Feature","geometry":{"type":"LineString","coordinates":[[564418.0,4668204.3],[564403.9,4668191.8],[564390.0,4668159.9],[564374.3,4668133.2],[564362.2,4668106.6],[564341.3,4668064.1],[564334.4,4668042.8],[564320.5,4668010.9],[564311.8,4667993.1],[564301.4,4667968.3],[564285.7,4667936.4],[564266.6,4667894.7],[564252.7,4667849.1],[564236.2,4667809.4],[564216.0,4667771.5],[564194.8,4667733.3],[564176.2,4667702.2],[564170.1,4667666.4],[564156.8,4667620.4],[564152.2,4667577.5],[564132.7,4667523.0],[564112.6,4667475.6],[564103.5,4667437.5],[564081.4,4667402.9],[564076.4,4667369.3],[564068.9,4667311.3],[564061.1,4667289.6],[564042.7,4667251.0],[564036.9,4667195.3],[564018.9,4667178.8],[564001.2,4667141.7],[564011.6,4667104.9],[564000.2,4667070.8],[563987.0,4667054.0],[563981.3,4667030.1],[563963.4,4667022.8],[563952.9,4666907.1],[563951.4,4666880.6],[563944.6,4666850.5],[563943.0,4666824.0],[563929.2,4666779.7],[563917.1,4666746.0],[563908.6,4666705.3],[563898.1,4666664.6],[563884.7,4666608.0],[563868.8,4666570.8],[563853.2,4666545.6],[563860.8,4666507.0],[563850.2,4666475.2],[563847.1,4666448.6],[563843.7,4666434.5],[563835.1,4666404.4],[563835.4,4666374.3],[563833.9,4666346.1],[563825.3,4666317.7],[563820.4,4666270.0],[563820.7,4666234.6],[563820.9,4666217.0],[563814.0,4666186.9],[563805.5,4666149.7],[563800.4,4666126.7],[563790.1,4666085.9],[563778.0,4666054.0],[563767.6,4666027.4],[563757.2,4665997.3],[563740.0,4665944.2],[563728.0,4665898.1],[563716.1,4665841.5],[563718.0,4665793.9],[563718.5,4665742.6],[563717.1,4665696.7],[563698.2,4665662.9],[563687.9,4665627.4],[563687.8,4665602.8],[563681.3,4665565.5],[563706.5,4665532.2],[563720.9,4665504.1],[563730.0,4665482.9],[563742.6,4665454.8],[563742.7,4665419.5],[563739.7,4665389.4],[563734.6,4665361.1],[563718.8,4665339.7],[563715.5,4665318.5],[563715.6,4665300.8],[563723.0,4665272.6],[563723.2,4665246.1],[563709.3,4665214.2],[563700.8,4665182.3],[563671.1,4665129.1],[563635.9,4665096.9],[563621.9,4665072.1],[563597.4,4665045.3],[563581.7,4665011.6],[563567.8,4664977.9],[563548.8,4664927.9]]},"properties":{"kind":"stream","name":"Myrtle Brook","osmId":286012055}},{"type":"Feature","geometry":{"type":"LineString","coordinates":[[561614.3,4664577.8],[561607.4,4664553.1],[561596.8,4664536.3],[561568.5,4664520.1]]},"properties":{"kind":"stream","name":null,"osmId":286012056}},{"type":"Feature","geometry":{"type":"LineString","coordinates":[[564638.6,4670312.8],[564673.0,4670323.6],[564694.6,4670339.3],[564709.8,4670346.0],[564789.2,4670379.0],[564832.6,4670382.5],[564878.8,4670381.3],[564890.8,4670373.6],[564977.6,4670368.2],[564991.6,4670370.8],[565026.2,4670377.4],[565071.0,4670400.9],[565099.4,4670413.9],[565131.9,4670423.8],[565167.2,4670438.3],[565221.5,4670449.0],[565272.9,4670447.7],[565328.0,4670434.1],[565390.2,4670418.9],[565433.9,4670397.0],[565471.1,4670388.8],[565516.4,4670377.6],[565551.9,4670367.3],[565603.5,4670343.1],[565626.6,4670336.3],[565656.8,4670331.2],[565685.1,4670331.5],[565713.5,4670331.8],[565740.8,4670347.5],[565753.0,4670347.3],[565766.0,4670339.7]]},"properties":{"kind":"stream","name":null,"osmId":286012057}},{"type":"Feature","geometry":{"type":"LineString","coordinates":[[563270.4,4667052.5],[563296.7,4667032.5],[563315.5,4667009.1],[563322.9,4666975.6],[563339.0,4666955.3],[563354.1,4666925.9],[563373.4,4666894.5],[563391.6,4666870.6],[563394.9,4666856.7],[563407.5,4666830.7],[563416.8,4666800.4],[563426.5,4666773.8],[563433.1,4666745.3],[563439.8,4666726.3],[563440.7,4666685.2],[563458.1,4666658.7],[563476.9,4666634.4],[563502.0,4666602.3],[563505.9,4666575.6],[563505.7,4666558.6],[563508.7,4666519.5],[563511.2,4666471.3],[563529.1,4666444.2],[563528.3,4666417.5],[563535.6,4666385.8],[563553.7,4666345.3],[563575.4,4666304.9],[563589.9,4666273.2],[563611.4,4666237.5],[563621.7,4666199.8],[563631.1,4666176.3],[563636.6,4666152.9],[563644.3,4666123.4],[563639.3,4666092.3],[563658.5,4666055.5],[563674.2,4666047.1],[563681.1,4666023.8],[563715.1,4666008.4],[563748.3,4666009.6],[563757.2,4665997.3]]},"properties":{"kind":"stream","name":null,"osmId":286012058}},{"type":"Feature","geometry":{"type":"LineString","coordinates":[[563968.8,4669660.8],[564030.5,4669675.7],[564056.7,4669675.3],[564077.3,4669676.8],[564122.3,4669680.9],[564177.7,4669698.2],[564223.2,4669709.2],[564270.4,4669729.5],[564312.2,4669741.1],[564347.6,4669757.0],[564403.5,4669766.9],[564447.9,4669781.6],[564511.7,4669782.1],[564566.4,4669802.1],[564663.7,4669822.4],[564725.5,4669849.4],[564776.8,4669860.5],[564847.5,4669877.0],[564916.5,4669898.9],[564974.8,4669915.3],[565065.2,4669909.1],[565157.4,4669909.9],[565233.6,4669914.1],[565290.2,4669923.5],[565343.3,4669931.1],[565396.3,4669949.2],[565451.2,4669956.8],[565490.0,4669969.5],[565523.6,4669975.1],[565552.8,4669989.8]]},"properties":{"kind":"stream","name":null,"osmId":286012060}},{"type":"Feature","geometry":{"type":"LineString","coordinates":[[564277.9,4669114.3],[564408.6,4669100.5],[564441.6,4669103.9],[564497.3,4669098.2],[564532.9,4669093.0],[564568.5,4669090.8],[564599.8,4669086.1],[564622.8,4669097.5],[564653.4,4669094.1],[564690.0,4669100.3],[564752.2,4669114.6],[564790.7,4669120.7],[564823.3,4669128.4],[564859.4,4669135.0],[564906.0,4669150.8],[564966.7,4669163.7],[565018.4,4669174.2],[565070.2,4669183.4],[565126.0,4669193.7],[565173.5,4669197.4],[565231.6,4669198.0],[565272.3,4669222.0],[565305.9,4669245.6],[565341.4,4669278.2],[565378.8,4669324.9],[565396.0,4669376.1],[565416.2,4669443.5],[565408.7,4669492.2],[565391.7,4669525.6],[565410.6,4669604.8],[565409.8,4669678.4],[565417.3,4669755.7],[565442.4,4669794.3],[565476.5,4669808.7],[565501.6,4669854.6],[565513.7,4669901.2],[565533.7,4669919.8],[565543.3,4669959.4],[565552.8,4669989.8],[565558.8,4670009.0],[565581.3,4670069.2],[565605.6,4670117.1],[565635.3,4670153.6],[565654.5,4670161.5],[565665.3,4670176.7],[565664.6,4670204.5],[565698.8,4670243.9],[565720.3,4670248.8],[565731.5,4670265.8],[565732.6,4670272.3],[565740.9,4670289.2],[565744.3,4670312.0],[565766.0,4670339.7],[565797.0,4670356.2],[565819.0,4670360.3],[565828.8,4670372.2],[565842.3,4670403.9],[565857.8,4670424.3],[565879.7,4670435.0],[565903.1,4670440.3],[565927.6,4670442.3],[565969.0,4670440.1],[565978.4,4670441.1],[565987.1,4670443.6],[565997.5,4670465.6],[566007.2,4670470.2],[566018.0,4670471.4],[566039.5,4670462.4],[566062.0,4670455.8],[566086.9,4670454.1],[566129.3,4670433.9],[566157.1,4670427.8],[566174.8,4670428.8],[566229.8,4670476.7],[566239.4,4670480.1],[566294.5,4670500.1],[566309.8,4670509.6],[566325.8,4670514.0],[566333.4,4670523.4],[566339.2,4670533.7],[566372.4,4670556.6],[566396.6,4670571.5],[566414.7,4670600.9],[566422.8,4670609.2],[566447.1,4670617.5],[566460.0,4670615.0],[566471.0,4670617.7],[566484.6,4670611.8],[566499.6,4670610.7],[566517.1,4670618.1],[566544.4,4670621.1],[566570.4,4670626.6],[566603.9,4670636.3],[566620.0,4670645.7],[566640.0,4670667.5],[566648.6,4670688.5],[566650.9,4670699.8],[566655.3,4670706.9],[566661.1,4670710.7],[566667.8,4670712.5],[566673.5,4670710.9],[566677.2,4670704.0],[566684.1,4670695.7],[566705.4,4670689.1],[566725.8,4670693.0],[566741.9,4670698.6],[566755.2,4670713.5],[566770.7,4670722.0],[566780.1,4670722.1],[566801.4,4670721.0],[566819.9,4670723.8],[566851.7,4670734.5],[566857.0,4670742.0],[566858.1,4670755.2],[566851.9,4670769.9],[566852.4,4670779.6],[566864.0,4670798.9],[566886.0,4670799.7],[566923.0,4670808.8],[566931.9,4670817.2],[566939.8,4670824.6],[566945.4,4670840.7],[566949.9,4670895.6],[566956.8,4670920.4],[566991.5,4670963.8],[566994.1,4670994.8],[566981.8,4671023.7],[566985.7,4671064.0],[567015.2,4671110.4],[567021.1,4671183.2],[567044.7,4671230.6],[567051.5,4671266.0],[567063.7,4671287.3],[567077.6,4671308.6],[567087.2,4671328.1],[567103.6,4671350.5],[567118.3,4671369.3],[567124.1,4671380.5],[567129.3,4671391.0],[567133.5,4671401.9],[567142.2,4671412.7],[567159.7,4671430.1],[567180.6,4671443.1],[567195.4,4671457.3],[567205.0,4671471.5],[567208.4,4671480.5],[567207.4,4671492.2],[567198.1,4671508.6],[567203.7,4671520.0],[567206.4,4671535.9],[567211.3,4671545.4]]},"properties":{"kind":"stream","name":null,"osmId":286012061}},{"type":"Feature","geometry":{"type":"LineString","coordinates":[[563290.2,4668601.0],[563248.8,4668564.0],[563237.5,4668544.9],[563191.6,4668481.6],[563177.0,4668458.4],[563147.1,4668424.3],[563102.2,4668393.6],[563068.6,4668376.2],[563023.5,4668350.4],[562992.7,4668330.5],[562964.2,4668302.9],[562932.7,4668284.1],[562901.5,4668279.9],[562871.1,4668281.8],[562827.5,4668289.8],[562783.4,4668294.9],[562733.3,4668290.6],[562683.6,4668272.2],[562659.9,4668264.9],[562629.8,4668253.2],[562607.4,4668254.3],[562555.4,4668266.4],[562500.8,4668279.4],[562476.0,4668280.5],[562447.6,4668270.1],[562444.0,4668262.0],[562442.8,4668255.5],[562441.1,4668250.0],[562438.5,4668245.7],[562436.8,4668240.7],[562437.6,4668235.2],[562440.4,4668231.3],[562441.5,4668226.8],[562440.2,4668222.5],[562436.7,4668215.1],[562436.2,4668207.2],[562436.3,4668198.5],[562437.2,4668193.1],[562439.4,4668187.9],[562442.4,4668182.9],[562444.2,4668178.6],[562443.9,4668173.7],[562441.7,4668166.3],[562441.8,4668162.0],[562443.9,4668154.4],[562445.8,4668148.2],[562449.1,4668143.6],[562454.4,4668141.2],[562462.4,4668136.6],[562467.5,4668131.3],[562468.7,4668125.9],[562470.7,4668118.8],[562470.5,4668113.5],[562471.7,4668108.4],[562476.5,4668102.7],[562480.7,4668096.9],[562483.8,4668089.5],[562484.2,4668084.4]]},"properties":{"kind":"trail","name":null,"osmId":287207783}},{"type":"Feature","geometry":{"type":"Polygon","coordinates":[[[569561.1,4669755.5],[569563.5,4669757.9],[569567.0,4669758.0],[569571.5,4669757.1],[569575.7,4669754.7],[569578.1,4669752.1],[569580.8,4669748.6],[569585.3,4669743.1],[569589.2,4669737.0],[569593.9,4669731.3],[569598.8,4669729.1],[569603.0,4669723.9],[569603.1,4669719.3],[569601.4,4669716.8],[569598.7,4669712.6],[569596.5,4669711.7],[569594.3,4669713.9],[569591.1,4669717.6],[569588.4,4669720.4],[569582.7,4669724.7],[569580.1,4669729.6],[569575.7,4669735.5],[569571.0,4669739.2],[569566.7,4669745.8],[569563.6,4669749.1],[569561.3,4669752.0],[569561.1,4669755.5]]]},"properties":{"kind":"lake","name":null,"osmId":287421477}},{"type":"Feature","geometry":{"type":"Polygon","coordinates":[[[568652.7,4668621.9],[568660.7,4668620.7],[568667.8,4668615.9],[568675.9,4668607.7],[568682.1,4668598.5],[568688.4,4668591.5],[568693.4,4668583.6],[568701.8,4668580.2],[568709.4,4668574.9],[568715.7,4668569.5],[568725.5,4668567.4],[568737.4,4668562.4],[568743.3,4668555.0],[568743.4,4668542.6],[568743.9,4668532.0],[568750.7,4668520.6],[568755.2,4668510.9],[568759.7,4668504.8],[568764.3,4668497.2],[568767.0,4668485.7],[568764.5,4668476.9],[568760.1,4668467.5],[568751.7,4668463.5],[568745.6,4668462.5],[568738.5,4668463.4],[568734.0,4668466.4],[568730.4,4668470.9],[568725.5,4668472.5],[568718.9,4668472.9],[568711.7,4668476.1],[568703.3,4668481.1],[568696.6,4668486.4],[568692.1,4668491.6],[568682.4,4668496.9],[568671.6,4668499.8],[568660.5,4668502.9],[568651.5,4668509.9],[568643.5,4668519.8],[568636.3,4668529.0],[568632.3,4668536.1],[568625.6,4668542.6],[568623.3,4668548.8],[568623.2,4668558.9],[568624.0,4668568.7],[568625.2,4668575.7],[568622.1,4668583.2],[568620.7,4668589.8],[568620.6,4668596.9],[568623.6,4668602.6],[568627.5,4668607.7],[568634.7,4668608.1],[568639.5,4668613.0],[568645.2,4668616.5],[568649.2,4668618.1],[568652.7,4668621.9]]]},"properties":{"kind":"lake","name":null,"osmId":287421479}},{"type":"Feature","geometry":{"type":"Polygon","coordinates":[[[571621.1,4668327.2],[571622.1,4668330.1],[571624.2,4668332.0],[571626.4,4668333.6],[571629.2,4668334.8],[571633.0,4668334.3],[571635.3,4668333.2],[571637.7,4668331.3],[571639.1,4668328.0],[571640.2,4668326.2],[571642.0,4668324.1],[571644.0,4668323.0],[571646.0,4668323.2],[571647.8,4668324.4],[571650.1,4668326.7],[571651.8,4668328.5],[571653.6,4668331.0],[571655.0,4668331.4],[571656.5,4668331.2],[571658.5,4668329.7],[571659.6,4668328.4],[571657.2,4668324.8],[571655.0,4668321.5],[571652.4,4668319.3],[571649.6,4668315.9],[571644.0,4668312.9],[571639.4,4668311.0],[571635.0,4668310.0],[571631.1,4668310.1],[571627.0,4668310.4],[571625.2,4668311.8],[571623.5,4668314.5],[571622.1,4668317.2],[571621.2,4668321.1],[571620.8,4668324.5],[571621.1,4668327.2]]]},"properties":{"kind":"lake","name":null,"osmId":287421480}},{"type":"Feature","geometry":{"type":"Polygon","coordinates":[[[568822.8,4668907.0],[568824.0,4668913.7],[568824.0,4668920.7],[568827.4,4668929.7],[568828.7,4668934.9],[568831.7,4668941.1],[568838.8,4668945.6],[568843.7,4668944.9],[568846.2,4668942.1],[568849.6,4668937.4],[568852.8,4668930.9],[568855.8,4668923.4],[568856.5,4668912.9],[568855.5,4668901.2],[568851.2,4668899.4],[568843.2,4668902.4],[568835.7,4668902.3],[568828.6,4668903.5],[568822.8,4668907.0]]]},"properties":{"kind":"lake","name":null,"osmId":287421484}},{"type":"Feature","geometry":{"type":"Polygon","coordinates":[[[568859.1,4669180.2],[568863.0,4669183.8],[568872.7,4669185.4],[568877.9,4669183.5],[568881.2,4669182.4],[568888.8,4669176.2],[568896.8,4669168.8],[568901.3,4669160.0],[568901.9,4669149.4],[568904.2,4669138.9],[568909.7,4669127.7],[568915.4,4669123.1],[568926.6,4669118.2],[568936.4,4669110.3],[568941.8,4669102.2],[568947.2,4669093.2],[568947.3,4669086.2],[568939.7,4669090.9],[568927.7,4669097.5],[568917.9,4669099.1],[568908.2,4669099.5],[568900.1,4669105.6],[568895.6,4669112.6],[568890.8,4669112.5],[568886.3,4669109.1],[568885.0,4669105.1],[568882.5,4669097.4],[568881.7,4669089.1],[568876.7,4669097.8],[568874.9,4669104.0],[568873.4,4669115.2],[568872.5,4669123.8],[568871.9,4669134.4],[568870.5,4669146.3],[568868.2,4669155.6],[568863.6,4669162.3],[568861.8,4669168.0],[568859.1,4669173.7],[568859.1,4669180.2]]]},"properties":{"kind":"lake","name":null,"osmId":287421485}},{"type":"Feature","geometry":{"type":"Polygon","coordinates":[[[568863.3,4669199.2],[568858.4,4669204.5],[568854.3,4669212.4],[568852.5,4669218.1],[568852.5,4669222.5],[568852.4,4669227.8],[568849.3,4669233.5],[568844.4,4669236.6],[568842.0,4669243.8],[568844.7,4669248.1],[568850.0,4669249.0],[568857.9,4669249.2],[568862.6,4669246.8],[568864.2,4669246.1],[568864.7,4669240.0],[568870.1,4669235.1],[568872.3,4669231.3],[568877.3,4669225.9],[568879.5,4669218.5],[568879.6,4669211.0],[568878.8,4669204.7],[568874.9,4669198.9],[568870.0,4669197.5],[568863.3,4669199.2]]]},"properties":{"kind":"lake","name":null,"osmId":287421487}},{"type":"Feature","geometry":{"type":"Polygon","coordinates":[[[569478.5,4669747.2],[569483.1,4669748.7],[569488.0,4669749.5],[569492.4,4669750.4],[569496.0,4669750.6],[569499.1,4669748.7],[569502.7,4669744.3],[569507.6,4669734.9],[569512.2,4669727.0],[569517.8,4669721.3],[569523.3,4669715.8],[569529.6,4669708.2],[569536.6,4669701.6],[569542.2,4669693.3],[569551.3,4669686.9],[569558.0,4669685.3],[569559.3,4669680.2],[569562.1,4669669.0],[569553.5,4669668.9],[569544.8,4669670.3],[569537.9,4669677.1],[569520.2,4669692.4],[569505.9,4669706.4],[569504.5,4669711.6],[569498.5,4669717.6],[569494.1,4669718.8],[569490.3,4669722.6],[569486.7,4669727.2],[569484.4,4669729.3],[569480.0,4669732.6],[569474.6,4669734.8],[569472.8,4669738.3],[569473.0,4669741.8],[569474.3,4669745.3],[569478.5,4669747.2]]]},"properties":{"kind":"lake","name":null,"osmId":287421488}},{"type":"Feature","geometry":{"type":"LineString","coordinates":[[571893.2,4668433.0],[571866.4,4668416.8],[571831.6,4668395.3],[571794.1,4668372.4],[571763.3,4668351.8],[571758.4,4668347.5],[571747.9,4668338.5],[571738.3,4668323.7],[571732.3,4668305.5],[571730.4,4668299.5],[571727.6,4668290.9],[571718.9,4668268.9],[571714.2,4668254.1],[571709.9,4668242.6],[571705.6,4668233.3],[571697.2,4668229.2],[571687.5,4668227.8],[571676.7,4668231.4],[571655.0,4668236.3],[571632.8,4668241.8],[571616.0,4668243.4],[571592.9,4668245.4],[571574.2,4668252.0],[571550.2,4668263.1],[571532.4,4668267.0],[571518.2,4668266.7],[571503.2,4668264.8],[571495.3,4668255.9],[571494.4,4668248.5],[571495.5,4668235.1],[571500.0,4668221.2],[571503.8,4668207.4],[571507.4,4668195.9],[571507.4,4668188.6],[571499.5,4668187.5],[571487.9,4668194.4],[571479.4,4668198.9],[571470.5,4668201.9],[571458.6,4668205.2],[571448.4,4668205.5]]},"properties":{"kind":"trail","name":null,"osmId":287421489}},{"type":"Feature","geometry":{"type":"LineString","coordinates":[[571730.4,4668299.5],[571721.7,4668304.5],[571714.3,4668310.4],[571705.6,4668318.9],[571699.8,4668325.3],[571694.6,4668329.6]]},"properties":{"kind":"trail","name":null,"osmId":287421491}},{"type":"Feature","geometry":{"type":"LineString","coordinates":[[571758.4,4668347.5],[571746.9,4668352.5],[571734.4,4668359.0],[571718.4,4668366.8],[571704.1,4668376.3],[571689.9,4668385.5],[571675.2,4668391.5],[571657.4,4668395.4],[571640.1,4668393.8],[571626.0,4668387.0],[571620.8,4668380.3],[571619.1,4668367.1],[571619.6,4668355.8],[571624.1,4668350.1]]},"properties":{"kind":"trail","name":null,"osmId":287421492}},{"type":"Feature","geometry":{"type":"Polygon","coordinates":[[[569569.4,4669669.9],[569567.2,4669675.9],[569566.4,4669681.5],[569569.5,4669685.3],[569574.8,4669688.1],[569580.3,4669690.1],[569586.3,4669691.5],[569591.4,4669690.2],[569592.8,4669686.9],[569591.9,4669681.6],[569592.0,4669675.9],[569589.6,4669672.1],[569584.9,4669670.1],[569579.4,4669668.9],[569574.8,4669668.9],[569569.4,4669669.9]]]},"properties":{"kind":"lake","name":null,"osmId":287421493}},{"type":"Feature","geometry":{"type":"LineString","coordinates":[[571718.4,4668366.8],[571712.2,4668363.2],[571708.3,4668359.2],[571707.8,4668355.3],[571708.8,4668350.0],[571714.2,4668342.6],[571719.6,4668338.1],[571726.7,4668334.3],[571734.2,4668333.5],[571741.3,4668334.3],[571747.9,4668338.5]]},"properties":{"kind":"trail","name":null,"osmId":287421494}},{"type":"Feature","geometry":{"type":"LineString","coordinates":[[570017.9,4670537.6],[569970.6,4670452.4],[569969.8,4670445.3],[569973.4,4670439.6],[570002.5,4670419.0],[570077.8,4670480.3]]},"properties":{"kind":"road","name":null,"osmId":287421856}},{"type":"Feature","geometry":{"type":"LineString","coordinates":[[560082.1,4670499.9],[560102.2,4670519.4],[560117.8,4670529.0],[560133.7,4670542.3]]},"properties":{"kind":"road","name":null,"osmId":287424836}},{"type":"Feature","geometry":{"type":"LineString","coordinates":[[571397.0,4671866.9],[571397.1,4671860.2],[571397.3,4671836.8],[571397.3,4671835.0],[571398.1,4671830.9],[571400.4,4671825.5],[571404.8,4671819.1],[571406.1,4671817.5],[571408.6,4671814.3],[571410.7,4671810.5],[571411.4,4671807.5],[571411.9,4671788.3]]},"properties":{"kind":"road","name":"Brookside Road","osmId":290237684}},{"type":"Feature","geometry":{"type":"LineString","coordinates":[[563126.3,4669405.6],[563072.2,4669382.0],[563052.8,4669368.8],[563018.6,4669346.9],[562990.4,4669322.1],[562972.6,4669311.7],[562950.2,4669310.6],[562917.6,4669309.8],[562885.1,4669300.0],[562847.0,4669299.1],[562827.1,4669282.5],[562798.3,4669247.8],[562771.9,4669231.5],[562720.3,4669221.6],[562669.3,4669213.1],[562632.7,4669205.3],[562598.7,4669196.0],[562575.2,4669189.8],[562557.8,4669172.7],[562519.3,4669163.8],[562498.4,4669147.7],[562487.6,4669124.1],[562458.1,4669111.9],[562439.1,4669103.7],[562409.5,4669100.4],[562388.6,4669084.8],[562361.1,4669077.5],[562322.1,4669059.2],[562293.5,4669054.2],[562273.2,4669043.8],[562251.2,4669036.1],[562216.6,4669059.3],[562184.7,4669062.0],[562162.2,4669065.6],[562123.1,4669082.4],[562095.8,4669106.3],[562066.0,4669113.4],[562046.4,4669126.9],[562032.7,4669144.6],[562017.3,4669144.6],[562005.3,4669134.9],[561990.2,4669133.1],[561960.4,4669139.8],[561939.9,4669142.2],[561919.7,4669154.2],[561878.8,4669162.4],[561840.6,4669203.7],[561836.3,4669224.9],[561835.5,4669247.7],[561822.7,4669252.6],[561797.9,4669252.7],[561745.5,4669273.2],[561705.7,4669293.2],[561671.2,4669308.6],[561649.5,4669316.0],[561624.1,4669306.9],[561603.9,4669309.9],[561574.3,4669305.3],[561534.1,4669314.5],[561508.7,4669337.8],[561472.2,4669343.1],[561459.1,4669372.0],[561431.9,4669383.8],[561414.0,4669411.2],[561407.4,4669436.8],[561393.0,4669443.1],[561364.1,4669431.1],[561348.8,4669435.5],[561335.9,4669461.0],[561325.2,4669471.8],[561307.9,4669479.7],[561298.5,4669486.1],[561288.1,4669492.5],[561265.4,4669504.8],[561247.3,4669544.1],[561244.3,4669569.8],[561222.1,4669581.8],[561202.5,4669584.7],[561171.7,4669626.0],[561152.8,4669637.5],[561131.3,4669638.2],[561113.5,4669656.6],[561070.6,4669666.2],[561017.8,4669690.5],[560991.7,4669723.2],[560963.3,4669731.2],[560931.9,4669759.5],[560909.1,4669781.0],[560887.6,4669786.7],[560869.6,4669786.5],[560855.5,4669792.9],[560853.4,4669807.9],[560856.0,4669821.9],[560849.3,4669841.5],[560829.8,4669854.8],[560802.9,4669865.2],[560785.3,4669871.9],[560772.7,4669892.8],[560695.0,4669943.6],[560672.7,4669971.1],[560621.0,4669993.5],[560563.8,4670025.6],[560546.2,4670029.8],[560534.2,4670038.1],[560534.5,4670055.3],[560540.6,4670077.7],[560548.6,4670104.5],[560528.6,4670128.7],[560504.7,4670132.4],[560462.1,4670126.0],[560429.1,4670128.1],[560386.0,4670142.7],[560361.3,4670151.1],[560352.0,4670164.2],[560341.9,4670174.3],[560321.4,4670185.9],[560301.5,4670194.2],[560263.6,4670232.9],[560218.2,4670252.7],[560190.3,4670266.4],[560159.3,4670301.4],[560138.3,4670329.2],[560086.5,4670366.6],[560056.4,4670385.2],[560036.6,4670387.9],[560024.9,4670387.9],[560018.2,4670382.5],[560011.9,4670366.3],[560007.2,4670364.6],[559992.9,4670368.6],[559960.8,4670398.3],[559954.7,4670401.1],[559943.3,4670400.3],[559923.7,4670410.5],[559907.9,4670426.9],[559886.0,4670449.7],[559882.2,4670457.8],[559877.0,4670488.8],[559865.3,4670500.1],[559848.2,4670513.3],[559838.6,4670514.9],[559825.1,4670513.9],[559812.1,4670520.8],[559798.3,4670534.8],[559781.1,4670541.5],[559763.9,4670547.6],[559750.7,4670554.1],[559740.2,4670562.5],[559735.0,4670571.0],[559730.6,4670575.7],[559722.3,4670576.7],[559706.8,4670573.0],[559686.7,4670569.9],[559669.9,4670571.0],[559654.8,4670575.1],[559639.6,4670573.6],[559620.5,4670576.8],[559599.5,4670578.1],[559586.6,4670583.8],[559578.8,4670587.4],[559569.7,4670591.5],[559558.2,4670596.1],[559546.4,4670603.7],[559535.2,4670612.2],[559527.1,4670625.6],[559511.4,4670650.0],[559496.0,4670672.1],[559486.1,4670688.8],[559471.7,4670706.6],[559457.0,4670725.9],[559439.5,4670749.3],[559427.3,4670773.1],[559413.4,4670791.9],[559397.4,4670807.5],[559384.2,4670814.6],[559372.7,4670814.5],[559360.3,4670813.8],[559347.1,4670809.9],[559335.6,4670806.9],[559316.1,4670805.0],[559299.2,4670810.0],[559290.3,4670818.0],[559285.4,4670821.5],[559269.8,4670829.1],[559258.5,4670836.1],[559242.9,4670844.8],[559226.0,4670853.4],[559208.4,4670858.8],[559193.1,4670860.3],[559180.0,4670860.6],[559164.6,4670859.6],[559148.7,4670854.8],[559131.6,4670853.8],[559114.8,4670853.6],[559098.4,4670854.8],[559075.1,4670858.2],[559055.4,4670860.4],[559032.1,4670865.5],[559020.3,4670870.9],[559009.1,4670883.0],[558998.3,4670897.9],[558988.7,4670914.8],[558980.8,4670927.1],[558969.9,4670935.6],[558954.8,4670939.0],[558938.8,4670942.6],[558920.0,4670945.6],[558898.5,4670949.4],[558872.2,4670953.3],[558849.2,4670961.1],[558830.3,4670971.9],[558817.7,4670982.6],[558800.1,4670992.8],[558782.7,4670998.3],[558766.2,4671004.2],[558745.1,4671010.2],[558725.2,4671014.4],[558693.5,4671014.5],[558665.5,4671014.7],[558642.3,4671017.1],[558619.7,4671019.8],[558600.4,4671025.0],[558578.1,4671033.5],[558561.3,4671045.2],[558545.6,4671058.8],[558529.3,4671064.5],[558506.3,4671068.6],[558481.7,4671065.5],[558471.1,4671063.0],[558455.7,4671056.7],[558435.2,4671046.3],[558420.0,4671034.7],[558406.4,4671023.8],[558387.6,4671012.2],[558370.9,4671003.0],[558355.0,4670995.4],[558336.0,4670989.5],[558318.5,4670987.8],[558303.2,4670983.7],[558285.8,4670981.1],[558267.4,4670980.1],[558253.2,4670977.8],[558241.8,4670971.5],[558230.1,4670961.2],[558220.0,4670954.1],[558210.0,4670947.4],[558196.7,4670948.3],[558180.9,4670952.6],[558163.8,4670958.4],[558150.8,4670963.0],[558136.8,4670967.1],[558123.7,4670973.6],[558112.6,4670976.6],[558098.4,4670980.4],[558079.1,4670986.9],[558058.9,4670992.1],[558035.1,4670997.1],[558012.1,4671001.2],[557991.9,4671003.9],[557976.4,4671005.9],[557957.5,4671007.3],[557940.7,4671008.1],[557924.7,4671007.9],[557908.6,4671007.8],[557890.6,4671006.8],[557873.4,4671003.5],[557853.0,4671000.3],[557836.2,4671000.8],[557818.7,4671004.0],[557796.7,4671008.2],[557772.3,4671017.9],[557754.9,4671029.9],[557736.0,4671041.9],[557719.0,4671053.3],[557703.0,4671061.5],[557685.7,4671066.0],[557670.4,4671066.5],[557655.6,4671066.9],[557638.1,4671070.5],[557602.3,4671083.6],[557581.6,4671091.0],[557569.2,4671098.9],[557552.4,4671101.7],[557529.4,4671099.7],[557514.0,4671097.9],[557493.4,4671103.9],[557472.7,4671115.0],[557455.5,4671127.7],[557445.5,4671139.5],[557435.6,4671148.5],[557424.7,4671162.5],[557411.6,4671185.4],[557397.3,4671207.1],[557386.3,4671223.3],[557373.1,4671234.3],[557359.6,4671237.5],[557342.1,4671233.8],[557326.2,4671228.8],[557306.3,4671224.7],[557297.3,4671222.8],[557275.4,4671218.2],[557250.4,4671215.8],[557230.9,4671215.2],[557218.0,4671214.0],[557201.7,4671211.9],[557182.0,4671209.7],[557162.9,4671212.0],[557150.9,4671216.6],[557139.6,4671222.8],[557127.6,4671235.5],[557122.5,4671258.4],[557115.1,4671274.1],[557107.6,4671294.3],[557099.3,4671310.5],[557089.1,4671334.3],[557082.7,4671348.8],[557072.5,4671357.3],[557063.4,4671360.7],[557040.2,4671365.0],[557019.1,4671367.7],[556996.6,4671378.8],[556974.8,4671388.1],[556954.3,4671397.2],[556934.8,4671405.2],[556912.2,4671409.7],[556891.8,4671411.7],[556869.6,4671414.9],[556833.6,4671422.1],[556806.1,4671429.4],[556780.4,4671433.1],[556749.9,4671426.3],[556727.8,4671416.8],[556708.4,4671411.3],[556685.4,4671404.1],[556664.2,4671397.3],[556646.1,4671388.3],[556626.2,4671380.7],[556608.1,4671376.1],[556587.3,4671368.0],[556571.0,4671358.6],[556552.5,4671348.8],[556531.8,4671338.4],[556511.0,4671331.6],[556484.9,4671330.6],[556461.3,4671338.8],[556444.0,4671352.3],[556428.8,4671368.5],[556414.8,4671395.3],[556400.0,4671418.6],[556380.4,4671433.0],[556360.4,4671438.1],[556341.3,4671445.5],[556320.9,4671448.9],[556292.5,4671460.5],[556264.9,4671470.5],[556248.7,4671487.4],[556235.1,4671495.1],[556219.6,4671517.1],[556205.9,4671531.6],[556189.4,4671547.6],[556175.5,4671559.4],[556150.6,4671570.5],[556129.3,4671576.6],[556107.9,4671578.2],[556086.7,4671571.8],[556075.6,4671564.0],[556068.0,4671558.5],[556054.1,4671539.1],[556032.1,4671525.4],[556021.4,4671516.7],[556005.6,4671505.7],[555993.2,4671499.5],[555980.9,4671491.1],[555968.6,4671476.9],[555955.8,4671462.7],[555940.9,4671442.7],[555928.2,4671429.4],[555914.1,4671414.3],[555903.6,4671402.3],[555879.8,4671384.9],[555855.1,4671377.2],[555831.6,4671374.8],[555803.3,4671373.2],[555779.8,4671373.9],[555756.2,4671381.7],[555722.2,4671369.9],[555693.9,4671361.3],[555673.2,4671349.7],[555650.8,4671328.8],[555626.2,4671305.6],[555600.6,4671289.1],[555571.0,4671279.2],[555538.7,4671272.3],[555523.1,4671268.0],[555518.8,4671266.8],[555495.0,4671262.7],[555479.0,4671263.9],[555464.8,4671269.0],[555446.7,4671278.3],[555427.4,4671290.8],[555408.6,4671304.6],[555394.4,4671318.1],[555384.1,4671336.5],[555375.0,4671356.1],[555347.4,4671393.7],[555335.6,4671404.9],[555325.0,4671415.3],[555312.3,4671428.3],[555300.0,4671442.0],[555289.5,4671450.8],[555269.2,4671469.2],[555250.0,4671485.6],[555230.7,4671497.8],[555206.9,4671508.6],[555179.8,4671519.9],[555150.9,4671531.8],[555131.6,4671535.2],[555113.0,4671535.5],[555090.6,4671535.3],[555066.4,4671544.4],[555038.2,4671556.3],[555016.8,4671567.2],[555000.1,4671581.4],[554983.2,4671596.7],[554967.3,4671612.3],[554951.9,4671627.8],[554935.8,4671650.4],[554920.4,4671669.0],[554909.6,4671691.0],[554906.1,4671708.6],[554904.6,4671733.5],[554904.9,4671752.3],[554906.0,4671781.2],[554907.7,4671792.0],[554911.1,4671807.7],[554909.0,4671824.3],[554901.5,4671841.6],[554893.2,4671855.7],[554886.5,4671862.7],[554872.3,4671871.7],[554851.4,4671877.9],[554833.5,4671879.1],[554809.7,4671887.7],[554794.2,4671891.6],[554777.5,4671893.9],[554765.1,4671901.3],[554753.3,4671909.1],[554730.5,4671912.3],[554712.7,4671918.5],[554691.2,4671924.3],[554672.3,4671932.1],[554651.6,4671941.7],[554633.2,4671950.6],[554614.9,4671962.1],[554590.2,4671975.8],[554565.2,4671982.7],[554536.1,4671989.3],[554512.6,4671993.3],[554490.6,4671994.9],[554464.9,4671994.9],[554443.0,4671998.5],[554424.2,4671997.7],[554411.4,4671992.1],[554403.5,4671987.4],[554392.5,4671974.5],[554380.4,4671957.6],[554371.4,4671944.6],[554358.9,4671928.6],[554350.4,4671921.2],[554334.0,4671913.6],[554299.3,4671912.9],[554262.1,4671912.4],[554236.1,4671912.4],[554219.0,4671918.9],[554202.8,4671930.7],[554173.0,4671949.6],[554145.9,4671958.0],[554118.0,4671958.5],[554085.3,4671952.1],[554062.0,4671946.4],[554029.9,4671947.9],[553993.4,4671949.4],[553961.2,4671951.1],[553937.5,4671952.7],[553915.6,4671949.9],[553905.7,4671949.1],[553884.7,4671945.7],[553862.1,4671945.3],[553833.7,4671942.9],[553813.2,4671939.0],[553790.8,4671934.8],[553755.0,4671931.9],[553729.8,4671925.7],[553704.1,4671923.8],[553661.7,4671918.9],[553634.8,4671911.0],[553607.3,4671903.0],[553584.6,4671889.6],[553557.9,4671873.2],[553535.8,4671875.4],[553518.0,4671883.1],[553487.4,4671909.1],[553471.4,4671920.8],[553456.6,4671934.8],[553444.9,4671948.7],[553433.9,4671966.0],[553427.4,4671977.8],[553412.6,4671988.4],[553393.3,4671997.4],[553375.9,4672003.9],[553352.7,4672014.5],[553327.7,4672017.7],[553302.7,4672024.4],[553279.6,4672024.1],[553257.7,4672023.5],[553233.7,4672021.8],[553217.9,4672020.7],[553196.3,4672012.4],[553173.1,4672002.9],[553150.2,4671988.3],[553134.4,4671964.5],[553126.1,4671950.9],[553112.4,4671938.3],[553093.9,4671927.3],[553079.5,4671928.2],[553066.2,4671933.2],[553048.8,4671944.4],[553036.9,4671951.8],[553014.5,4671957.8],[552993.9,4671958.1],[552978.6,4671958.2],[552955.8,4671958.3],[552932.5,4671956.8],[552907.6,4671949.5],[552880.2,4671938.7],[552857.5,4671926.9],[552837.6,4671912.8],[552818.7,4671895.9],[552798.7,4671881.4],[552780.2,4671864.5],[552763.5,4671851.1],[552743.6,4671843.7],[552723.7,4671839.4],[552698.7,4671833.6],[552682.3,4671832.9],[552653.5,4671836.2],[552622.7,4671844.1],[552602.0,4671858.1],[552587.0,4671873.0],[552566.9,4671890.9],[552551.3,4671906.0],[552528.6,4671929.7],[552510.5,4671949.4],[552481.3,4671970.6],[552462.8,4671984.8],[552431.6,4672013.7],[552410.6,4672045.1],[552396.0,4672067.3],[552370.5,4672106.3],[552353.7,4672128.7],[552332.4,4672157.9],[552312.3,4672188.0],[552293.7,4672213.2],[552279.4,4672229.7],[552266.0,4672245.9],[552252.8,4672258.4],[552236.4,4672270.8],[552224.1,4672277.6],[552216.4,4672279.1],[552201.1,4672277.8],[552184.5,4672272.4],[552168.6,4672267.2],[552155.4,4672262.3],[552140.2,4672253.6],[552113.9,4672243.0],[552090.9,4672237.1],[552058.6,4672230.2],[552046.8,4672228.7],[552036.5,4672227.4],[552013.0,4672232.1],[551989.4,4672244.3],[551970.5,4672261.1],[551947.3,4672284.6],[551922.6,4672298.5],[551894.0,4672307.3],[551873.5,4672314.2],[551855.1,4672321.8],[551827.6,4672331.6],[551796.1,4672336.2],[551769.3,4672340.8],[551738.5,4672341.3],[551711.3,4672338.9],[551682.8,4672326.8],[551654.5,4672321.9],[551621.3,4672315.9],[551590.5,4672316.4],[551565.6,4672325.9],[551542.7,4672338.7],[551516.2,4672354.3],[551498.4,4672368.6],[551478.9,4672388.4],[551458.3,4672412.7],[551440.2,4672431.3],[551421.9,4672450.2],[551408.1,4672466.4],[551399.5,4672474.5],[551385.2,4672488.6],[551366.3,4672512.4],[551350.2,4672531.3],[551341.3,4672537.6],[551327.1,4672549.8],[551317.4,4672567.6],[551305.6,4672581.4],[551294.1,4672604.5],[551281.6,4672627.6],[551271.6,4672651.3],[551262.4,4672670.0],[551252.7,4672697.8],[551241.7,4672715.1],[551226.5,4672734.0],[551209.8,4672753.7],[551195.5,4672766.4],[551172.4,4672784.8],[551145.9,4672802.7],[551130.5,4672812.7],[551110.8,4672819.4],[551099.0,4672823.7],[551072.8,4672831.9],[551048.2,4672840.1],[551020.9,4672849.7],[550991.5,4672866.4],[550969.5,4672878.6],[550954.1,4672891.7],[550934.9,4672912.8],[550919.1,4672931.9],[550910.1,4672946.8],[550898.7,4672965.2],[550883.1,4672982.8],[550869.0,4673004.1],[550854.5,4673015.0],[550833.6,4673030.9],[550812.4,4673050.0],[550793.6,4673071.5],[550772.0,4673093.6],[550754.6,4673110.0],[550737.4,4673125.1],[550723.4,4673144.6],[550715.4,4673170.4],[550714.1,4673193.8],[550718.4,4673216.7],[550720.5,4673234.9],[550717.4,4673261.1],[550714.6,4673284.2],[550704.7,4673305.8],[550690.3,4673332.6],[550677.6,4673354.6],[550671.5,4673365.8],[550667.2,4673378.1],[550665.3,4673390.6],[550664.8,4673407.6],[550663.8,4673423.5],[550660.5,4673441.6],[550646.0,4673461.3],[550632.6,4673471.4],[550617.1,4673479.2],[550609.3,4673482.4],[550591.3,4673489.4],[550578.5,4673494.6],[550566.9,4673500.7],[550553.8,4673509.4],[550542.6,4673521.9],[550530.3,4673537.5],[550522.9,4673553.5],[550523.0,4673567.7],[550527.1,4673583.1],[550531.0,4673601.7],[550535.7,4673620.5],[550546.2,4673641.0],[550552.9,4673655.4],[550563.2,4673675.8],[550572.6,4673699.0],[550577.8,4673715.0],[550582.7,4673735.0],[550589.5,4673751.9],[550597.7,4673768.5],[550610.4,4673791.7],[550623.5,4673819.6],[550637.1,4673841.8],[550650.2,4673862.2],[550667.8,4673883.4],[550681.3,4673901.7],[550692.7,4673918.9],[550711.1,4673949.9],[550718.9,4673980.9],[550722.1,4674017.5],[550718.4,4674047.5],[550712.5,4674069.9],[550698.0,4674105.6],[550677.5,4674134.6],[550663.2,4674151.2],[550649.8,4674166.6],[550636.4,4674188.5],[550618.9,4674210.9],[550605.9,4674235.0],[550593.3,4674260.6],[550573.2,4674291.3],[550557.9,4674322.5],[550547.9,4674350.2],[550545.5,4674391.2],[550546.9,4674429.6],[550548.7,4674449.5],[550549.4,4674457.8],[550563.4,4674482.7],[550582.2,4674513.7],[550594.9,4674533.6],[550601.8,4674559.7],[550595.9,4674581.7],[550579.9,4674593.9],[550556.7,4674611.4],[550539.2,4674638.7],[550520.0,4674666.7],[550503.8,4674708.1],[550482.3,4674734.8],[550458.3,4674755.8],[550432.9,4674774.6],[550414.6,4674795.7],[550402.0,4674829.5],[550399.1,4674853.8],[550400.7,4674878.1],[550423.9,4674917.9],[550437.4,4674947.6],[550444.8,4674968.8],[550452.6,4674990.5],[550455.1,4675009.9],[550450.5,4675035.9],[550439.7,4675058.7],[550432.8,4675092.2],[550432.6,4675116.5],[550431.6,4675144.7],[550413.7,4675167.9],[550386.6,4675180.1],[550362.2,4675192.3],[550343.4,4675209.3],[550332.2,4675230.9],[550319.2,4675257.3],[550309.7,4675281.0],[550294.5,4675299.0],[550277.1,4675321.8],[550258.4,4675345.5],[550239.1,4675364.7],[550215.0,4675396.8],[550188.7,4675431.9],[550166.8,4675462.1],[550140.0,4675493.7],[550121.6,4675526.2],[550109.5,4675549.5],[550090.7,4675584.2],[550079.8,4675620.3],[550066.2,4675654.6],[550053.2,4675681.0],[550043.7,4675706.9],[550044.4,4675733.8],[550054.9,4675753.3],[550068.5,4675772.4],[550090.9,4675797.2],[550113.8,4675812.8],[550138.2,4675831.4],[550184.3,4675865.8],[550210.3,4675883.2],[550246.7,4675910.2],[550273.2,4675931.0],[550301.4,4675953.3],[550329.6,4675976.0],[550350.7,4675992.3],[550380.1,4676022.9],[550394.2,4676034.7],[550411.0,4676049.5],[550415.1,4676053.1],[550430.5,4676072.0],[550451.1,4676096.0],[550455.8,4676103.5],[550467.5,4676122.3],[550470.7,4676140.0],[550475.3,4676153.7],[550483.1,4676178.2],[550494.6,4676197.5],[550505.8,4676216.1],[550515.2,4676230.3],[550525.3,4676249.5],[550539.0,4676272.1],[550552.3,4676298.2],[550558.6,4676316.1],[550564.9,4676336.3],[550579.7,4676366.1],[550596.1,4676395.4],[550611.6,4676423.2],[550625.8,4676453.6],[550634.2,4676479.4],[550641.6,4676506.1],[550645.8,4676532.2],[550647.0,4676550.7],[550656.9,4676568.0],[550676.4,4676589.3],[550689.6,4676598.9],[550708.3,4676613.4],[550728.3,4676629.8],[550747.3,4676641.6],[550761.8,4676651.7],[550775.7,4676664.3],[550782.8,4676680.3],[550786.5,4676698.4],[550787.9,4676715.8],[550787.3,4676742.5],[550786.0,4676767.8],[550787.1,4676801.5],[550797.0,4676839.3],[550809.8,4676871.2],[550823.6,4676890.2],[550838.3,4676909.5],[550857.2,4676926.8],[550886.0,4676950.0],[550906.2,4676970.2],[550920.3,4676989.7],[550930.9,4677015.8],[550937.8,4677039.9],[550952.0,4677061.8],[550965.4,4677084.4],[550975.8,4677106.8],[550990.3,4677130.9],[551007.4,4677154.8],[551027.3,4677180.1],[551044.7,4677197.9],[551065.8,4677213.5],[551086.7,4677229.5],[551112.4,4677251.9],[551133.4,4677263.1],[551156.3,4677271.9],[551186.4,4677276.3],[551210.5,4677279.8],[551227.7,4677286.1],[551242.0,4677291.5],[551256.3,4677298.4],[551270.8,4677299.1],[551286.1,4677299.7],[551303.5,4677296.1],[551321.7,4677294.0],[551343.2,4677291.7],[551375.1,4677288.9],[551398.1,4677282.9],[551430.4,4677281.2],[551447.9,4677275.6],[551456.9,4677269.6]]},"properties":{"kind":"stream","name":"West Kill","osmId":291351592}},{"type":"Feature","geometry":{"type":"LineString","coordinates":[[561308.2,4669468.2],[561300.2,4669475.9],[561292.5,4669479.7],[561285.7,4669481.6],[561279.2,4669482.0],[561272.9,4669486.4],[561259.3,4669502.4],[561242.3,4669517.6],[561224.9,4669536.6],[561208.7,4669544.3],[561199.3,4669549.6],[561187.3,4669560.6],[561179.6,4669566.3],[561174.9,4669567.3],[561167.9,4669565.2],[561160.4,4669560.7],[561144.6,4669552.7],[561135.6,4669542.0],[561119.2,4669533.1],[561105.2,4669526.3],[561092.4,4669515.0],[561085.4,4669509.6],[561071.6,4669509.4],[561059.8,4669508.2],[561047.5,4669504.7],[561032.1,4669493.5],[561013.1,4669477.3],[560995.6,4669467.6],[560980.3,4669463.7],[560963.9,4669462.2],[560946.7,4669461.6],[560917.3,4669444.1],[560904.7,4669439.2],[560886.1,4669420.5],[560874.8,4669407.0],[560844.1,4669377.7],[560812.2,4669342.7],[560801.5,4669327.4],[560794.8,4669316.1],[560788.4,4669307.2],[560773.2,4669289.8],[560761.5,4669275.4],[560738.2,4669255.6],[560735.5,4669247.0],[560730.1,4669239.7],[560731.9,4669197.3],[560729.0,4669182.4],[560727.1,4669178.4],[560727.2,4669171.6],[560729.4,4669166.7],[560738.1,4669163.3],[560745.8,4669156.1],[560756.8,4669141.6],[560769.0,4669129.6],[560772.1,4669119.7],[560771.9,4669109.7],[560767.5,4669099.6],[560762.6,4669090.3],[560756.5,4669082.5],[560750.9,4669076.7],[560739.9,4669066.9],[560725.6,4669057.8],[560711.3,4669049.3],[560694.7,4669036.5],[560680.0,4669030.3],[560661.1,4669018.9],[560649.8,4669014.9],[560633.3,4669011.2],[560615.3,4669011.0],[560594.2,4669011.5],[560561.5,4669015.7],[560542.8,4669019.0],[560528.6,4669020.0],[560515.9,4669019.0],[560501.9,4669021.2],[560488.0,4669026.9],[560472.4,4669028.6],[560457.6,4669029.7],[560446.1,4669035.4],[560436.1,4669038.0],[560427.9,4669039.2],[560418.5,4669042.0],[560410.8,4669045.6],[560401.6,4669046.7],[560395.9,4669046.0],[560389.3,4669044.7],[560382.0,4669040.2],[560378.9,4669034.4],[560378.5,4669030.8],[560377.9,4669022.5],[560380.2,4669009.9],[560379.5,4668998.7],[560382.7,4668985.4],[560390.3,4668978.4],[560398.8,4668974.4],[560410.1,4668970.0],[560419.6,4668967.5],[560422.5,4668964.1],[560423.5,4668950.3],[560422.5,4668942.1],[560420.5,4668931.0],[560422.8,4668923.4],[560422.9,4668909.2],[560427.5,4668898.3],[560427.0,4668891.1],[560423.6,4668882.4],[560423.0,4668869.8],[560418.3,4668861.2],[560416.1,4668851.3],[560413.0,4668843.1],[560408.9,4668836.3],[560410.1,4668832.3],[560415.3,4668823.1],[560416.3,4668814.3],[560415.6,4668809.6],[560411.1,4668803.8],[560402.5,4668798.7],[560389.2,4668791.7],[560378.7,4668788.3],[560370.0,4668784.7],[560364.6,4668778.2],[560357.7,4668770.8],[560348.4,4668768.0],[560335.7,4668766.3],[560323.1,4668761.6],[560314.9,4668759.7],[560305.9,4668755.5],[560292.1,4668745.0],[560277.0,4668733.6],[560266.6,4668725.8],[560258.8,4668722.2],[560250.1,4668716.5],[560246.9,4668710.2],[560243.6,4668704.0],[560242.4,4668697.3],[560236.8,4668688.6],[560233.5,4668680.5],[560234.6,4668671.8],[560234.1,4668662.8],[560230.9,4668651.6],[560226.7,4668645.8],[560220.5,4668639.0],[560214.3,4668634.7],[560204.4,4668630.2],[560193.8,4668629.2],[560183.3,4668624.3],[560172.3,4668616.7],[560163.2,4668612.3],[560150.5,4668600.4],[560140.0,4668591.4],[560136.1,4668585.6],[560124.8,4668579.2],[560116.4,4668563.9],[560111.5,4668557.1],[560105.0,4668553.3],[560096.3,4668551.7],[560085.1,4668549.0],[560073.0,4668541.1],[560059.3,4668534.3],[560049.4,4668530.8],[560039.1,4668528.8],[560029.9,4668524.4],[560016.3,4668524.2],[560009.3,4668526.2],[560003.8,4668534.6],[559996.5,4668541.6],[559990.4,4668544.3],[559980.8,4668547.8],[559972.8,4668547.0],[559967.0,4668546.0],[559961.6,4668549.3],[559956.9,4668557.7],[559951.7,4668561.8],[559946.4,4668565.7],[559940.4,4668565.4],[559931.6,4668562.7],[559922.4,4668560.0],[559912.8,4668560.8],[559905.0,4668560.0],[559898.0,4668557.4],[559887.6,4668555.1],[559880.8,4668555.3],[559874.7,4668556.8],[559867.6,4668559.4],[559860.8,4668562.5],[559855.1,4668566.8],[559848.4,4668571.1],[559838.9,4668574.8],[559826.9,4668578.8],[559814.3,4668578.6],[559805.2,4668579.6],[559795.5,4668585.1],[559786.7,4668594.1],[559772.3,4668605.4],[559762.9,4668611.7],[559756.6,4668613.6],[559746.8,4668614.9],[559735.9,4668616.3],[559726.8,4668619.5],[559719.3,4668624.3],[559712.1,4668630.1],[559702.4,4668634.4],[559695.0,4668636.6],[559686.1,4668638.9],[559675.7,4668638.6],[559662.8,4668639.8],[559655.5,4668642.1],[559647.4,4668647.2],[559640.3,4668652.9],[559635.2,4668658.9],[559630.4,4668668.2],[559624.5,4668683.3],[559619.9,4668697.0],[559617.7,4668703.4],[559614.0,4668706.2],[559608.6,4668706.4],[559601.8,4668708.8],[559591.2,4668717.1],[559580.6,4668726.6],[559574.5,4668730.3],[559569.2,4668731.9],[559560.5,4668732.8],[559554.6,4668736.7],[559549.8,4668743.5],[559541.5,4668751.1],[559531.6,4668757.2],[559517.1,4668763.9],[559508.4,4668770.3],[559500.0,4668774.1],[559491.2,4668775.5],[559481.6,4668779.0],[559472.1,4668782.5],[559462.5,4668787.9],[559450.1,4668798.9],[559441.7,4668809.7],[559436.0,4668813.8],[559428.2,4668814.8],[559418.4,4668812.7],[559407.3,4668808.7],[559400.2,4668805.2],[559392.6,4668805.0],[559382.2,4668809.0],[559376.2,4668812.7],[559369.3,4668813.3],[559359.4,4668816.2],[559347.5,4668814.8],[559335.9,4668817.1],[559321.1,4668822.3],[559296.8,4668826.5],[559281.6,4668827.4],[559262.8,4668827.1],[559241.6,4668828.2],[559226.5,4668831.9],[559208.0,4668834.1],[559195.9,4668836.6],[559189.2,4668840.3],[559183.9,4668841.3],[559176.1,4668840.5],[559169.4,4668837.7],[559161.7,4668833.6],[559155.0,4668829.8],[559150.9,4668829.7],[559145.7,4668831.1],[559132.0,4668838.8],[559123.4,4668847.4],[559118.3,4668850.8],[559112.9,4668852.3],[559107.8,4668852.4],[559089.1,4668850.6],[559081.2,4668850.5],[559074.2,4668849.0],[559067.3,4668849.6],[559061.7,4668851.9],[559050.2,4668853.6],[559031.2,4668856.5],[559014.1,4668853.8],[558999.1,4668846.5],[558987.9,4668840.9],[558976.3,4668840.8],[558964.0,4668841.7],[558953.7,4668839.9],[558942.8,4668835.0],[558937.4,4668830.1],[558929.7,4668827.7],[558925.2,4668827.8],[558919.3,4668826.0],[558913.1,4668823.7],[558901.2,4668817.4],[558892.2,4668810.1],[558885.4,4668805.5],[558877.8,4668804.7],[558869.7,4668807.1],[558863.9,4668807.0],[558858.7,4668804.5],[558852.1,4668799.9],[558846.7,4668797.6],[558838.4,4668797.1],[558831.6,4668797.0],[558827.6,4668794.8],[558826.4,4668789.8],[558826.7,4668780.9],[558822.9,4668774.8],[558817.0,4668769.8],[558812.5,4668766.4],[558805.7,4668764.7],[558799.6,4668763.4],[558793.4,4668760.2],[558789.3,4668758.2],[558784.5,4668754.8],[558779.8,4668752.6],[558764.5,4668744.2],[558756.6,4668740.2],[558752.0,4668735.4],[558741.7,4668724.9],[558733.1,4668715.5],[558726.8,4668712.2],[558716.3,4668703.2],[558709.1,4668699.3],[558706.0,4668695.8],[558701.7,4668688.5],[558697.2,4668680.4],[558695.4,4668673.5],[558693.0,4668668.4],[558686.7,4668657.4],[558681.9,4668648.9],[558676.0,4668635.6],[558673.3,4668630.8],[558666.7,4668620.6],[558658.5,4668614.8],[558651.7,4668612.8],[558644.8,4668614.2],[558636.0,4668613.7],[558629.2,4668611.6],[558624.4,4668607.5],[558619.4,4668597.8],[558615.3,4668591.8],[558613.8,4668585.8],[558611.5,4668573.0],[558610.8,4668562.1],[558609.3,4668555.1],[558609.2,4668547.0],[558607.5,4668543.1],[558604.4,4668541.2],[558599.2,4668539.3],[558591.9,4668537.4],[558576.9,4668535.7],[558571.8,4668533.1],[558565.4,4668529.4],[558561.7,4668524.0],[558557.6,4668515.6],[558551.6,4668508.0],[558542.8,4668497.6],[558533.0,4668489.9],[558527.6,4668482.4],[558526.3,4668475.4],[558523.0,4668466.7],[558514.7,4668454.4],[558511.8,4668451.2],[558509.1,4668444.3],[558506.5,4668434.5],[558500.1,4668427.6],[558495.1,4668422.2],[558486.7,4668419.7],[558474.3,4668417.6],[558468.9,4668414.3],[558462.9,4668411.6],[558456.8,4668412.2],[558450.1,4668416.2],[558443.4,4668422.6],[558437.3,4668428.6],[558430.7,4668432.1],[558415.4,4668439.1],[558396.8,4668449.2],[558388.2,4668452.8],[558380.7,4668458.4],[558376.7,4668465.1],[558373.9,4668470.0],[558371.4,4668471.9],[558360.5,4668472.2],[558349.2,4668473.9],[558339.8,4668472.2],[558332.0,4668469.8],[558323.9,4668464.3],[558313.8,4668457.0],[558308.0,4668448.3],[558298.4,4668439.3],[558294.5,4668431.2],[558291.4,4668424.5],[558286.4,4668420.1],[558278.1,4668417.3],[558272.2,4668417.7],[558265.7,4668421.9],[558257.8,4668424.1],[558249.9,4668424.7],[558242.2,4668428.4],[558228.1,4668429.1],[558217.7,4668432.4],[558193.8,4668435.2],[558187.0,4668435.6],[558180.6,4668437.8],[558167.5,4668445.9],[558155.0,4668455.6],[558148.9,4668458.7],[558139.4,4668461.6],[558130.6,4668463.5],[558117.7,4668464.0],[558107.3,4668464.1],[558080.1,4668463.7],[558065.5,4668463.8],[558054.6,4668467.3],[558041.5,4668469.6],[558032.1,4668470.0],[558015.2,4668470.2],[558004.0,4668470.0],[557993.7,4668470.5],[557981.0,4668470.9],[557976.6,4668470.0],[557958.3,4668462.5],[557952.5,4668461.2],[557942.4,4668461.8],[557934.8,4668464.7],[557928.7,4668467.7],[557918.2,4668470.7],[557907.8,4668472.1],[557887.7,4668472.8],[557875.7,4668470.1],[557864.6,4668468.8],[557856.8,4668465.9],[557850.2,4668460.5],[557845.0,4668458.6],[557839.2,4668458.2],[557832.6,4668459.8],[557821.4,4668466.4],[557813.7,4668468.7],[557803.6,4668469.4],[557791.8,4668468.0],[557775.1,4668468.7],[557762.2,4668470.5],[557751.3,4668471.5],[557733.0,4668472.6],[557717.0,4668471.2],[557710.8,4668473.5],[557701.1,4668481.6],[557697.7,4668485.2],[557691.6,4668487.2],[557682.2,4668486.7],[557672.5,4668483.8],[557666.3,4668477.9],[557658.0,4668475.6],[557650.3,4668476.9],[557643.9,4668481.4],[557628.5,4668494.0],[557625.0,4668502.4],[557615.3,4668512.5],[557610.9,4668516.8],[557606.8,4668519.9],[557604.5,4668524.6],[557598.0,4668530.3],[557587.5,4668533.5],[557577.2,4668541.2],[557570.5,4668547.7],[557558.8,4668554.9],[557553.2,4668556.2],[557545.7,4668563.9],[557536.3,4668569.1],[557529.6,4668570.9],[557525.2,4668569.7],[557521.7,4668565.3],[557515.8,4668562.7],[557508.1,4668564.0],[557499.4,4668571.4],[557491.9,4668577.9],[557484.2,4668586.8],[557473.2,4668592.5],[557461.4,4668595.8],[557448.0,4668596.1],[557431.9,4668599.8],[557418.5,4668601.3],[557402.9,4668605.9],[557388.5,4668611.8],[557378.5,4668615.9],[557368.5,4668616.9],[557358.5,4668616.6],[557352.3,4668616.1],[557340.5,4668616.5],[557329.3,4668613.8],[557317.6,4668610.3],[557308.4,4668611.2],[557296.1,4668614.4],[557286.5,4668617.1],[557270.0,4668618.0],[557255.5,4668620.4],[557247.7,4668619.6],[557240.0,4668613.6],[557236.0,4668605.3],[557228.8,4668601.0],[557219.9,4668600.5],[557212.7,4668595.7],[557204.0,4668590.9],[557196.0,4668589.2],[557172.3,4668587.7],[557157.6,4668584.3],[557144.3,4668583.8],[557133.0,4668587.6],[557126.1,4668589.1],[557112.9,4668593.1],[557099.7,4668596.5],[557081.6,4668597.4],[557072.0,4668599.7],[557062.3,4668603.9],[557054.6,4668607.8],[557041.9,4668610.9],[557027.8,4668612.6],[557012.4,4668613.3],[556989.0,4668611.1],[556972.2,4668612.2],[556959.7,4668611.5],[556951.8,4668610.2],[556935.6,4668616.0],[556925.8,4668621.7],[556913.0,4668623.3],[556895.8,4668629.4],[556886.2,4668633.0],[556857.2,4668648.3],[556849.6,4668649.7],[556838.2,4668655.9],[556824.8,4668669.0],[556817.8,4668676.8],[556800.7,4668688.8],[556787.2,4668701.6],[556777.6,4668705.5],[556761.5,4668716.6],[556751.8,4668719.9],[556746.7,4668723.8],[556741.3,4668738.0],[556738.2,4668742.4],[556728.7,4668751.2],[556717.1,4668756.4],[556706.5,4668757.2],[556692.9,4668759.1],[556682.3,4668762.3],[556669.7,4668763.3],[556656.8,4668770.0],[556646.5,4668780.3],[556638.2,4668785.6],[556633.9,4668795.3],[556631.5,4668824.6],[556627.0,4668832.5],[556617.0,4668838.8],[556601.7,4668840.9],[556574.4,4668841.3],[556540.3,4668839.3],[556518.4,4668833.6],[556501.6,4668835.7],[556489.1,4668844.6],[556471.8,4668847.4],[556423.7,4668847.9],[556395.8,4668852.3],[556376.2,4668860.7],[556353.5,4668868.7],[556334.0,4668878.7],[556316.6,4668883.4],[556302.2,4668892.8],[556289.5,4668899.5],[556280.6,4668907.2],[556271.0,4668915.1],[556261.0,4668920.3],[556254.9,4668929.1],[556244.4,4668937.6],[556231.7,4668944.3],[556218.0,4668949.1],[556210.3,4668955.4],[556203.0,4668957.7],[556192.4,4668959.1],[556180.0,4668962.7],[556174.8,4668967.3],[556171.9,4668974.7],[556168.7,4668987.7],[556163.3,4668993.8],[556149.7,4669002.1],[556140.9,4669008.7],[556134.4,4669011.9],[556128.0,4669011.3],[556118.5,4669008.3],[556101.8,4669005.4],[556086.2,4669001.6],[556069.3,4668999.3],[556055.6,4668998.8],[556042.3,4669005.2],[556030.3,4669006.5],[556019.6,4669007.9],[556005.3,4669012.4],[555996.6,4669016.8],[555987.5,4669021.6],[555975.8,4669029.6],[555964.0,4669043.9],[555960.0,4669050.3],[555950.2,4669056.5],[555938.6,4669065.8],[555929.3,4669073.6],[555919.4,4669084.4],[555915.1,4669091.0],[555908.8,4669099.6],[555901.1,4669105.3],[555893.3,4669109.1],[555882.3,4669111.5],[555871.4,4669112.7],[555863.2,4669114.3],[555857.0,4669118.8],[555851.2,4669124.3],[555847.6,4669129.4],[555847.6,4669135.0],[555850.4,4669141.2],[555852.8,4669153.5],[555855.3,4669175.1],[555857.4,4669185.1],[555859.1,4669195.0],[555852.6,4669212.4],[555851.5,4669257.8],[555848.7,4669270.2],[555841.8,4669281.8],[555840.1,4669297.7],[555834.2,4669311.6],[555824.7,4669337.1],[555823.5,4669359.4],[555819.0,4669384.5],[555812.9,4669399.5],[555810.7,4669425.3],[555802.8,4669442.2],[555801.6,4669459.2],[555803.4,4669481.1],[555803.0,4669511.3],[555803.9,4669533.6],[555801.4,4669546.4],[555794.2,4669556.0],[555787.1,4669561.1],[555774.4,4669563.8],[555761.3,4669561.6],[555723.3,4669543.5],[555716.8,4669542.1],[555684.6,4669525.5],[555666.5,4669509.3],[555658.3,4669507.1],[555636.1,4669494.3],[555623.2,4669492.9],[555608.2,4669488.8],[555576.6,4669472.6],[555556.1,4669469.4],[555535.6,4669455.8],[555525.0,4669452.4],[555508.0,4669443.2],[555483.0,4669439.0],[555468.4,4669432.5],[555456.7,4669430.9],[555429.7,4669422.5],[555405.2,4669418.6],[555373.6,4669406.4],[555344.4,4669402.2],[555317.4,4669395.6],[555289.1,4669385.4],[555268.5,4669381.7],[555255.1,4669375.2],[555229.9,4669368.6],[555204.0,4669356.9],[555181.7,4669349.0],[555155.2,4669340.2],[555129.5,4669331.9],[555105.0,4669326.7],[555084.6,4669319.1],[555072.5,4669318.3],[555060.5,4669319.9],[555040.6,4669324.5],[555032.3,4669329.3],[555020.7,4669343.5],[555010.1,4669352.0],[555007.0,4669358.7],[555009.6,4669364.4],[555023.7,4669379.8],[555030.7,4669395.5],[555041.0,4669406.9],[555045.6,4669417.3],[555054.6,4669433.9],[555056.7,4669443.4],[555063.5,4669456.5],[555076.2,4669467.8],[555087.0,4669481.8],[555091.0,4669499.7],[555091.0,4669509.4],[555090.7,4669518.3],[555087.6,4669538.3],[555084.7,4669549.4],[555079.7,4669559.3],[555079.4,4669572.9],[555082.0,4669584.9],[555088.5,4669598.2],[555098.1,4669612.4],[555111.5,4669631.9],[555120.9,4669647.0],[555120.1,4669660.9],[555122.2,4669676.6],[555130.3,4669693.2],[555134.4,4669703.1],[555130.8,4669712.2],[555118.1,4669721.1],[555097.9,4669724.0],[555088.6,4669730.8],[555087.8,4669739.2],[555092.2,4669748.9],[555092.1,4669759.1],[555096.7,4669770.4],[555110.1,4669777.8],[555115.6,4669788.4],[555112.8,4669801.4],[555113.9,4669810.7],[555116.2,4669822.4],[555121.0,4669833.9],[555121.7,4669850.5],[555116.7,4669867.2],[555107.5,4669884.8],[555109.6,4669902.5],[555105.0,4669924.7],[555107.7,4669943.1],[555121.5,4669961.7],[555122.7,4669978.5],[555126.4,4669993.5],[555131.7,4670016.5],[555136.9,4670030.7],[555132.8,4670053.4],[555120.9,4670067.9],[555114.8,4670080.2],[555115.4,4670090.8],[555122.0,4670106.9],[555133.6,4670119.2],[555143.6,4670140.9],[555147.5,4670157.5],[555159.8,4670174.1],[555169.6,4670184.3],[555190.8,4670196.4],[555199.6,4670205.3],[555206.6,4670221.5],[555210.0,4670233.4],[555224.9,4670256.1],[555229.0,4670269.8],[555236.2,4670281.1],[555252.3,4670294.5],[555272.1,4670309.4],[555279.5,4670323.6],[555289.0,4670334.5],[555302.2,4670346.9],[555310.9,4670356.9],[555312.8,4670373.5],[555315.3,4670405.9],[555316.4,4670419.9],[555321.6,4670431.6],[555337.0,4670446.5],[555344.9,4670461.8],[555344.3,4670477.0],[555348.2,4670491.6],[555357.5,4670517.5],[555363.4,4670525.7],[555378.1,4670547.0],[555387.7,4670565.6],[555391.8,4670585.8],[555400.5,4670605.7],[555413.2,4670623.7],[555422.3,4670644.7],[555431.7,4670658.2],[555432.5,4670671.5],[555441.9,4670685.7],[555451.6,4670696.6],[555455.5,4670705.0],[555457.7,4670711.2],[555460.7,4670724.9],[555464.1,4670736.4],[555470.7,4670750.6],[555479.0,4670762.5],[555492.2,4670776.8],[555504.5,4670787.5],[555519.0,4670800.4],[555531.7,4670812.8],[555539.6,4670823.5],[555550.2,4670834.6],[555562.7,4670843.7],[555579.9,4670850.9],[555594.8,4670854.8],[555619.4,4670870.4],[555634.2,4670874.7],[555655.6,4670885.1],[555674.3,4670901.1],[555687.3,4670916.2],[555696.1,4670925.1],[555703.5,4670936.0],[555708.7,4670957.7],[555714.3,4670975.4],[555727.4,4670997.5],[555751.6,4671027.5],[555761.4,4671042.6],[555769.2,4671059.2],[555780.4,4671076.1],[555784.9,4671096.2],[555791.6,4671119.2],[555791.1,4671143.9],[555790.8,4671161.9],[555781.4,4671175.8],[555776.0,4671192.1],[555767.9,4671203.7],[555757.9,4671216.0],[555748.5,4671231.0],[555748.6,4671242.9],[555743.0,4671265.3],[555741.5,4671283.9],[555743.4,4671311.0]]},"properties":{"kind":"trail","name":"Devil's Path","osmId":292018893}},{"type":"Feature","geometry":{"type":"LineString","coordinates":[[561308.0,4669498.9],[561309.4,4669486.9]]},"properties":{"kind":"trail","name":null,"osmId":292018894}},{"type":"Feature","geometry":{"type":"LineString","coordinates":[[560825.8,4666079.8],[560833.5,4666128.7],[560834.8,4666150.3],[560832.2,4666168.8],[560828.2,4666184.2],[560826.3,4666199.5],[560820.6,4666225.6],[560815.8,4666246.4],[560813.8,4666282.7],[560817.3,4666311.9],[560820.5,4666332.0],[560821.6,4666341.7],[560821.7,4666350.9],[560820.2,4666364.1],[560815.2,4666374.5],[560804.9,4666390.6],[560790.2,4666408.8],[560784.6,4666419.4],[560773.0,4666447.2],[560768.9,4666463.7],[560769.0,4666492.5],[560766.1,4666529.1],[560761.2,4666624.6],[560757.6,4666660.4],[560754.2,4666670.1],[560754.2,4666681.8]]},"properties":{"kind":"trail","name":"Diamond Notch Road","osmId":292018964}},{"type":"Feature","geometry":{"type":"LineString","coordinates":[[561308.2,4669468.2],[561311.9,4669461.9],[561322.7,4669448.3],[561324.5,4669442.1],[561324.2,4669428.0],[561322.8,4669417.3],[561320.8,4669397.4],[561320.7,4669374.2],[561320.4,4669362.3],[561321.1,4669348.5],[561323.4,4669330.8],[561325.6,4669317.9],[561329.3,4669303.6],[561333.0,4669288.8],[561340.7,4669268.6],[561352.4,4669247.5],[561376.6,4669209.5],[561378.9,4669203.4],[561379.4,4669197.8],[561378.6,4669192.8],[561375.7,4669188.3],[561369.6,4669183.4],[561318.7,4669144.4],[561293.4,4669123.8],[561274.1,4669105.8],[561271.7,4669100.0],[561270.2,4669094.9],[561270.0,4669087.4],[561271.0,4669079.2],[561273.0,4669070.8],[561308.8,4668985.0],[561310.0,4668975.4],[561308.6,4668962.1],[561306.4,4668954.8],[561304.9,4668942.2],[561304.7,4668929.6],[561309.0,4668917.7],[561316.5,4668908.0],[561325.5,4668898.8],[561335.8,4668889.7],[561342.7,4668879.4],[561351.1,4668862.1],[561364.6,4668832.8],[561370.6,4668815.2],[561371.3,4668806.4],[561370.7,4668798.4],[561372.5,4668791.8],[561377.1,4668781.3],[561378.2,4668772.9],[561377.2,4668758.8],[561375.2,4668740.9],[561372.7,4668722.3],[561367.1,4668704.6],[561363.0,4668688.4],[561361.8,4668668.0],[561356.1,4668647.3],[561354.1,4668631.7],[561350.6,4668615.1],[561346.8,4668593.8],[561340.5,4668572.0],[561336.2,4668556.5],[561334.6,4668538.9],[561333.4,4668521.2],[561329.1,4668500.8],[561328.0,4668483.6],[561325.5,4668465.5],[561323.0,4668438.3],[561322.7,4668406.4],[561319.4,4668382.5],[561315.2,4668356.5],[561313.7,4668177.1],[561312.5,4668165.7],[561307.3,4668154.2],[561306.2,4668134.1],[561304.6,4668117.4],[561296.4,4668094.4],[561293.3,4668082.4],[561288.4,4668065.4],[561282.8,4668037.9],[561271.9,4668015.0],[561268.8,4667998.0],[561257.8,4667979.1],[561244.3,4667947.2],[561229.6,4667922.4],[561218.5,4667902.2],[561209.0,4667877.8],[561203.0,4667852.6],[561195.6,4667837.9],[561190.4,4667823.8],[561185.2,4667806.9],[561173.0,4667779.9],[561160.4,4667756.4],[561150.0,4667738.0],[561146.3,4667723.2],[561132.8,4667687.9],[561125.6,4667658.4],[561119.7,4667633.3],[561114.2,4667596.3],[561109.2,4667582.4],[561103.2,4667556.7],[561100.3,4667526.3],[561100.7,4667501.8],[561099.9,4667488.6],[561099.1,4667469.7],[561096.5,4667456.0],[561090.0,4667437.8],[561079.2,4667413.9],[561067.2,4667394.0],[561065.2,4667379.7],[561054.8,4667362.5],[561050.4,4667352.6],[561048.9,4667345.2],[561049.0,4667332.7],[561042.9,4667318.2],[561034.2,4667317.6],[561031.7,4667317.2],[561028.8,4667314.8],[561028.7,4667305.4],[561026.5,4667296.9],[561022.6,4667289.3],[561013.5,4667276.8],[561006.0,4667259.6],[561002.6,4667249.9],[561002.9,4667235.2],[561001.1,4667218.9],[560995.1,4667204.2],[560984.2,4667192.2],[560966.4,4667174.0],[560960.0,4667164.4],[560954.9,4667153.8],[560953.3,4667138.9],[560945.3,4667110.6],[560939.7,4667091.5],[560935.0,4667081.1],[560931.8,4667067.1],[560924.8,4667057.6],[560921.6,4667048.2],[560896.8,4667026.6],[560882.3,4667009.5],[560876.3,4667000.0],[560868.3,4666989.8],[560863.5,4666979.6],[560859.4,4666966.2],[560848.3,4666948.2],[560833.8,4666930.9],[560813.6,4666905.5],[560801.3,4666894.0],[560794.3,4666886.8]]},"properties":{"kind":"trail","name":"Diamond Notch Trail","osmId":292018965}},{"type":"Feature","geometry":{"type":"LineString","coordinates":[[571506.8,4671867.7],[571507.7,4671861.3],[571509.3,4671850.1],[571514.3,4671821.2],[571518.4,4671797.4],[571520.2,4671787.0],[571522.6,4671773.1]]},"properties":{"kind":"road","name":"Church Street","osmId":298393172}},{"type":"Feature","geometry":{"type":"LineString","coordinates":[[569808.7,4667811.2],[570017.0,4667612.8]]},"properties":{"kind":"road","name":"Main Road","osmId":302903683}},{"type":"Feature","geometry":{"type":"LineString","coordinates":[[570017.0,4667612.8],[570072.0,4667563.2]]},"properties":{"kind":"road","name":null,"osmId":302903925}},{"type":"Feature","geometry":{"type":"LineString","coordinates":[[566352.8,4670316.3],[566341.2,4670312.6],[566337.4,4670309.5],[566326.7,4670287.9],[566317.5,4670269.8],[566314.5,4670258.6]]},"properties":{"kind":"road","name":null,"osmId":338567126}},{"type":"Feature","geometry":{"type":"LineString","coordinates":[[566317.2,4670295.8],[566315.4,4670294.2],[566308.1,4670262.9],[566309.1,4670261.3],[566324.0,4670258.2],[566330.4,4670281.7],[566338.6,4670306.3],[566332.6,4670308.1],[566326.3,4670293.9],[566317.2,4670295.8]]},"properties":{"kind":"road","name":null,"osmId":338567127}},{"type":"Feature","geometry":{"type":"LineString","coordinates":[[560117.1,4670483.0],[560151.8,4670464.4],[560182.8,4670443.0],[560208.2,4670422.2],[560232.2,4670400.7],[560266.6,4670367.3],[560301.1,4670328.7],[560313.8,4670312.6],[560321.7,4670302.1],[560326.2,4670296.0],[560330.4,4670289.1],[560334.1,4670279.3],[560335.3,4670270.1],[560339.4,4670214.9],[560350.0,4670192.5],[560354.6,4670187.2],[560359.9,4670181.1],[560367.7,4670175.5],[560375.7,4670171.7],[560387.6,4670169.2],[560433.4,4670165.9],[560446.4,4670163.2],[560459.1,4670159.5]]},"properties":{"kind":"road","name":"Spruceton Road","osmId":348816415}},{"type":"Feature","geometry":{"type":"LineString","coordinates":[[563393.4,4672079.2],[563381.9,4672066.8],[563371.9,4672050.4],[563350.1,4672018.4],[563337.2,4672005.5],[563323.6,4671992.9],[563302.6,4671964.1],[563293.0,4671947.1],[563287.0,4671925.9],[563283.0,4671905.0],[563275.4,4671890.2],[563267.2,4671879.6],[563255.5,4671868.3],[563242.2,4671854.8],[563224.4,4671836.4],[563217.3,4671817.3],[563212.2,4671797.1],[563210.1,4671773.9],[563202.7,4671752.2],[563191.7,4671715.2],[563184.0,4671686.5],[563182.0,4671667.2],[563176.8,4671652.9],[563165.9,4671632.3],[563149.8,4671616.7],[563129.2,4671578.0],[563127.6,4671570.4],[563131.0,4671562.8],[563143.5,4671537.2],[563159.2,4671495.3],[563165.9,4671469.4],[563165.7,4671459.6],[563164.0,4671450.6],[563162.7,4671439.5],[563170.6,4671416.6],[563171.9,4671409.4],[563172.1,4671394.2],[563170.4,4671376.1],[563165.5,4671366.2],[563153.7,4671360.7],[563137.9,4671358.1],[563120.2,4671359.6],[563109.0,4671361.3],[563099.7,4671356.7],[563092.1,4671346.6],[563087.0,4671336.8],[563085.2,4671328.8],[563087.2,4671322.5],[563090.7,4671317.5],[563100.5,4671310.9],[563112.6,4671302.7],[563119.2,4671292.8],[563126.3,4671277.2],[563129.2,4671263.6],[563122.3,4671254.0],[563116.5,4671244.9],[563115.6,4671229.3],[563117.6,4671217.0],[563113.5,4671211.1],[563106.0,4671200.6],[563101.5,4671190.1],[563094.7,4671175.2],[563078.0,4671161.0],[563062.0,4671140.7],[563040.4,4671121.7],[563022.2,4671111.0],[563018.4,4671104.6],[563023.8,4671096.3],[563034.1,4671089.3],[563046.9,4671075.5],[563047.6,4671064.9],[563044.1,4671053.2],[563040.1,4671044.3],[563032.1,4671039.3],[563020.3,4671040.1],[563012.1,4671040.5],[563003.7,4671035.4],[562998.5,4671030.0],[562992.4,4671027.1],[562984.9,4671025.5],[562975.3,4671019.5]]},"properties":{"kind":"trail","name":"Fire Tower Trail","osmId":364587891}},{"type":"Feature","geometry":{"type":"LineString","coordinates":[[560795.3,4664291.8],[560806.4,4664278.5],[560817.2,4664263.2],[560829.3,4664248.7],[560843.5,4664242.2],[560858.7,4664229.5],[560865.4,4664206.0]]},"properties":{"kind":"stream","name":"Hollow Tree Brook","osmId":405190550}},{"type":"Feature","geometry":{"type":"LineString","coordinates":[[567813.6,4666014.6],[567806.2,4666027.4],[567801.6,4666034.8],[567798.1,4666042.0],[567797.1,4666048.8],[567798.6,4666056.0],[567802.8,4666063.2],[567805.2,4666068.8],[567805.5,4666079.5],[567805.0,4666091.0],[567804.4,4666100.6],[567801.4,4666108.1],[567796.7,4666118.6],[567792.7,4666125.3],[567790.8,4666136.4],[567791.1,4666145.7],[567792.4,4666153.5],[567794.7,4666162.5],[567795.5,4666169.7],[567795.2,4666177.5],[567793.3,4666189.6],[567789.7,4666201.6],[567787.1,4666214.2],[567785.9,4666230.9],[567785.4,4666249.2],[567784.9,4666264.1],[567785.5,4666280.9],[567787.7,4666292.3],[567789.3,4666304.9],[567788.4,4666317.7],[567786.0,4666326.4],[567783.2,4666334.6],[567778.3,4666340.5],[567775.3,4666347.0],[567774.5,4666354.1],[567773.4,4666364.0],[567769.5,4666374.0],[567765.5,4666384.0],[567760.9,4666393.7],[567755.2,4666400.2],[567735.2,4666420.3],[567722.5,4666450.9],[567715.1,4666482.4],[567706.3,4666515.8],[567691.7,4666536.5],[567687.0,4666547.0],[567666.0,4666566.5],[567656.3,4666584.4],[567637.7,4666595.1],[567620.5,4666602.1],[567599.8,4666603.0],[567579.3,4666595.5],[567571.4,4666596.9],[567549.1,4666616.7],[567524.3,4666651.4],[567493.0,4666696.2],[567453.7,4666751.0],[567439.7,4666765.9],[567421.2,4666797.5],[567381.2,4666847.1],[567363.6,4666858.0],[567352.6,4666875.1],[567332.4,4666889.5],[567319.2,4666911.6],[567312.2,4666917.6],[567307.1,4666945.1],[567287.6,4666969.4],[567283.0,4666985.3],[567277.4,4666996.7],[567263.1,4667017.6],[567258.6,4667035.6],[567245.8,4667048.3],[567237.0,4667072.9],[567235.7,4667088.1],[567221.5,4667111.9],[567219.5,4667134.3],[567205.1,4667174.2],[567193.5,4667191.3],[567187.3,4667206.9],[567183.0,4667226.5],[567168.5,4667252.5],[567167.4,4667280.3],[567161.9,4667298.9],[567156.8,4667366.0],[567150.7,4667378.8],[567147.5,4667394.7],[567151.1,4667408.4],[567151.7,4667427.5],[567159.5,4667434.1],[567164.5,4667444.5],[567169.9,4667480.5],[567171.4,4667508.7],[567167.0,4667534.8],[567158.5,4667547.2],[567155.6,4667561.7],[567160.6,4667578.7],[567160.5,4667622.9],[567157.2,4667634.0],[567146.7,4667648.2],[567137.4,4667667.3],[567126.8,4667682.3],[567123.1,4667700.2],[567125.0,4667728.2],[567123.8,4667741.9],[567126.4,4667759.9],[567126.0,4667788.1],[567124.5,4667805.0],[567125.7,4667814.2],[567122.0,4667822.9],[567118.1,4667834.4],[567117.1,4667846.0],[567117.8,4667855.3],[567122.7,4667866.0],[567127.6,4667876.0],[567129.9,4667882.8],[567127.7,4667891.0],[567120.9,4667899.3],[567111.8,4667904.7],[567101.7,4667905.2],[567092.8,4667903.5],[567081.0,4667898.2],[567069.4,4667895.2],[567053.1,4667892.1],[567039.1,4667891.3],[567033.3,4667892.5],[567026.9,4667898.1],[567016.0,4667899.9],[567002.4,4667898.0],[566991.2,4667892.6],[566987.3,4667889.2],[566988.2,4667882.4],[566984.5,4667877.6],[566979.4,4667878.2],[566975.6,4667876.8],[566968.5,4667873.9],[566962.0,4667874.1],[566954.4,4667873.1],[566944.3,4667873.1],[566938.3,4667864.5],[566933.0,4667857.7],[566929.2,4667843.1],[566923.0,4667826.1],[566919.8,4667807.6],[566920.7,4667789.5],[566925.9,4667765.4],[566922.3,4667752.5],[566924.2,4667736.4],[566924.5,4667726.2],[566919.4,4667720.9],[566913.7,4667712.3],[566903.6,4667704.3],[566900.4,4667697.8],[566902.2,4667693.3],[566908.9,4667687.9],[566916.9,4667673.6],[566922.5,4667658.4],[566920.5,4667647.5],[566906.9,4667641.2],[566902.9,4667630.4],[566896.7,4667613.4],[566888.5,4667590.3],[566880.7,4667580.3],[566875.2,4667567.7],[566868.2,4667562.0],[566862.1,4667562.3],[566856.3,4667565.8],[566849.0,4667573.6],[566848.1,4667589.5],[566845.5,4667605.1],[566835.2,4667623.0],[566825.9,4667637.2],[566815.5,4667646.6],[566806.2,4667653.3],[566798.0,4667660.7],[566786.7,4667667.5],[566770.9,4667673.1],[566756.3,4667679.6],[566745.1,4667681.3],[566718.9,4667678.9],[566691.6,4667677.5],[566659.1,4667674.3],[566635.2,4667672.4],[566621.1,4667673.6],[566610.1,4667676.6],[566598.8,4667676.8],[566588.0,4667680.2],[566574.2,4667678.8],[566550.8,4667680.6],[566532.4,4667683.8],[566510.1,4667687.1],[566508.1,4667684.2],[566508.2,4667674.5],[566504.8,4667670.4],[566492.3,4667668.1],[566477.4,4667662.4],[566463.4,4667655.8],[566445.9,4667650.1],[566428.7,4667651.6],[566415.1,4667659.5],[566393.1,4667665.6],[566385.1,4667669.3],[566378.2,4667682.4],[566370.8,4667691.8],[566360.5,4667698.9],[566351.8,4667702.3],[566345.3,4667703.5],[566331.0,4667705.2],[566316.5,4667710.5],[566292.2,4667715.9],[566273.2,4667718.0],[566256.1,4667719.9],[566229.5,4667719.5],[566212.2,4667721.2],[566207.2,4667718.2],[566206.8,4667712.2],[566210.0,4667699.6],[566214.2,4667689.8],[566212.4,4667683.3],[566206.3,4667679.6],[566195.8,4667679.7],[566188.6,4667682.5],[566156.5,4667685.4],[566142.9,4667692.1],[566133.9,4667692.1],[566125.2,4667687.3],[566114.1,4667675.2],[566104.8,4667672.7],[566094.4,4667674.2],[566080.6,4667679.5],[566074.1,4667681.3],[566063.3,4667680.5],[566058.7,4667673.4],[566057.7,4667662.4],[566062.7,4667647.5],[566068.8,4667635.1],[566074.0,4667624.3],[566072.1,4667618.2],[566066.7,4667616.3],[566060.2,4667616.5],[566048.5,4667619.5],[566036.5,4667620.1],[565998.0,4667619.0],[565966.6,4667616.9],[565961.1,4667615.0],[565955.5,4667608.9],[565951.1,4667606.2],[565946.8,4667607.8],[565942.5,4667617.3],[565938.4,4667630.3],[565926.6,4667644.2],[565922.9,4667656.5],[565884.6,4667692.2],[565860.6,4667706.3],[565844.6,4667728.4],[565840.6,4667742.2],[565832.1,4667760.1],[565832.0,4667763.0]]},"properties":{"kind":"trail","name":"Devil's Path","osmId":416490187}},{"type":"Feature","geometry":{"type":"LineString","coordinates":[[559744.9,4658283.6],[559750.8,4658292.9],[559753.1,4658305.7],[559747.7,4658323.2],[559742.9,4658344.6],[559747.9,4658353.7],[559757.3,4658362.5],[559761.8,4658371.6],[559763.6,4658384.0],[559778.8,4658394.6],[559786.7,4658402.3],[559790.7,4658408.3],[559790.6,4658419.2],[559784.0,4658440.2],[559782.2,4658458.3],[559775.9,4658478.0],[559759.9,4658504.0],[559734.5,4658537.6],[559692.7,4658640.1],[559675.3,4658680.2],[559654.1,4658715.2],[559652.1,4658736.0],[559648.4,4658755.2],[559649.8,4658783.1],[559654.8,4658811.5],[559662.2,4658825.5],[559664.6,4658841.2],[559663.0,4658864.8],[559668.0,4658918.5],[559677.7,4658964.4],[559689.1,4658989.9],[559722.9,4659023.0],[559738.3,4659055.6],[559752.9,4659097.8],[559757.4,4659107.2],[559769.4,4659115.4],[559775.5,4659129.9],[559775.8,4659146.2],[559774.8,4659165.6],[559779.2,4659175.3],[559793.1,4659185.1],[559803.6,4659192.4],[559811.8,4659203.6],[559821.9,4659214.8],[559834.8,4659222.5],[559844.1,4659233.7],[559857.1,4659263.6],[559875.0,4659274.2],[559886.7,4659289.0],[559897.3,4659291.3],[559921.9,4659301.8],[559937.1,4659312.4],[559950.6,4659316.1],[559965.2,4659315.0],[559980.7,4659307.3],[559990.0,4659306.1],[560000.5,4659307.8],[560011.1,4659314.1],[560018.5,4659321.3],[560034.2,4659324.5],[560059.6,4659341.1],[560079.5,4659358.5],[560108.5,4659376.1],[560115.0,4659381.8],[560122.4,4659394.1],[560133.7,4659399.0],[560162.9,4659401.1],[560194.0,4659403.8],[560212.1,4659409.1],[560230.4,4659420.0],[560254.2,4659426.4],[560280.2,4659434.4],[560304.3,4659437.6],[560326.3,4659438.5],[560344.0,4659436.4],[560366.0,4659430.1],[560391.5,4659432.4],[560405.0,4659437.2],[560420.6,4659451.5],[560444.7,4659468.3],[560456.2,4659477.8],[560468.2,4659483.6],[560499.2,4659489.6],[560516.6,4659495.2],[560531.0,4659503.3],[560547.5,4659518.5],[560558.9,4659523.7],[560572.8,4659527.1],[560586.8,4659526.4],[560602.0,4659525.0],[560620.7,4659532.2],[560642.3,4659544.4],[560660.4,4659560.0],[560675.6,4659570.6],[560700.0,4659587.3],[560719.2,4659603.9],[560739.5,4659631.1],[560751.2,4659640.0],[560767.8,4659648.0],[560784.2,4659660.7],[560802.9,4659680.1],[560813.5,4659694.8],[560817.2,4659701.6],[560819.7,4659710.3],[560827.1,4659718.4],[560835.7,4659725.5],[560867.2,4659751.5],[560892.1,4659764.6],[560913.7,4659785.1],[560916.7,4659795.6],[560917.3,4659806.2],[560924.5,4659815.2],[560936.8,4659821.7],[560957.3,4659824.2],[560973.1,4659827.7],[560991.2,4659828.8],[560995.7,4659831.9],[561004.4,4659842.4],[561027.9,4659883.8],[561033.6,4659903.3],[561051.4,4659927.6],[561071.5,4659949.3],[561095.3,4659977.2],[561110.6,4659985.3],[561125.1,4659991.1],[561138.8,4659992.9],[561168.0,4659993.6],[561193.0,4660006.7],[561211.9,4660013.1],[561226.8,4660015.3],[561234.3,4660018.8],[561240.6,4660023.4],[561260.1,4660050.2],[561278.7,4660071.3],[561291.0,4660080.1],[561303.2,4660096.5],[561308.1,4660111.7],[561353.7,4660168.9],[561359.0,4660186.7],[561369.3,4660198.2],[561373.9,4660211.8],[561396.7,4660231.1],[561407.6,4660245.1],[561414.5,4660267.1],[561421.5,4660272.6],[561460.4,4660275.6],[561488.0,4660312.9],[561502.3,4660347.5],[561512.0,4660359.5],[561521.9,4660378.7],[561534.9,4660391.1],[561544.6,4660401.5],[561553.3,4660414.7],[561557.5,4660430.0],[561559.9,4660451.4],[561558.6,4660484.0],[561557.2,4660510.9],[561555.7,4660535.7],[561554.9,4660555.9],[561546.4,4660586.1],[561544.9,4660606.5],[561542.8,4660622.5],[561544.5,4660639.2],[561543.5,4660667.3],[561536.1,4660699.5],[561536.4,4660738.8],[561541.0,4660770.2],[561550.1,4660826.6],[561557.0,4660849.2],[561566.3,4660867.7],[561578.1,4660897.1],[561585.7,4660934.3],[561590.2,4660967.1],[561590.3,4660986.4],[561587.8,4661025.5],[561583.9,4661037.6],[561575.9,4661042.7],[561571.5,4661047.8],[561559.4,4661058.2],[561549.1,4661060.0],[561534.2,4661074.9],[561520.5,4661092.2],[561507.6,4661103.9],[561500.4,4661103.6],[561492.2,4661098.0],[561485.6,4661100.3],[561483.7,4661106.1],[561483.4,4661115.7],[561483.1,4661141.6],[561471.0,4661170.4],[561468.4,4661172.6],[561465.6,4661172.8],[561461.1,4661170.4],[561457.9,4661170.5],[561455.4,4661174.5],[561454.1,4661180.9],[561443.9,4661204.3],[561434.2,4661209.9],[561421.7,4661211.5],[561397.6,4661207.4],[561389.3,4661208.6],[561381.1,4661213.3],[561374.3,4661220.9],[561368.7,4661233.0],[561361.4,4661243.8],[561353.9,4661253.5],[561344.0,4661262.2],[561339.8,4661269.4],[561337.6,4661278.4],[561336.1,4661290.8],[561331.7,4661295.7],[561326.5,4661316.6],[561324.6,4661337.6],[561327.2,4661348.1],[561328.5,4661365.4],[561339.0,4661383.9],[561350.2,4661406.0],[561351.4,4661419.2],[561368.2,4661435.2],[561383.1,4661438.5],[561397.8,4661448.6],[561412.0,4661454.3],[561435.1,4661457.8],[561452.8,4661466.4],[561512.0,4661469.3],[561549.3,4661486.8],[561564.6,4661488.5],[561579.5,4661485.5],[561600.3,4661479.1],[561656.2,4661479.7],[561676.9,4661474.2],[561694.1,4661464.3],[561710.8,4661460.0],[561717.0,4661452.9],[561745.4,4661420.8],[561756.8,4661411.8],[561767.1,4661406.0],[561817.3,4661393.4],[561858.3,4661376.6],[561887.4,4661360.6],[561901.9,4661351.9],[561925.9,4661347.3],[561940.5,4661341.5],[561960.9,4661340.1],[561964.6,4661341.1],[561965.5,4661343.2],[561962.6,4661348.9],[561961.5,4661353.8],[561957.0,4661367.6],[561945.4,4661375.5],[561927.8,4661384.0],[561918.5,4661393.0],[561916.7,4661396.0],[561918.2,4661398.0],[561927.2,4661398.2],[561938.3,4661400.5],[561939.0,4661403.5],[561938.5,4661406.1],[561920.3,4661419.4],[561905.3,4661430.1],[561882.6,4661451.7],[561882.8,4661454.5],[561885.9,4661456.4],[561891.8,4661456.0],[561911.9,4661450.9],[561931.3,4661452.2],[561941.0,4661456.7],[561948.0,4661461.9],[561946.8,4661465.7],[561943.7,4661468.4],[561931.9,4661470.1],[561921.8,4661475.3],[561907.8,4661479.1],[561899.9,4661485.4],[561900.1,4661488.3],[561907.1,4661493.5],[561914.1,4661495.1],[561928.0,4661497.4],[561953.8,4661517.0],[561960.6,4661521.8],[561960.7,4661525.3],[561955.9,4661528.5],[561943.8,4661531.2],[561933.4,4661535.3],[561926.1,4661540.4],[561927.0,4661545.0],[561932.5,4661548.1],[561959.0,4661546.6],[561970.1,4661549.9],[561970.2,4661554.8],[561970.1,4661570.0],[561968.7,4661594.6],[561964.4,4661608.6],[561947.5,4661641.8],[561943.9,4661646.4],[561944.2,4661649.5],[561946.0,4661650.4],[561953.7,4661650.1],[561961.0,4661651.3],[561966.5,4661655.4],[561970.4,4661661.4],[561971.3,4661684.1],[561975.5,4661691.8],[561977.7,4661712.9],[561976.7,4661714.9],[561973.6,4661714.9],[561968.4,4661712.1],[561949.5,4661696.8],[561934.8,4661692.6],[561912.4,4661692.0],[561889.1,4661694.5],[561876.5,4661700.7],[561869.9,4661714.3],[561860.1,4661746.9],[561867.1,4661783.0],[561876.4,4661809.5],[561883.9,4661837.7],[561895.5,4661866.5],[561902.8,4661872.9],[561910.6,4661877.9],[561936.4,4661877.5],[561951.3,4661881.8],[561975.0,4661883.4],[562008.3,4661884.7],[562032.9,4661890.3],[562076.7,4661907.7],[562122.0,4661920.2],[562155.9,4661920.9],[562216.7,4661925.7],[562235.2,4661932.9],[562250.8,4661942.8],[562264.2,4661947.3],[562275.9,4661946.1],[562285.3,4661946.6],[562299.9,4661957.8],[562332.8,4661989.2],[562358.5,4662015.3],[562361.9,4662024.9],[562355.2,4662030.3],[562347.1,4662032.0],[562332.4,4662021.4],[562325.9,4662021.6],[562320.9,4662024.2],[562313.2,4662032.6],[562309.8,4662040.7],[562308.4,4662054.4],[562309.5,4662069.2],[562312.4,4662094.6],[562311.2,4662121.8],[562317.2,4662143.8],[562339.0,4662165.3],[562379.8,4662188.1],[562437.4,4662223.2]]},"properties":{"kind":"trail","name":"Warner Creek Trail","osmId":416591856}},{"type":"Feature","geometry":{"type":"LineString","coordinates":[[569329.3,4665123.1],[569323.5,4665126.7],[569319.1,4665132.7],[569315.7,4665138.1],[569310.1,4665142.0],[569304.0,4665149.5],[569296.6,4665156.3],[569291.3,4665161.5],[569286.0,4665166.3],[569261.6,4665193.9],[569254.1,4665200.6],[569245.2,4665209.0],[569239.2,4665214.5]]},"properties":{"kind":"trail","name":"Devil's Path","osmId":426361534}},{"type":"Feature","geometry":{"type":"LineString","coordinates":[[569239.2,4665214.5],[569230.8,4665225.0],[569219.0,4665239.6],[569194.4,4665243.6],[569182.1,4665248.1],[569160.1,4665261.0],[569136.2,4665262.7],[569126.0,4665274.9],[569119.9,4665301.5],[569105.7,4665334.5],[569101.8,4665352.9],[569083.1,4665384.7],[569076.8,4665395.4],[569079.1,4665403.8],[569079.0,4665407.9],[569076.6,4665420.8],[569062.4,4665432.6],[569037.0,4665468.0],[569016.1,4665480.8],[568994.6,4665492.6],[568980.9,4665504.2],[568961.0,4665507.5],[568943.2,4665517.6],[568917.7,4665526.6],[568902.8,4665535.7],[568902.2,4665553.1],[568910.5,4665567.9],[568903.4,4665580.4],[568895.9,4665585.5],[568898.6,4665594.4],[568897.1,4665603.1],[568891.2,4665605.2],[568876.6,4665597.8],[568858.3,4665596.3],[568836.3,4665584.0],[568819.9,4665586.5],[568811.5,4665580.5],[568797.3,4665578.4],[568784.4,4665568.9],[568768.3,4665564.1],[568744.5,4665545.5],[568710.0,4665517.6],[568690.7,4665516.8],[568667.0,4665505.6],[568638.3,4665504.9],[568619.2,4665499.7],[568597.4,4665498.1],[568574.1,4665487.1],[568549.5,4665490.5],[568529.7,4665483.0],[568515.3,4665485.5],[568495.2,4665509.4],[568485.5,4665516.1],[568476.0,4665513.8],[568467.9,4665506.9],[568458.0,4665507.4],[568436.7,4665523.7],[568420.8,4665532.3],[568397.0,4665533.7],[568389.3,4665542.5],[568384.4,4665544.2],[568379.8,4665540.5],[568356.2,4665517.9],[568336.7,4665496.7],[568325.9,4665493.9],[568292.9,4665451.2],[568268.1,4665430.9],[568242.5,4665400.4],[568220.0,4665384.6],[568201.9,4665373.7],[568193.1,4665375.1],[568142.7,4665457.4],[568115.6,4665508.4],[568079.4,4665567.1],[568053.4,4665611.9],[568031.9,4665647.7],[568017.2,4665672.0],[568000.1,4665701.1],[567979.9,4665733.5],[567963.2,4665764.2],[567930.9,4665811.8],[567883.5,4665897.3],[567835.4,4665975.4],[567813.6,4666014.6]]},"properties":{"kind":"trail","name":"Devil's Path","osmId":426361535}},{"type":"Feature","geometry":{"type":"LineString","coordinates":[[564993.5,4664753.2],[565016.1,4664759.5],[565037.1,4664771.5],[565046.1,4664781.8],[565075.4,4664796.2],[565085.7,4664800.0],[565108.6,4664805.8],[565126.3,4664813.1],[565145.7,4664825.1],[565166.9,4664827.8],[565186.4,4664825.1],[565218.0,4664827.5],[565226.3,4664830.7],[565232.1,4664828.4],[565234.1,4664824.3],[565228.9,4664816.4],[565219.3,4664799.5],[565210.7,4664785.7],[565211.0,4664768.0],[565202.2,4664752.1],[565195.2,4664738.6],[565191.5,4664723.8],[565178.6,4664703.0],[565173.9,4664691.7],[565172.3,4664680.6],[565174.1,4664668.0],[565180.3,4664660.3],[565188.5,4664654.3],[565195.9,4664651.1],[565200.7,4664651.2],[565205.5,4664653.1],[565209.6,4664660.3],[565212.4,4664671.7],[565222.9,4664688.5],[565239.9,4664707.8],[565244.9,4664709.9],[565249.1,4664708.9],[565249.8,4664704.2],[565244.6,4664683.6],[565248.8,4664653.3],[565249.6,4664617.5],[565255.5,4664590.6],[565258.9,4664564.0],[565262.9,4664560.5],[565269.1,4664560.1],[565272.7,4664563.7],[565281.2,4664573.2],[565285.1,4664585.7],[565286.1,4664604.0],[565285.0,4664619.1],[565287.2,4664631.6],[565291.8,4664640.3],[565292.6,4664677.2],[565301.2,4664694.9],[565309.1,4664707.1],[565321.3,4664713.6],[565338.2,4664716.6],[565341.9,4664714.4],[565342.4,4664710.1],[565340.2,4664700.0],[565339.4,4664689.1],[565337.6,4664680.1],[565338.0,4664670.5],[565340.2,4664660.6],[565339.8,4664651.7],[565337.2,4664643.7],[565338.4,4664635.5],[565343.5,4664627.4],[565345.2,4664616.5],[565344.8,4664602.0],[565344.7,4664589.2],[565349.9,4664576.5],[565356.8,4664571.7],[565364.2,4664573.6],[565370.0,4664580.9],[565373.2,4664590.6],[565378.5,4664598.6],[565379.1,4664612.2],[565381.1,4664615.5],[565384.8,4664615.8],[565388.9,4664613.7],[565395.6,4664598.7],[565401.7,4664583.7],[565407.3,4664576.2],[565411.5,4664556.8],[565415.6,4664552.9],[565419.6,4664551.6],[565422.2,4664553.6],[565424.6,4664554.0],[565437.3,4664535.6],[565443.2,4664531.9],[565448.3,4664530.5],[565454.3,4664533.3],[565467.5,4664545.8],[565475.3,4664550.4],[565483.3,4664550.7],[565494.9,4664548.0],[565507.2,4664537.9],[565521.8,4664520.5],[565529.8,4664516.7],[565541.7,4664516.4],[565552.8,4664514.4],[565561.4,4664509.3],[565568.6,4664506.0],[565576.1,4664505.9],[565580.0,4664509.1],[565581.7,4664513.5],[565583.0,4664530.6],[565586.1,4664534.3],[565590.8,4664534.5],[565606.5,4664525.0],[565613.7,4664523.8],[565621.6,4664525.3],[565624.8,4664531.2],[565629.8,4664533.7],[565641.1,4664535.4],[565648.4,4664539.8],[565657.0,4664546.8],[565663.0,4664549.6],[565669.2,4664551.4],[565683.5,4664553.6],[565728.8,4664556.0],[565735.0,4664558.7],[565739.8,4664565.2],[565744.4,4664577.0],[565745.2,4664588.3],[565748.5,4664594.7],[565755.8,4664599.7],[565762.8,4664605.1],[565771.1,4664607.0],[565788.5,4664606.6],[565797.7,4664604.6],[565806.1,4664604.8],[565813.5,4664606.6],[565817.9,4664612.6],[565820.6,4664624.7],[565823.7,4664627.3],[565838.6,4664631.5],[565848.7,4664636.9],[565858.1,4664640.8],[565866.3,4664639.9],[565876.5,4664634.5],[565885.5,4664633.4],[565908.4,4664636.2],[565928.7,4664640.8],[565942.5,4664641.7],[565956.4,4664639.9],[565976.7,4664630.1],[565990.9,4664625.4],[566003.5,4664624.3],[566011.1,4664627.9],[566016.8,4664633.3],[566025.7,4664637.8],[566034.2,4664639.0],[566039.0,4664641.4],[566044.2,4664647.8],[566049.7,4664658.7],[566053.1,4664671.4],[566058.0,4664674.9],[566065.3,4664675.4],[566072.9,4664674.6],[566083.8,4664675.8],[566093.4,4664685.1],[566102.4,4664698.8],[566109.4,4664706.4],[566116.7,4664713.0],[566131.5,4664733.9],[566138.0,4664746.3],[566142.0,4664752.4],[566146.8,4664757.3],[566154.4,4664762.8],[566165.0,4664767.5],[566189.3,4664770.6],[566223.8,4664770.7],[566233.0,4664775.2],[566238.4,4664784.3],[566240.2,4664791.9],[566245.0,4664797.6],[566262.4,4664807.8],[566284.5,4664827.7],[566306.3,4664838.8],[566323.4,4664847.4],[566341.7,4664860.7],[566355.0,4664862.5],[566367.2,4664865.9],[566384.4,4664862.8],[566398.2,4664859.6],[566411.3,4664859.7],[566431.6,4664854.2],[566446.6,4664851.5],[566459.5,4664851.9],[566471.0,4664859.7],[566480.6,4664869.2],[566493.2,4664885.5],[566499.7,4664898.4],[566504.0,4664913.0],[566510.0,4664919.9],[566521.9,4664925.0],[566537.0,4664926.8],[566578.8,4664925.6],[566589.6,4664926.6],[566598.4,4664933.3],[566610.5,4664944.8],[566616.9,4664961.1],[566620.3,4664969.9],[566627.4,4664982.0],[566631.2,4664997.9],[566647.1,4665023.2],[566659.0,4665032.6],[566672.3,4665040.9],[566678.2,4665049.8],[566679.2,4665071.3],[566682.5,4665080.5],[566700.1,4665093.0],[566708.2,4665102.3],[566713.1,4665111.4],[566711.9,4665141.9],[566713.6,4665156.2],[566719.5,4665166.0],[566756.2,4665191.9],[566758.5,4665196.0],[566760.1,4665204.3],[566764.6,4665212.1],[566784.2,4665230.4],[566791.3,4665240.6],[566795.5,4665252.7],[566797.5,4665266.2],[566793.8,4665284.2],[566797.1,4665300.5],[566803.2,4665317.8],[566806.6,4665333.0],[566814.4,4665344.0],[566830.0,4665351.4],[566843.1,4665360.4],[566867.9,4665387.0],[566881.5,4665408.2],[566888.3,4665416.6],[566891.9,4665425.3],[566892.8,4665434.7],[566896.7,4665437.1],[566902.4,4665437.4],[566907.0,4665442.7],[566914.6,4665454.7],[566918.4,4665467.8],[566917.7,4665478.9],[566921.8,4665484.3],[566937.6,4665492.2],[566962.1,4665505.6],[566977.2,4665515.5],[566988.4,4665526.2],[566993.0,4665539.4],[567009.1,4665555.0],[567014.6,4665562.4],[567021.3,4665577.4],[567035.5,4665587.5],[567045.9,4665594.5],[567054.9,4665605.8],[567065.7,4665613.5],[567085.8,4665625.5],[567116.7,4665647.1],[567142.3,4665658.6],[567161.1,4665672.6],[567167.6,4665682.9],[567173.4,4665688.5],[567180.5,4665691.0],[567192.4,4665691.9],[567200.8,4665696.0],[567207.2,4665702.6],[567214.9,4665716.6],[567219.7,4665721.6],[567227.9,4665724.6],[567240.2,4665722.7],[567253.9,4665724.7],[567267.0,4665734.1],[567280.2,4665748.6],[567287.8,4665752.4],[567295.0,4665753.0],[567310.7,4665752.9],[567316.2,4665756.8],[567320.7,4665763.8],[567331.4,4665769.8],[567338.7,4665788.6],[567358.2,4665803.3],[567368.6,4665808.7],[567377.7,4665815.0],[567380.0,4665825.7],[567387.5,4665836.2],[567395.6,4665844.5],[567405.2,4665852.7],[567415.2,4665856.9],[567426.2,4665860.4],[567435.5,4665859.2],[567445.0,4665850.8],[567454.7,4665841.5],[567463.3,4665834.4],[567476.2,4665830.3],[567488.4,4665833.0],[567502.0,4665846.2],[567517.6,4665861.8],[567518.6,4665867.9],[567520.4,4665870.2],[567524.3,4665870.7],[567529.8,4665864.9],[567537.4,4665862.0],[567552.8,4665863.9],[567565.1,4665870.8],[567591.3,4665880.0],[567612.2,4665875.9],[567624.7,4665874.3],[567635.4,4665874.2],[567644.9,4665875.5],[567650.3,4665877.5],[567655.1,4665880.0],[567665.5,4665891.8],[567677.8,4665896.9],[567681.7,4665904.3],[567686.4,4665913.3],[567693.3,4665920.3],[567705.1,4665923.1],[567721.4,4665924.6],[567734.5,4665926.7],[567747.0,4665933.6],[567753.6,4665939.7],[567758.2,4665948.3],[567760.7,4665963.3],[567773.3,4665980.4],[567784.7,4665997.2],[567793.2,4666003.4],[567813.6,4666014.6]]},"properties":{"kind":"trail","name":"Warner Creek Trail","osmId":426363918}},{"type":"Feature","geometry":{"type":"LineString","coordinates":[[564993.5,4664753.2],[564995.3,4664796.7],[564995.3,4664822.4],[564997.6,4664830.1],[565009.0,4664842.0],[565039.1,4664887.2],[565068.5,4664925.8],[565105.7,4664983.0],[565182.1,4665095.1],[565218.9,4665152.0],[565279.5,4665211.4],[565292.3,4665229.3],[565307.9,4665265.4],[565314.4,4665321.9],[565307.1,4665338.8],[565290.7,4665352.6],[565265.1,4665355.3],[565204.1,4665348.3],[565176.6,4665342.7]]},"properties":{"kind":"trail","name":null,"osmId":426363924}},{"type":"Feature","geometry":{"type":"LineString","coordinates":[[561041.6,4663974.5],[561028.3,4663975.1],[561013.7,4663982.9],[561022.0,4663961.6],[561028.8,4663947.5]]},"properties":{"kind":"trail","name":null,"osmId":510590790}},{"type":"Feature","geometry":{"type":"LineString","coordinates":[[560987.6,4663863.4],[561015.2,4663922.3],[561028.8,4663947.5],[561041.6,4663974.5],[561068.2,4664015.5],[561099.4,4664058.6],[561116.8,4664081.6],[561146.1,4664109.9],[561164.3,4664131.0],[561188.7,4664150.5],[561229.7,4664191.1],[561246.7,4664210.0],[561291.3,4664253.4],[561348.2,4664302.4],[561371.1,4664315.7],[561404.0,4664328.7],[561491.3,4664353.1],[561595.2,4664373.6],[561651.3,4664369.6],[561701.4,4664357.1],[561792.1,4664305.4]]},"properties":{"kind":"trail","name":"Railroad Road","osmId":510590791}},{"type":"Feature","geometry":{"type":"LineString","coordinates":[[560476.0,4663286.4],[560543.0,4663345.9],[560610.9,4663416.0],[560685.6,4663491.2],[560820.5,4663621.9],[560911.4,4663710.7],[560950.9,4663770.0],[560987.6,4663863.4]]},"properties":{"kind":"trail","name":"Rail Road Road","osmId":510590792}},{"type":"Feature","geometry":{"type":"LineString","coordinates":[[561013.7,4663982.9],[561009.5,4663997.3],[561009.9,4664018.1],[561008.8,4664029.8],[561006.3,4664038.9],[561001.4,4664048.2],[560995.8,4664055.1]]},"properties":{"kind":"road","name":"Jensen Drive","osmId":510590794}},{"type":"Feature","geometry":{"type":"Polygon","coordinates":[[[569523.9,4668374.3],[569537.0,4668393.9],[569547.8,4668416.1],[569557.9,4668431.7],[569570.3,4668433.1],[569583.2,4668427.5],[569592.2,4668414.3],[569599.0,4668400.7],[569593.0,4668380.3],[569582.9,4668366.9],[569569.3,4668359.3],[569556.0,4668353.0],[569542.3,4668351.1],[569530.3,4668354.0],[569524.0,4668355.3],[569530.6,4668362.4],[569523.9,4668374.3]]]},"properties":{"kind":"lake","name":"Grants Bedre","osmId":538394367}},{"type":"Feature","geometry":{"type":"Polygon","coordinates":[[[569293.5,4668518.0],[569269.2,4668456.7],[569262.1,4668453.5],[569258.1,4668454.8],[569255.8,4668462.3],[569270.0,4668508.9],[569279.2,4668518.3],[569286.3,4668520.1],[569293.5,4668518.0]]]},"properties":{"kind":"lake","name":null,"osmId":538394368}},{"type":"Feature","geometry":{"type":"Polygon","coordinates":[[[569490.4,4668440.3],[569492.5,4668444.8],[569490.2,4668451.8],[569486.7,4668451.8],[569483.2,4668448.2],[569484.1,4668442.5],[569490.4,4668440.3]]]},"properties":{"kind":"lake","name":null,"osmId":538394369}},{"type":"Feature","geometry":{"type":"Polygon","coordinates":[[[569566.0,4668515.3],[569571.7,4668515.2],[569579.9,4668516.6],[569581.7,4668521.0],[569573.8,4668525.8],[569566.5,4668525.7],[569560.1,4668525.0],[569559.5,4668519.5],[569566.0,4668515.3]]]},"properties":{"kind":"lake","name":null,"osmId":538394370}},{"type":"Feature","geometry":{"type":"LineString","coordinates":[[559280.2,4670818.9],[559281.1,4670814.4],[559284.9,4670809.3],[559290.3,4670805.2],[559299.0,4670801.4],[559314.9,4670797.6],[559336.8,4670792.0],[559356.6,4670784.8],[559376.1,4670774.7],[559396.9,4670762.0],[559415.8,4670747.7],[559438.6,4670724.2],[559461.4,4670697.6],[559489.2,4670660.8],[559530.2,4670600.6],[559550.2,4670568.8],[559556.9,4670558.1],[559564.7,4670551.1],[559573.1,4670545.7],[559586.4,4670541.2],[559598.7,4670539.0],[559608.1,4670539.0],[559618.3,4670540.5],[559624.0,4670541.8],[559642.0,4670546.8],[559664.7,4670551.4],[559681.8,4670555.2],[559685.7,4670557.2],[559689.8,4670560.4],[559692.1,4670564.8]]},"properties":{"kind":"road","name":"Spruceton Road","osmId":551473555}},{"type":"Feature","geometry":{"type":"LineString","coordinates":[[563854.6,4669515.4],[563844.5,4669526.2],[563839.3,4669541.3],[563832.9,4669556.4],[563827.8,4669564.7],[563820.4,4669578.0],[563816.9,4669594.4],[563807.6,4669612.7],[563808.0,4669633.5],[563807.6,4669653.3],[563804.9,4669662.6],[563799.7,4669668.9],[563796.0,4669682.0],[563795.0,4669705.2],[563796.6,4669725.2],[563791.6,4669738.5],[563787.9,4669747.2],[563782.9,4669756.7],[563775.0,4669767.1],[563773.8,4669789.6],[563774.2,4669813.0],[563772.7,4669821.7],[563768.8,4669824.3],[563761.1,4669821.6],[563754.7,4669816.0],[563745.8,4669814.2],[563735.4,4669815.1],[563726.7,4669813.7],[563716.0,4669816.2],[563706.3,4669816.5],[563697.4,4669810.9],[563692.4,4669805.1],[563688.3,4669802.2],[563682.5,4669800.9],[563676.7,4669803.6],[563665.3,4669812.7],[563644.0,4669823.7],[563619.2,4669833.2],[563607.6,4669835.5],[563600.8,4669836.1],[563593.4,4669843.1],[563585.6,4669853.3]]},"properties":{"kind":"trail","name":null,"osmId":619877954}},{"type":"Feature","geometry":{"type":"LineString","coordinates":[[563828.1,4665034.4],[563818.2,4665042.2],[563786.6,4665051.4],[563773.0,4665057.9],[563755.4,4665067.9]]},"properties":{"kind":"road","name":"Ostrander Road","osmId":653436965}},{"type":"Feature","geometry":{"type":"LineString","coordinates":[[570506.1,4667533.6],[570608.9,4667486.5],[570678.8,4667449.9]]},"properties":{"kind":"road","name":"Palsgraf Court","osmId":656330702}},{"type":"Feature","geometry":{"type":"LineString","coordinates":[[565387.3,4672937.7],[565383.6,4672926.4],[565376.3,4672904.0],[565368.3,4672881.3],[565366.6,4672865.9],[565369.3,4672847.2],[565375.7,4672841.3],[565391.2,4672837.9],[565408.5,4672834.2],[565429.7,4672821.2],[565514.5,4672764.1]]},"properties":{"kind":"road","name":"Red Schoolhouse Road","osmId":671699967}},{"type":"Feature","geometry":{"type":"LineString","coordinates":[[565647.4,4672459.0],[565625.4,4672467.2],[565610.4,4672477.0],[565600.7,4672486.5],[565577.5,4672523.8],[565568.2,4672534.9],[565560.4,4672543.5],[565558.3,4672548.9],[565557.5,4672552.7],[565558.2,4672557.9],[565559.4,4672560.1],[565562.8,4672561.8],[565568.4,4672561.5],[565572.3,4672559.5],[565580.3,4672553.1],[565589.9,4672537.8]]},"properties":{"kind":"road","name":"Trailside Drive","osmId":672402452}},{"type":"Feature","geometry":{"type":"LineString","coordinates":[[569674.2,4671629.3],[569694.8,4671574.7],[569695.5,4671571.6],[569695.4,4671568.3],[569693.5,4671565.7],[569687.0,4671560.4],[569684.1,4671557.4],[569682.5,4671555.0],[569681.7,4671551.1],[569682.0,4671546.2],[569683.5,4671539.5],[569693.4,4671514.8],[569697.8,4671506.5],[569701.4,4671502.5]]},"properties":{"kind":"road","name":"Elizabeth Lane","osmId":672977456}},{"type":"Feature","geometry":{"type":"LineString","coordinates":[[570741.9,4664935.0],[570749.3,4664940.6],[570761.2,4664942.3],[570779.8,4664943.9],[570790.0,4664947.3],[570796.8,4664950.9],[570808.4,4664950.7],[570817.0,4664948.8],[570826.9,4664944.2],[570836.2,4664945.9],[570847.3,4664949.1],[570866.3,4664957.1],[570875.3,4664961.7],[570884.7,4664966.7],[570904.0,4664972.2],[570931.4,4664970.8],[570940.8,4664969.5],[570948.4,4664966.2],[570954.4,4664964.3],[570966.0,4664964.6],[570976.5,4664965.2],[570984.7,4664964.4],[570991.6,4664966.3],[570999.8,4664971.9],[571009.9,4664982.2],[571023.8,4664990.3],[571034.3,4665000.7],[571042.9,4665005.1],[571057.4,4665012.2],[571067.1,4665017.5],[571079.9,4665028.3],[571102.6,4665040.7],[571108.8,4665040.5],[571115.9,4665041.3],[571120.5,4665043.0],[571124.1,4665046.0],[571130.9,4665054.2],[571140.4,4665059.8],[571161.0,4665062.5],[571171.0,4665066.4],[571178.9,4665073.1],[571182.9,4665081.5],[571188.5,4665088.0],[571194.3,4665094.6],[571201.8,4665100.5],[571212.8,4665103.2],[571222.4,4665104.1],[571230.1,4665106.3],[571253.1,4665122.5],[571269.0,4665134.3],[571273.0,4665140.6],[571277.4,4665144.3],[571283.3,4665144.5],[571287.4,4665141.2],[571289.7,4665139.0],[571293.8,4665138.4],[571298.2,4665140.1],[571300.6,4665142.8],[571304.0,4665143.9],[571307.6,4665142.6],[571313.6,4665139.8],[571322.7,4665139.7],[571328.5,4665138.6],[571331.7,4665136.4],[571334.9,4665132.3],[571342.2,4665129.8],[571352.4,4665126.1],[571361.0,4665128.3],[571364.6,4665134.8],[571369.0,4665139.9],[571383.2,4665149.3],[571387.3,4665150.8],[571393.0,4665150.8],[571401.0,4665153.8],[571408.4,4665156.2],[571416.2,4665158.7],[571423.6,4665157.6],[571429.5,4665157.5],[571434.2,4665160.9],[571440.6,4665162.9],[571452.3,4665165.1],[571467.7,4665178.1],[571476.8,4665183.0],[571485.5,4665187.9],[571492.7,4665193.0],[571495.5,4665199.6],[571495.2,4665210.3],[571495.3,4665220.3],[571503.0,4665231.7],[571505.8,4665247.9],[571507.5,4665276.1],[571521.3,4665301.4],[571537.7,4665320.6],[571550.7,4665330.3],[571566.2,4665342.5],[571575.8,4665348.1],[571581.8,4665355.2],[571591.1,4665355.5],[571598.2,4665353.9],[571604.2,4665357.0],[571610.5,4665361.5],[571625.1,4665370.3],[571633.8,4665380.1],[571639.4,4665388.9],[571642.3,4665398.8],[571653.0,4665404.0],[571664.9,4665407.6],[571676.1,4665404.5],[571690.5,4665401.7],[571699.9,4665406.0],[571705.1,4665414.9],[571708.3,4665425.0],[571712.4,4665433.8],[571720.0,4665440.9],[571723.4,4665448.0],[571723.2,4665459.1],[571722.8,4665473.1],[571720.2,4665490.5],[571722.4,4665499.6],[571719.9,4665511.9],[571721.0,4665519.7],[571725.1,4665524.9],[571739.1,4665542.2],[571744.5,4665554.5],[571740.1,4665566.7],[571738.1,4665575.1],[571741.6,4665584.6],[571748.7,4665596.4],[571759.9,4665605.5],[571770.8,4665611.6],[571777.8,4665624.0],[571775.8,4665636.9],[571776.4,4665651.6],[571782.4,4665663.0],[571794.7,4665673.3],[571806.1,4665682.9],[571817.0,4665692.2],[571833.1,4665699.3],[571856.0,4665702.1],[571875.5,4665710.8],[571886.6,4665720.4],[571888.7,4665732.9],[571885.7,4665752.9],[571886.9,4665769.7],[571883.7,4665779.5],[571880.4,4665784.7],[571878.8,4665790.5],[571876.8,4665798.5],[571879.5,4665806.2],[571887.4,4665810.5],[571897.5,4665815.3],[571909.9,4665816.5],[571924.3,4665822.6],[571932.2,4665833.5],[571934.6,4665849.1],[571942.3,4665857.8],[571953.0,4665868.8],[571960.1,4665886.0],[571973.3,4665905.4],[571982.0,4665911.5],[571994.6,4665915.5],[572003.2,4665928.0],[572018.5,4665956.5],[572027.1,4665968.0],[572041.0,4665983.9],[572053.8,4665992.0],[572064.9,4665996.1],[572079.0,4666000.3],[572090.1,4666008.1],[572100.7,4666024.5],[572109.9,4666032.0],[572114.6,4666040.7],[572115.1,4666051.1],[572123.7,4666060.2],[572133.7,4666067.1],[572142.0,4666073.0],[572148.4,4666081.3],[572158.2,4666091.7],[572165.6,4666105.1],[572172.6,4666112.0],[572181.3,4666115.3],[572185.4,4666119.5],[572195.9,4666135.7],[572206.6,4666150.5],[572221.8,4666161.7],[572242.5,4666168.6],[572261.4,4666175.8],[572271.4,4666183.7],[572290.2,4666191.5],[572304.0,4666195.0],[572319.6,4666195.9],[572336.5,4666189.2],[572348.4,4666191.7],[572362.5,4666205.0],[572374.1,4666219.0],[572392.4,4666230.8],[572410.9,4666234.2],[572431.2,4666236.9],[572450.3,4666239.9],[572461.0,4666247.7],[572473.6,4666258.0],[572490.3,4666266.7],[572503.4,4666273.2],[572522.4,4666276.1],[572543.5,4666286.6],[572563.1,4666301.7],[572578.5,4666311.6],[572599.9,4666330.4],[572612.7,4666336.2],[572632.8,4666340.7],[572649.2,4666345.9],[572669.9,4666353.6],[572679.7,4666359.0],[572687.5,4666371.8],[572694.6,4666387.9],[572699.5,4666405.1],[572709.6,4666416.2],[572718.4,4666429.9],[572727.0,4666435.5],[572737.1,4666437.1],[572748.8,4666438.8],[572755.5,4666448.4],[572757.1,4666461.9],[572761.6,4666469.7],[572762.5,4666479.0],[572764.2,4666482.8],[572768.3,4666482.2],[572776.8,4666482.2],[572785.8,4666484.7],[572796.1,4666490.2],[572806.6,4666499.5],[572816.9,4666515.8],[572816.6,4666522.1],[572814.0,4666527.1],[572808.6,4666527.3],[572801.9,4666525.3],[572794.6,4666526.9],[572787.3,4666536.6],[572787.4,4666546.2],[572799.4,4666565.0],[572804.7,4666578.5],[572802.0,4666586.4],[572797.9,4666589.8],[572791.8,4666596.8],[572791.1,4666600.4],[572792.8,4666602.5],[572797.6,4666602.9],[572809.3,4666605.4],[572816.7,4666609.6],[572819.4,4666612.7],[572818.2,4666617.2],[572813.6,4666620.9],[572812.0,4666627.4],[572813.9,4666634.0],[572817.3,4666641.6],[572813.5,4666652.9],[572815.1,4666664.7],[572820.9,4666695.5],[572839.8,4666714.3],[572847.4,4666723.6],[572853.6,4666732.2],[572857.9,4666736.6],[572860.7,4666739.9],[572861.7,4666743.5],[572861.0,4666746.4],[572861.2,4666749.0],[572864.7,4666752.8],[572869.6,4666755.0],[572873.9,4666755.1],[572879.2,4666758.8],[572880.6,4666763.8],[572878.9,4666769.2],[572875.1,4666777.9]]},"properties":{"kind":"stream","name":null,"osmId":675576978}},{"type":"Feature","geometry":{"type":"LineString","coordinates":[[569806.3,4666234.7],[569815.3,4666238.2],[569820.7,4666243.5],[569830.8,4666268.9],[569839.6,4666283.6],[569854.2,4666303.9],[569857.0,4666313.8],[569857.4,4666323.2],[569856.3,4666343.0],[569862.5,4666360.1],[569870.9,4666363.9],[569876.1,4666362.1],[569883.7,4666362.1],[569888.4,4666364.1],[569892.0,4666369.3],[569896.0,4666372.6],[569902.8,4666378.2],[569910.0,4666389.2],[569918.8,4666398.3],[569935.7,4666407.0],[569950.5,4666411.4],[569962.8,4666419.0],[569974.3,4666430.4],[569981.0,4666439.8],[569985.5,4666450.5],[569989.9,4666466.1],[569989.1,4666481.2],[569994.5,4666505.9],[569997.7,4666523.7],[570004.0,4666539.7],[570020.6,4666564.6],[570027.3,4666575.2],[570034.5,4666585.0],[570049.4,4666605.6],[570068.1,4666624.2],[570075.4,4666637.8],[570074.1,4666650.3],[570068.3,4666659.7],[570060.0,4666671.1],[570053.4,4666682.9],[570050.7,4666695.1],[570049.3,4666704.4],[570049.7,4666712.8],[570053.7,4666725.4],[570058.1,4666731.8],[570073.5,4666758.2],[570085.1,4666768.6],[570115.6,4666801.2],[570122.3,4666813.7],[570125.4,4666826.7],[570131.2,4666851.3],[570138.0,4666859.2],[570146.3,4666867.9],[570156.0,4666871.6],[570169.9,4666881.6],[570192.0,4666892.3],[570209.1,4666903.9],[570221.8,4666914.1],[570227.5,4666921.0],[570235.2,4666926.8],[570243.2,4666931.4],[570248.3,4666938.9],[570262.4,4666956.1],[570269.2,4666964.4],[570280.5,4666969.9],[570289.7,4666977.8],[570309.2,4666986.7],[570328.1,4666996.2],[570341.3,4667009.7],[570342.7,4667016.2],[570338.3,4667024.5],[570328.0,4667037.2],[570325.0,4667050.4],[570329.8,4667064.2],[570338.4,4667076.6],[570352.2,4667089.9],[570365.5,4667100.1],[570376.7,4667106.9],[570394.0,4667118.4],[570410.4,4667125.6],[570426.6,4667131.8],[570431.8,4667130.7],[570441.2,4667129.7],[570470.7,4667124.4],[570487.4,4667125.6],[570517.9,4667132.0],[570526.6,4667135.7],[570537.0,4667138.3],[570554.5,4667137.8],[570578.4,4667137.0],[570597.5,4667138.2],[570614.1,4667142.0],[570622.1,4667145.8],[570627.5,4667153.4],[570638.6,4667157.6],[570656.9,4667162.9],[570680.1,4667168.6],[570697.0,4667170.9],[570725.3,4667169.6],[570738.9,4667165.1],[570749.2,4667159.5],[570758.7,4667160.7],[570771.1,4667148.9],[570780.1,4667135.6],[570785.6,4667130.2],[570793.3,4667126.2],[570811.0,4667119.9],[570822.2,4667121.6],[570845.7,4667136.8],[570868.9,4667151.7],[570874.4,4667155.3],[570922.2,4667169.1],[571002.9,4667182.9],[571060.5,4667210.3],[571076.2,4667217.3],[571087.9,4667229.5],[571095.9,4667235.5],[571102.6,4667245.3],[571103.2,4667254.8],[571108.0,4667262.8],[571118.2,4667263.1],[571142.8,4667248.1],[571158.0,4667248.3],[571170.0,4667242.7],[571178.9,4667231.4],[571188.4,4667221.3],[571195.3,4667217.7],[571201.6,4667218.1],[571211.6,4667219.4],[571220.6,4667217.4],[571228.8,4667209.1],[571235.6,4667192.8],[571244.4,4667184.4],[571270.1,4667181.5],[571283.1,4667177.9],[571288.2,4667175.5],[571291.9,4667171.3],[571292.1,4667166.7],[571294.8,4667162.8],[571300.1,4667159.4],[571311.0,4667149.9],[571316.7,4667146.7],[571322.5,4667144.9],[571330.5,4667145.5],[571337.6,4667150.3],[571352.3,4667158.5],[571364.5,4667161.4],[571368.1,4667162.0],[571371.2,4667160.7],[571372.3,4667157.9],[571373.2,4667154.2],[571375.5,4667151.4],[571379.4,4667150.1],[571382.7,4667145.1],[571381.1,4667140.4],[571377.3,4667133.8],[571375.8,4667123.4],[571379.1,4667117.3],[571384.0,4667112.6],[571396.0,4667108.9],[571400.3,4667106.3],[571402.3,4667103.1],[571402.4,4667098.5],[571402.4,4667096.1],[571403.7,4667094.7],[571410.7,4667090.4],[571416.8,4667089.0],[571430.6,4667082.3],[571448.7,4667077.6],[571453.4,4667070.2],[571472.8,4667064.5],[571489.7,4667067.4],[571498.5,4667067.8],[571509.0,4667073.0],[571512.4,4667081.0],[571516.7,4667083.1],[571520.2,4667082.4],[571528.7,4667073.2],[571541.3,4667056.6],[571546.3,4667034.4],[571548.5,4667015.1],[571553.5,4666999.2],[571564.1,4666989.2],[571586.5,4666958.8],[571606.0,4666941.2],[571622.9,4666924.5],[571632.0,4666921.7],[571641.6,4666922.6],[571646.4,4666923.8],[571655.3,4666919.7],[571661.7,4666917.9],[571669.0,4666913.4],[571674.5,4666902.6],[571683.1,4666898.1],[571690.5,4666902.8],[571694.2,4666910.3],[571696.8,4666922.9],[571701.7,4666936.8],[571705.3,4666955.2],[571709.2,4666967.2],[571723.1,4666977.1],[571753.7,4666990.2],[571783.9,4667012.8],[571797.2,4667026.1],[571800.1,4667043.7],[571793.9,4667060.0],[571792.5,4667069.0],[571793.2,4667076.9],[571800.8,4667092.8],[571814.9,4667103.9],[571828.8,4667111.6],[571842.4,4667125.4],[571848.9,4667138.4],[571858.6,4667153.2],[571871.1,4667165.1],[571888.4,4667174.7],[571908.1,4667182.8],[571932.8,4667191.0],[571961.3,4667198.3],[571987.0,4667203.9],[572012.1,4667203.4],[572040.3,4667198.1],[572061.0,4667201.9],[572072.2,4667200.7],[572087.0,4667200.6],[572095.4,4667201.9],[572100.5,4667205.4],[572108.0,4667208.1],[572114.7,4667206.4],[572122.6,4667205.3],[572126.9,4667209.8],[572128.7,4667220.4],[572128.4,4667233.8],[572134.3,4667236.3],[572140.8,4667234.9],[572148.5,4667230.7],[572164.3,4667234.5],[572183.2,4667248.5],[572204.7,4667252.5],[572214.9,4667255.6],[572235.0,4667259.1],[572248.5,4667261.9],[572266.6,4667281.4],[572276.5,4667278.0],[572283.1,4667268.8],[572290.0,4667254.1],[572296.5,4667245.9],[572306.9,4667240.8],[572322.6,4667237.0],[572337.9,4667239.9],[572347.5,4667248.4],[572346.2,4667257.2],[572339.7,4667262.1],[572331.7,4667266.5],[572331.6,4667278.1],[572330.5,4667291.2],[572340.2,4667306.8],[572355.8,4667313.4],[572367.1,4667321.5],[572383.0,4667324.2],[572392.8,4667326.2],[572400.3,4667327.7],[572413.6,4667322.4],[572429.6,4667329.5],[572433.7,4667340.1],[572443.2,4667346.5],[572449.0,4667353.3],[572460.9,4667360.0],[572474.8,4667359.8],[572481.8,4667363.7],[572491.5,4667368.5],[572503.9,4667371.5],[572512.1,4667377.0],[572519.6,4667382.1],[572537.6,4667389.3]]},"properties":{"kind":"stream","name":"Roaring Kill","osmId":675577129}},{"type":"Feature","geometry":{"type":"LineString","coordinates":[[569676.9,4665830.1],[569669.1,4665844.3],[569662.1,4665851.9],[569652.6,4665859.5],[569650.5,4665867.6],[569651.2,4665874.6],[569656.1,4665882.0],[569657.9,4665891.5],[569656.2,4665895.0],[569656.1,4665898.5],[569658.7,4665903.7],[569660.0,4665909.5],[569659.7,4665914.7],[569657.0,4665917.5],[569647.8,4665921.7],[569640.4,4665928.7],[569635.8,4665938.5],[569633.8,4665945.7],[569635.3,4665955.5],[569634.4,4665968.7],[569628.2,4665984.3],[569619.9,4665996.9],[569613.6,4666011.6],[569609.4,4666026.9],[569607.9,4666036.3],[569606.8,4666043.2],[569610.6,4666048.6],[569617.0,4666053.0],[569626.4,4666060.1],[569635.7,4666064.8],[569643.1,4666065.3],[569647.8,4666063.7],[569657.2,4666061.5],[569671.7,4666060.8],[569686.4,4666057.0],[569694.3,4666055.7],[569705.5,4666057.9],[569720.9,4666062.4],[569730.5,4666065.3],[569735.6,4666068.5],[569741.4,4666076.6],[569745.9,4666087.2],[569750.2,4666099.8],[569753.3,4666108.4],[569756.9,4666116.3],[569759.5,4666123.8],[569766.5,4666137.5],[569774.3,4666151.9],[569778.1,4666163.9],[569779.6,4666179.7],[569780.8,4666193.5],[569782.3,4666206.0],[569783.0,4666211.2],[569786.1,4666215.4],[569791.5,4666220.1],[569795.3,4666223.4],[569801.4,4666231.1],[569806.3,4666234.7]]},"properties":{"kind":"stream","name":null,"osmId":675577279}},{"type":"Feature","geometry":{"type":"LineString","coordinates":[[568895.9,4665394.7],[568914.4,4665394.9],[568922.3,4665396.6],[568930.2,4665396.1],[568945.1,4665392.5],[568952.6,4665395.6],[568966.8,4665398.0],[568977.7,4665397.3],[568986.7,4665400.0],[569000.1,4665403.6],[569013.2,4665404.3],[569024.6,4665404.9],[569037.3,4665407.2],[569050.1,4665410.8],[569060.2,4665411.0],[569070.2,4665410.7],[569079.0,4665407.9],[569097.1,4665402.0],[569121.3,4665400.3],[569133.4,4665401.7],[569144.8,4665406.1],[569155.3,4665405.8],[569168.7,4665403.7],[569177.2,4665406.9],[569188.9,4665405.1],[569208.1,4665411.7],[569211.6,4665412.3],[569215.4,4665413.3],[569218.9,4665414.2],[569224.2,4665416.1],[569227.4,4665416.5],[569231.4,4665416.9],[569237.5,4665417.6],[569247.9,4665415.8],[569252.5,4665413.2],[569258.4,4665412.5],[569270.9,4665414.5],[569279.3,4665419.8],[569293.6,4665422.8],[569306.0,4665428.9],[569320.4,4665435.8],[569330.4,4665435.5],[569348.5,4665435.2],[569358.1,4665439.6],[569363.9,4665442.3],[569371.8,4665456.0],[569372.6,4665458.6],[569375.0,4665467.2],[569380.9,4665472.3],[569387.2,4665478.4],[569394.7,4665488.9],[569400.3,4665495.4],[569413.5,4665503.2],[569421.8,4665516.7],[569421.7,4665524.8],[569422.5,4665535.6],[569423.3,4665541.7],[569423.1,4665562.1],[569426.6,4665580.3],[569421.8,4665590.6],[569421.5,4665598.7],[569421.7,4665612.2],[569423.0,4665618.0],[569425.4,4665623.8],[569427.9,4665631.7],[569424.8,4665639.5],[569420.0,4665643.6],[569416.6,4665654.6],[569418.1,4665663.3],[569423.6,4665670.4],[569425.8,4665676.7],[569426.6,4665687.8],[569431.9,4665698.7],[569439.2,4665707.1],[569446.9,4665713.2],[569450.6,4665718.4],[569459.8,4665724.1],[569465.2,4665723.6],[569471.0,4665719.4],[569478.0,4665717.2],[569484.3,4665713.0],[569494.2,4665711.1],[569499.2,4665708.1],[569509.2,4665706.7],[569516.8,4665710.6],[569525.5,4665722.9],[569533.9,4665730.0],[569539.9,4665737.3],[569546.6,4665738.5],[569554.3,4665747.7],[569562.5,4665758.8],[569567.9,4665765.8],[569572.6,4665767.2],[569582.6,4665768.2],[569595.2,4665774.0],[569612.3,4665778.4],[569620.6,4665784.2],[569625.5,4665791.7],[569634.4,4665797.5],[569642.6,4665799.6],[569651.0,4665804.0],[569660.5,4665811.1],[569670.2,4665816.6],[569676.3,4665823.1],[569676.9,4665830.1]]},"properties":{"kind":"stream","name":null,"osmId":675577280}},{"type":"Feature","geometry":{"type":"LineString","coordinates":[[570115.9,4665359.0],[570108.6,4665370.3],[570106.5,4665385.0],[570098.5,4665399.2],[570092.5,4665413.5],[570084.9,4665427.5],[570080.9,4665449.9],[570079.3,4665466.2],[570072.9,4665476.0],[570070.4,4665489.0],[570063.0,4665496.0],[570043.3,4665513.9],[570036.6,4665526.9],[570030.6,4665540.9],[570024.1,4665550.8],[570016.9,4665556.3],[570008.1,4665558.9],[570000.5,4665563.6],[569990.8,4665568.1],[569980.7,4665571.6],[569971.1,4665579.0],[569963.8,4665588.5],[569959.7,4665593.3],[569945.5,4665598.9],[569933.4,4665607.6],[569927.0,4665616.3],[569924.4,4665621.7],[569923.4,4665627.9],[569919.3,4665632.4],[569909.4,4665638.6],[569900.6,4665651.7],[569892.2,4665662.4],[569885.6,4665666.8],[569879.5,4665671.4],[569878.0,4665676.9],[569872.3,4665680.2],[569863.6,4665684.5],[569853.1,4665699.5],[569847.0,4665702.4],[569835.3,4665705.2],[569825.3,4665714.6],[569819.4,4665723.8],[569816.9,4665730.0],[569808.3,4665741.7],[569801.3,4665751.1],[569794.2,4665753.8],[569790.6,4665757.0],[569774.7,4665765.4],[569762.6,4665772.9],[569746.7,4665794.4],[569731.5,4665814.2],[569714.1,4665827.1],[569694.8,4665831.2],[569676.9,4665830.1]]},"properties":{"kind":"stream","name":null,"osmId":675577281}},{"type":"Feature","geometry":{"type":"LineString","coordinates":[[568863.4,4666232.7],[568875.6,4666237.1],[568889.5,4666242.8],[568903.9,4666253.1],[568910.3,4666263.5],[568913.2,4666273.2],[568921.4,4666281.5],[568937.8,4666292.3],[568954.1,4666301.3],[568966.6,4666303.5],[568973.5,4666310.3],[568981.3,4666315.0],[568992.9,4666315.4],[569002.8,4666319.0],[569015.7,4666326.6],[569023.4,4666330.1],[569034.2,4666332.2],[569041.3,4666334.3],[569046.3,4666339.1],[569055.1,4666342.7],[569064.2,4666345.1],[569073.4,4666346.8],[569081.6,4666346.3],[569098.6,4666346.8],[569104.6,4666348.8],[569110.7,4666353.2],[569119.0,4666356.3],[569126.9,4666355.9],[569134.1,4666357.0],[569146.8,4666364.5],[569157.8,4666368.3],[569167.9,4666371.1],[569172.5,4666371.4],[569179.5,4666371.0],[569188.8,4666371.6],[569197.3,4666370.5],[569204.6,4666371.2],[569211.2,4666373.3],[569219.3,4666376.4],[569225.6,4666377.8],[569235.9,4666378.1],[569244.0,4666374.9],[569249.8,4666371.4],[569258.8,4666363.5],[569262.6,4666354.3],[569267.4,4666348.3],[569271.3,4666339.2],[569276.1,4666334.5],[569283.7,4666332.9],[569293.9,4666328.8],[569305.0,4666315.8],[569313.8,4666303.6],[569323.0,4666299.7],[569355.7,4666284.3],[569400.8,4666260.9],[569431.8,4666243.6],[569445.3,4666238.4],[569454.7,4666234.1],[569459.8,4666228.6],[569467.0,4666221.0],[569476.0,4666213.4],[569488.2,4666210.1],[569500.6,4666211.9],[569516.8,4666213.2],[569526.5,4666215.1],[569536.6,4666216.2],[569543.8,4666214.6],[569553.8,4666214.1],[569565.9,4666215.7],[569576.2,4666216.3],[569584.5,4666218.7],[569593.1,4666225.0],[569600.1,4666226.6],[569610.2,4666229.7],[569620.4,4666233.5],[569629.6,4666232.5],[569638.9,4666233.7],[569643.1,4666237.6],[569648.3,4666239.1],[569653.9,4666238.4],[569658.3,4666233.1],[569665.9,4666228.1],[569672.2,4666225.5],[569679.4,4666226.3],[569685.5,4666230.3],[569693.3,4666240.8],[569699.9,4666245.7],[569705.4,4666246.4],[569710.5,4666245.5],[569715.0,4666244.5]]},"properties":{"kind":"stream","name":"Roaring Kill","osmId":675577282}},{"type":"Feature","geometry":{"type":"Polygon","coordinates":[[[564066.0,4673685.2],[564070.2,4673682.3],[564071.7,4673682.0],[564073.1,4673681.4],[564075.8,4673679.1],[564077.1,4673677.6],[564079.0,4673676.0],[564085.3,4673669.3],[564089.3,4673663.5],[564091.4,4673659.5],[564092.4,4673656.0],[564092.0,4673653.7],[564092.1,4673651.6],[564094.0,4673651.0],[564093.3,4673643.6],[564090.7,4673643.8],[564089.4,4673640.9],[564089.1,4673637.6],[564090.0,4673634.0],[564090.1,4673630.7],[564089.4,4673627.2],[564087.6,4673625.1],[564086.4,4673623.7],[564084.6,4673620.1],[564080.0,4673615.0],[564075.8,4673612.1],[564073.5,4673612.0],[564070.6,4673611.4],[564067.3,4673609.9],[564064.6,4673606.9],[564061.8,4673605.3],[564058.2,4673602.9],[564053.3,4673598.6],[564049.0,4673594.1],[564044.5,4673591.0],[564039.6,4673587.4],[564037.2,4673585.0],[564036.3,4673583.6],[564031.3,4673579.6],[564026.2,4673575.3],[564018.3,4673567.8],[564009.5,4673560.0],[564001.6,4673553.1],[563996.1,4673548.2],[563991.5,4673544.6],[563986.0,4673540.7],[563977.4,4673534.9],[563968.6,4673530.2],[563960.8,4673527.0],[563953.7,4673524.0],[563945.8,4673521.6],[563939.9,4673518.8],[563935.0,4673515.9],[563926.5,4673510.9],[563916.5,4673508.5],[563911.4,4673507.5],[563909.1,4673506.6],[563907.0,4673505.5],[563903.5,4673504.7],[563901.6,4673505.6],[563899.6,4673506.6],[563896.8,4673506.6],[563885.0,4673504.4],[563881.2,4673504.2],[563877.7,4673503.9],[563874.8,4673506.2],[563872.5,4673507.1],[563870.4,4673507.1],[563869.8,4673505.0],[563870.7,4673503.6],[563871.7,4673502.2],[563871.9,4673501.0],[563871.3,4673500.7],[563870.2,4673501.3],[563869.0,4673502.3],[563867.8,4673502.6],[563866.7,4673503.7],[563865.3,4673504.8],[563864.2,4673504.7],[563863.9,4673503.9],[563864.4,4673502.9],[563864.5,4673501.7],[563863.5,4673501.2],[563861.2,4673500.8],[563858.2,4673500.5],[563855.4,4673501.2],[563853.4,4673502.3],[563850.8,4673503.8],[563848.3,4673504.5],[563845.9,4673504.8],[563843.1,4673504.8],[563841.0,4673504.8],[563839.6,4673505.2],[563838.1,4673506.8],[563836.8,4673507.9],[563834.5,4673508.8],[563831.5,4673509.3],[563829.5,4673508.8],[563827.8,4673508.7],[563826.0,4673509.3],[563819.8,4673511.7],[563816.8,4673512.5],[563815.6,4673512.7],[563815.0,4673513.8],[563815.3,4673515.0],[563815.0,4673516.0],[563813.3,4673517.7],[563811.2,4673518.7],[563808.9,4673519.6],[563807.5,4673519.6],[563805.9,4673519.3],[563804.6,4673519.2],[563802.8,4673519.8],[563801.2,4673520.7],[563799.9,4673522.5],[563798.4,4673524.3],[563796.1,4673526.2],[563794.4,4673527.0],[563791.8,4673527.9],[563789.7,4673527.8],[563788.1,4673527.6],[563786.7,4673527.8],[563786.2,4673529.7],[563785.3,4673533.0],[563784.5,4673535.3],[563783.5,4673538.0],[563781.5,4673540.2],[563779.8,4673542.2],[563777.2,4673544.4],[563775.0,4673546.2],[563772.7,4673547.5],[563771.4,4673548.3],[563770.7,4673550.5],[563771.0,4673552.5],[563770.7,4673554.5],[563768.9,4673556.2],[563766.2,4673557.4],[563763.4,4673559.1],[563762.8,4673561.3],[563760.8,4673563.2],[563758.4,4673566.3],[563756.7,4673569.7],[563755.8,4673572.5],[563755.2,4673575.3],[563754.6,4673577.5],[563754.5,4673580.5],[563754.6,4673582.5],[563754.8,4673584.3],[563755.3,4673587.6],[563755.3,4673589.2],[563756.2,4673593.4],[563757.1,4673599.1],[563757.8,4673602.5],[563759.0,4673607.9],[563759.6,4673609.7],[563759.5,4673612.3],[563759.4,4673613.1],[563759.9,4673613.8],[563760.8,4673616.3],[563761.1,4673618.7],[563761.7,4673620.2],[563762.7,4673623.3],[563763.3,4673625.9],[563764.6,4673631.5],[563765.0,4673633.8],[563765.0,4673635.1],[563765.7,4673636.5],[563766.9,4673638.6],[563768.1,4673640.4],[563769.0,4673642.2],[563771.1,4673646.9],[563771.9,4673648.8],[563772.3,4673650.1],[563772.3,4673651.2],[563773.0,4673652.5],[563773.4,4673653.6],[563773.7,4673655.3],[563774.8,4673657.4],[563775.7,4673658.6],[563776.4,4673659.9],[563776.9,4673661.0],[563778.5,4673662.2],[563779.2,4673663.7],[563779.5,4673665.0],[563779.9,4673666.9],[563780.6,4673669.1],[563781.7,4673672.7],[563782.6,4673674.7],[563783.2,4673676.4],[563784.1,4673678.5],[563785.1,4673681.6],[563785.8,4673682.7],[563787.1,4673684.4],[563788.0,4673686.5],[563788.4,4673687.7],[563789.7,4673691.2],[563790.8,4673693.5],[563791.8,4673695.3],[563792.5,4673697.2],[563793.8,4673700.0],[563795.0,4673703.0],[563797.2,4673707.4],[563799.3,4673710.7],[563800.9,4673713.5],[563802.3,4673716.5],[563805.1,4673721.2],[563806.2,4673723.5],[563807.2,4673724.7],[563808.3,4673726.6],[563809.0,4673728.0],[563810.2,4673729.9],[563812.6,4673733.2],[563815.5,4673737.6],[563816.7,4673739.8],[563818.4,4673742.4],[563819.7,4673744.6],[563820.5,4673746.4],[563821.5,4673747.1],[563822.2,4673749.3],[563824.2,4673752.8],[563825.6,4673756.1],[563827.5,4673760.6],[563828.6,4673762.2],[563829.7,4673764.8],[563830.9,4673767.7],[563831.8,4673769.9],[563832.9,4673771.6],[563834.8,4673778.0],[563835.5,4673780.8],[563836.0,4673784.6],[563836.7,4673787.5],[563837.4,4673790.4],[563838.3,4673793.1],[563839.4,4673795.4],[563840.7,4673797.3],[563841.6,4673798.8],[563843.4,4673800.5],[563845.7,4673801.8],[563848.2,4673802.6],[563851.0,4673803.0],[563853.9,4673802.4],[563856.0,4673801.9],[563858.6,4673801.1],[563860.8,4673800.9],[563863.4,4673799.7],[563866.3,4673798.4],[563869.4,4673796.2],[563872.4,4673794.5],[563876.4,4673792.7],[563880.2,4673791.2],[563882.1,4673790.0],[563885.1,4673788.6],[563887.1,4673788.3],[563889.8,4673788.2],[563892.0,4673788.4],[563892.7,4673787.2],[563893.3,4673786.9],[563895.2,4673792.2],[563895.8,4673792.2],[563896.4,4673793.1],[563897.3,4673793.1],[563895.6,4673787.2],[563897.5,4673786.8],[563899.3,4673786.5],[563900.6,4673792.0],[563902.7,4673791.6],[563901.5,4673785.5],[563902.0,4673785.3],[563902.6,4673786.4],[563904.1,4673784.9],[563905.9,4673783.2],[563908.6,4673781.4],[563911.0,4673779.4],[563915.6,4673776.2],[563918.7,4673774.1],[563922.0,4673773.0],[563925.1,4673771.6],[563928.3,4673769.7],[563935.0,4673766.3],[563941.8,4673762.6],[563950.0,4673757.7],[563953.9,4673754.7],[563959.4,4673751.4],[563966.7,4673747.2],[563974.0,4673742.4],[563981.2,4673737.9],[563989.4,4673733.3],[563992.8,4673730.6],[563999.0,4673726.5],[564006.4,4673721.7],[564012.9,4673717.4],[564015.7,4673715.7],[564017.2,4673714.3],[564020.5,4673712.1],[564025.5,4673709.2],[564026.8,4673709.0],[564031.5,4673705.9],[564034.4,4673704.3],[564036.2,4673703.7],[564039.7,4673701.6],[564045.1,4673698.7],[564050.6,4673695.2],[564059.2,4673689.9],[564066.0,4673685.2]]]},"properties":{"kind":"lake","name":null,"osmId":718031690}},{"type":"Feature","geometry":{"type":"LineString","coordinates":[[568748.9,4671298.4],[568795.6,4671275.7],[568800.6,4671268.3],[568807.6,4671265.0],[568820.5,4671278.7],[568825.6,4671289.3]]},"properties":{"kind":"road","name":null,"osmId":718618224}},{"type":"Feature","geometry":{"type":"LineString","coordinates":[[568871.6,4663625.3],[568861.3,4663609.0],[568856.0,4663588.8],[568855.9,4663569.5],[568853.6,4663541.1],[568858.6,4663523.8],[568856.9,4663509.6],[568846.7,4663484.2],[568847.3,4663454.8],[568836.2,4663435.7],[568826.7,4663414.8],[568824.0,4663390.3],[568822.5,4663368.9],[568825.7,4663344.0],[568821.9,4663330.2],[568811.6,4663318.5],[568796.2,4663315.5],[568780.0,4663308.3],[568772.8,4663300.9],[568764.5,4663287.5],[568758.2,4663272.5],[568755.1,4663265.0],[568747.9,4663257.6],[568735.9,4663249.7],[568727.6,4663243.9],[568718.1,4663234.0],[568714.1,4663225.1],[568719.0,4663215.9],[568733.8,4663203.1],[568742.1,4663186.7],[568747.0,4663161.4],[568746.5,4663145.9],[568741.9,4663128.1],[568739.6,4663110.7],[568747.3,4663083.7],[568750.5,4663068.5],[568753.0,4663052.5],[568750.7,4663034.9],[568739.8,4663015.2],[568736.6,4663012.2],[568733.5,4663009.3],[568716.9,4663001.7],[568708.2,4662994.9],[568705.7,4662990.5],[568706.6,4662986.0],[568709.5,4662976.7],[568712.9,4662958.6],[568713.4,4662938.1],[568709.1,4662915.7],[568700.0,4662898.0],[568694.7,4662883.2],[568695.2,4662866.1],[568699.4,4662844.7],[568708.0,4662821.2],[568711.7,4662813.5],[568711.7,4662805.4],[568707.3,4662789.8],[568694.6,4662779.3],[568672.1,4662758.3],[568666.3,4662744.7],[568663.0,4662733.8],[568661.0,4662718.5],[568662.4,4662707.3],[568664.3,4662694.7],[568661.5,4662679.4],[568654.7,4662670.2],[568644.8,4662662.4],[568638.4,4662659.4],[568630.2,4662659.8],[568623.4,4662658.6],[568615.2,4662652.6],[568612.2,4662645.5],[568613.0,4662637.7],[568617.2,4662629.6],[568625.4,4662621.3],[568629.7,4662614.0],[568631.3,4662596.0],[568627.7,4662570.2],[568623.9,4662560.2],[568617.1,4662552.6],[568607.8,4662537.6],[568600.5,4662525.0],[568594.4,4662515.1],[568591.3,4662501.5],[568589.0,4662482.3],[568580.4,4662467.5],[568565.3,4662453.8],[568551.7,4662446.9],[568545.2,4662442.5],[568542.1,4662433.6],[568543.0,4662426.4],[568547.3,4662419.1],[568552.3,4662409.7],[568561.0,4662392.4],[568559.8,4662382.4],[568549.6,4662366.8],[568545.2,4662359.3],[568540.5,4662352.7],[568538.6,4662344.6],[568537.4,4662334.1],[568539.6,4662321.3],[568552.1,4662307.1],[568560.3,4662297.3],[568561.2,4662286.6],[568558.2,4662275.6],[568553.6,4662260.4],[568553.8,4662248.7],[568554.2,4662240.8],[568561.2,4662230.9],[568568.5,4662218.3],[568573.2,4662205.6],[568572.6,4662196.0],[568565.3,4662182.1],[568560.9,4662169.0],[568562.6,4662151.2],[568565.7,4662127.8],[568565.9,4662115.6],[568568.4,4662099.2],[568571.4,4662092.9],[568572.8,4662083.6],[568575.4,4662074.7],[568576.6,4662065.9],[568574.9,4662058.0],[568567.9,4662054.5],[568548.0,4662037.9],[568537.5,4662021.5],[568528.4,4662010.4],[568515.4,4661990.8],[568513.0,4661981.4],[568512.6,4661966.8],[568517.2,4661957.4],[568522.5,4661951.8],[568527.1,4661948.7],[568532.0,4661947.3],[568539.0,4661948.7],[568544.8,4661948.5],[568553.0,4661944.7],[568557.5,4661941.4],[568562.5,4661933.3],[568564.5,4661927.3],[568564.8,4661922.0],[568562.4,4661913.9],[568555.1,4661907.1],[568545.4,4661895.0],[568542.0,4661886.3],[568542.9,4661873.0],[568547.0,4661850.8],[568546.7,4661843.5],[568544.4,4661838.1],[568541.0,4661833.5],[568538.7,4661826.4],[568534.5,4661819.4],[568536.1,4661812.6],[568535.7,4661803.2],[568532.7,4661793.1],[568535.5,4661783.9],[568538.4,4661778.4],[568543.8,4661773.2],[568547.7,4661763.3],[568547.6,4661752.0],[568545.9,4661746.3],[568541.5,4661740.9],[568538.5,4661737.5],[568536.3,4661731.7],[568536.4,4661726.8],[568535.3,4661722.0],[568531.2,4661715.8],[568526.6,4661709.4],[568521.5,4661705.8],[568517.8,4661698.4],[568515.5,4661686.7],[568514.8,4661678.0],[568519.5,4661660.1],[568527.0,4661642.9],[568528.2,4661633.6],[568526.3,4661615.5],[568521.1,4661606.8],[568513.1,4661602.8],[568507.6,4661599.5],[568503.5,4661594.8],[568500.6,4661590.2],[568500.0,4661583.1],[568503.9,4661572.7],[568508.7,4661559.5],[568514.9,4661529.4],[568515.7,4661516.3],[568512.1,4661500.3],[568508.8,4661486.9],[568505.5,4661478.1],[568499.3,4661471.9],[568492.3,4661465.6],[568487.0,4661461.7],[568484.6,4661457.4],[568484.4,4661452.0],[568486.0,4661447.8],[568489.5,4661440.8],[568490.8,4661434.3],[568490.3,4661427.3],[568487.2,4661413.2],[568481.7,4661400.2],[568479.1,4661389.9],[568479.5,4661382.4],[568482.4,4661375.6],[568484.6,4661364.4],[568481.5,4661342.6],[568479.5,4661332.0],[568475.4,4661320.1],[568465.4,4661301.1],[568459.3,4661285.7],[568456.8,4661276.6],[568463.1,4661224.5],[568467.2,4661191.7],[568470.5,4661173.8],[568471.9,4661155.9],[568476.8,4661130.2],[568483.1,4661113.0],[568484.8,4661096.8],[568473.9,4661068.0],[568462.9,4661057.3],[568453.9,4661044.5],[568452.5,4661035.9],[568455.5,4661008.8],[568465.7,4660983.4],[568478.6,4660939.1],[568474.9,4660903.7],[568475.8,4660876.0],[568488.5,4660842.0],[568519.4,4660795.8],[568522.6,4660778.7],[568517.3,4660749.7],[568506.8,4660736.7],[568500.3,4660717.9],[568498.5,4660704.6],[568492.6,4660678.8],[568469.0,4660652.4],[568452.9,4660629.8],[568442.7,4660608.8],[568445.2,4660592.1],[568452.6,4660578.1],[568456.5,4660567.3],[568453.7,4660556.9],[568438.2,4660534.3],[568414.4,4660530.4],[568396.0,4660515.1]]},"properties":{"kind":"stream","name":"Beaver Kill","osmId":722669964}},{"type":"Feature","geometry":{"type":"LineString","coordinates":[[563605.2,4668425.8],[563613.9,4668415.2],[563629.2,4668404.6],[563643.6,4668401.9],[563668.3,4668403.5],[563707.6,4668396.9],[563735.2,4668395.7],[563755.5,4668390.3],[563774.7,4668388.0],[563813.3,4668372.8],[563859.2,4668356.2],[563878.9,4668346.4],[563896.6,4668343.6],[563926.7,4668328.0],[563952.5,4668320.3],[563999.2,4668301.0],[564029.8,4668293.1],[564061.8,4668291.3],[564096.6,4668294.9],[564146.8,4668302.5],[564172.6,4668309.0],[564197.8,4668320.9],[564244.3,4668352.0],[564273.3,4668372.2],[564293.6,4668389.9],[564320.1,4668407.1],[564339.3,4668411.6],[564356.0,4668418.5],[564410.5,4668416.3],[564430.1,4668409.0],[564484.1,4668380.3],[564506.5,4668369.2],[564529.9,4668351.7],[564547.8,4668327.2],[564560.5,4668315.0],[564573.7,4668296.5],[564584.7,4668283.4],[564599.3,4668275.0],[564609.9,4668272.0],[564622.3,4668271.2],[564628.1,4668269.4]]},"properties":{"kind":"trail","name":"Devil's Path","osmId":805871765}},{"type":"Feature","geometry":{"type":"LineString","coordinates":[[568943.2,4671418.1],[568949.6,4671408.6],[568970.6,4671390.3],[568990.4,4671391.0]]},"properties":{"kind":"road","name":null,"osmId":812626361}},{"type":"Feature","geometry":{"type":"LineString","coordinates":[[568970.6,4671390.3],[568971.0,4671383.1],[568973.2,4671379.9]]},"properties":{"kind":"road","name":null,"osmId":812626362}},{"type":"Feature","geometry":{"type":"LineString","coordinates":[[569192.6,4671456.1],[569191.9,4671439.4],[569188.5,4671422.6],[569176.2,4671401.2],[569171.5,4671394.6],[569158.1,4671379.6],[569151.6,4671369.8],[569151.1,4671356.7],[569153.7,4671345.9],[569161.1,4671339.0],[569165.8,4671335.0]]},"properties":{"kind":"road","name":null,"osmId":812626369}},{"type":"Feature","geometry":{"type":"LineString","coordinates":[[569184.6,4671454.9],[569188.0,4671482.1],[569191.3,4671500.3],[569195.3,4671512.8],[569202.2,4671522.6],[569210.7,4671527.7],[569223.4,4671530.4],[569237.6,4671531.0],[569247.1,4671531.0]]},"properties":{"kind":"road","name":null,"osmId":812626375}},{"type":"Feature","geometry":{"type":"LineString","coordinates":[[569287.6,4671471.1],[569289.2,4671456.3],[569288.1,4671439.2],[569291.2,4671435.9],[569339.1,4671420.5]]},"properties":{"kind":"road","name":null,"osmId":812626377}},{"type":"Feature","geometry":{"type":"LineString","coordinates":[[569288.1,4671439.2],[569285.2,4671427.0],[569285.1,4671418.8],[569289.4,4671413.9],[569298.3,4671408.1]]},"properties":{"kind":"road","name":null,"osmId":812626378}},{"type":"Feature","geometry":{"type":"LineString","coordinates":[[568883.7,4671276.4],[568877.3,4671321.1],[568885.1,4671324.0]]},"properties":{"kind":"road","name":null,"osmId":812626381}},{"type":"Feature","geometry":{"type":"LineString","coordinates":[[568979.4,4671255.3],[568974.0,4671232.6]]},"properties":{"kind":"road","name":null,"osmId":812626383}},{"type":"Feature","geometry":{"type":"LineString","coordinates":[[568983.0,4671253.7],[569000.1,4671292.3],[569006.3,4671294.4],[569022.9,4671295.7],[569028.8,4671297.7],[569032.5,4671303.4],[569037.9,4671310.9],[569041.2,4671312.0],[569047.7,4671306.5]]},"properties":{"kind":"road","name":null,"osmId":812626384}},{"type":"Feature","geometry":{"type":"Polygon","coordinates":[[[569049.5,4671995.6],[569037.2,4671996.5],[569029.2,4672000.0],[569030.2,4672009.2],[569019.3,4672014.9],[569007.8,4672016.0],[569004.2,4672023.4],[569004.1,4672028.2],[568996.3,4672033.8],[568988.7,4672033.3],[568981.3,4672029.3],[568972.4,4672022.2],[568967.4,4672017.4],[568945.9,4672020.8],[568936.3,4672016.1],[568938.0,4672006.6],[568944.3,4672005.9],[568957.3,4672015.0],[568964.4,4672015.5],[568975.9,4672013.2],[568986.9,4672015.5],[568992.5,4672017.4],[568995.7,4672011.0],[568990.5,4672003.6],[568990.2,4671994.8],[569010.5,4671996.0],[569018.7,4671991.6],[569026.7,4671987.9],[569031.1,4671983.4],[569033.8,4671965.2],[569047.9,4671961.2],[569049.5,4671969.5],[569049.5,4671995.6]]]},"properties":{"kind":"lake","name":null,"osmId":812626386}},{"type":"Feature","geometry":{"type":"LineString","coordinates":[[568864.1,4671405.8],[568849.4,4671425.4],[568832.5,4671457.4]]},"properties":{"kind":"road","name":null,"osmId":812626389}},{"type":"Feature","geometry":{"type":"LineString","coordinates":[[568807.2,4671397.5],[568801.5,4671410.8],[568789.5,4671414.8],[568771.5,4671413.8],[568773.8,4671423.7],[568774.0,4671433.4]]},"properties":{"kind":"road","name":null,"osmId":812626390}},{"type":"Feature","geometry":{"type":"LineString","coordinates":[[566846.6,4670789.2],[566861.1,4670781.5]]},"properties":{"kind":"road","name":"Plateau Mountain Road","osmId":812626392}},{"type":"Feature","geometry":{"type":"LineString","coordinates":[[566564.8,4670638.2],[566571.6,4670647.1],[566579.1,4670656.2],[566697.8,4670819.4],[566715.6,4670843.4],[566725.2,4670857.2],[566732.0,4670867.5],[566747.3,4670892.4],[566756.4,4670910.8],[566768.5,4670940.3],[566787.7,4670996.7],[566803.1,4671038.9],[566807.9,4671048.0],[566820.0,4671069.2],[566835.3,4671090.4],[566846.9,4671104.6],[566862.1,4671120.3],[566879.3,4671135.2],[566896.7,4671148.7],[566919.2,4671161.5],[566945.1,4671173.7],[566998.2,4671194.7],[567007.3,4671198.3]]},"properties":{"kind":"road","name":"State Route 214","osmId":812626393}},{"type":"Feature","geometry":{"type":"LineString","coordinates":[[566543.7,4670609.0],[566564.8,4670638.2]]},"properties":{"kind":"road","name":"State Route 214","osmId":812626394}},{"type":"Feature","geometry":{"type":"LineString","coordinates":[[567051.1,4671215.5],[567134.6,4671248.4],[567266.8,4671299.5],[567287.5,4671307.8],[567312.3,4671318.3],[567329.7,4671326.8],[567346.3,4671336.0],[567357.3,4671342.5],[567387.9,4671363.3],[567433.9,4671395.4],[567469.9,4671422.5],[567492.9,4671438.9]]},"properties":{"kind":"road","name":"State Route 214","osmId":812626395}},{"type":"Feature","geometry":{"type":"LineString","coordinates":[[567007.3,4671198.3],[567051.1,4671215.5]]},"properties":{"kind":"road","name":"State Route 214","osmId":812626396}},{"type":"Feature","geometry":{"type":"LineString","coordinates":[[569093.2,4671184.5],[569083.0,4671172.9],[569074.6,4671166.7],[569065.1,4671164.6]]},"properties":{"kind":"road","name":null,"osmId":812821555}},{"type":"Feature","geometry":{"type":"LineString","coordinates":[[569305.9,4671065.3],[569292.1,4671072.6]]},"properties":{"kind":"road","name":null,"osmId":812821558}},{"type":"Feature","geometry":{"type":"LineString","coordinates":[[569316.7,4671087.0],[569297.6,4671096.8]]},"properties":{"kind":"road","name":null,"osmId":812821559}},{"type":"Feature","geometry":{"type":"LineString","coordinates":[[569242.3,4671038.1],[569252.5,4671045.1],[569257.1,4671047.7]]},"properties":{"kind":"road","name":null,"osmId":812821561}},{"type":"Feature","geometry":{"type":"LineString","coordinates":[[569290.3,4671033.8],[569313.7,4671022.1]]},"properties":{"kind":"road","name":null,"osmId":812821562}},{"type":"Feature","geometry":{"type":"LineString","coordinates":[[569311.3,4671076.2],[569330.6,4671064.7]]},"properties":{"kind":"road","name":null,"osmId":812821566}},{"type":"Feature","geometry":{"type":"LineString","coordinates":[[569331.6,4671116.1],[569354.6,4671106.1],[569358.9,4671114.3]]},"properties":{"kind":"road","name":null,"osmId":812821570}},{"type":"Feature","geometry":{"type":"LineString","coordinates":[[569352.6,4671156.6],[569386.9,4671138.6]]},"properties":{"kind":"road","name":null,"osmId":812821572}},{"type":"Feature","geometry":{"type":"LineString","coordinates":[[569350.0,4671151.6],[569332.5,4671163.1]]},"properties":{"kind":"road","name":null,"osmId":812821575}},{"type":"Feature","geometry":{"type":"LineString","coordinates":[[569357.3,4671165.8],[569389.2,4671149.8]]},"properties":{"kind":"road","name":null,"osmId":812821576}},{"type":"Feature","geometry":{"type":"LineString","coordinates":[[569382.3,4671214.1],[569352.2,4671219.7]]},"properties":{"kind":"road","name":null,"osmId":812821579}},{"type":"Feature","geometry":{"type":"LineString","coordinates":[[569407.6,4671231.4],[569412.7,4671262.1],[569415.3,4671284.3],[569412.9,4671304.8],[569394.1,4671326.6]]},"properties":{"kind":"road","name":null,"osmId":812825648}},{"type":"Feature","geometry":{"type":"LineString","coordinates":[[569508.4,4671175.4],[569519.0,4671176.0],[569551.4,4671162.8]]},"properties":{"kind":"road","name":null,"osmId":812825649}},{"type":"Feature","geometry":{"type":"LineString","coordinates":[[569508.5,4671172.5],[569481.5,4671180.6]]},"properties":{"kind":"road","name":null,"osmId":812825650}},{"type":"Feature","geometry":{"type":"LineString","coordinates":[[569479.1,4671103.9],[569451.8,4671117.5]]},"properties":{"kind":"road","name":null,"osmId":812825655}},{"type":"Feature","geometry":{"type":"LineString","coordinates":[[569489.0,4671123.7],[569497.0,4671121.6],[569519.9,4671107.1],[569521.9,4671103.1]]},"properties":{"kind":"road","name":null,"osmId":812825656}},{"type":"Feature","geometry":{"type":"LineString","coordinates":[[569474.5,4671094.8],[569484.5,4671091.2],[569514.3,4671074.1]]},"properties":{"kind":"road","name":null,"osmId":812825658}},{"type":"Feature","geometry":{"type":"LineString","coordinates":[[569462.9,4671071.6],[569449.3,4671076.9],[569443.5,4671076.4],[569440.3,4671073.3],[569437.0,4671066.6],[569438.5,4671061.4],[569442.9,4671056.5],[569452.4,4671050.7]]},"properties":{"kind":"road","name":null,"osmId":812825660}},{"type":"Feature","geometry":{"type":"LineString","coordinates":[[569445.7,4671037.4],[569430.7,4671044.6],[569422.2,4671033.2]]},"properties":{"kind":"road","name":null,"osmId":812825663}},{"type":"Feature","geometry":{"type":"LineString","coordinates":[[569448.5,4671043.1],[569490.6,4671022.3]]},"properties":{"kind":"road","name":null,"osmId":812825664}},{"type":"Feature","geometry":{"type":"LineString","coordinates":[[569429.8,4671005.9],[569453.6,4670991.2]]},"properties":{"kind":"road","name":null,"osmId":812825667}},{"type":"Feature","geometry":{"type":"LineString","coordinates":[[569415.8,4670978.1],[569424.7,4670972.1],[569427.8,4670967.2],[569427.3,4670962.9],[569425.8,4670958.7],[569422.2,4670954.9],[569416.9,4670953.7],[569405.9,4670958.3]]},"properties":{"kind":"road","name":null,"osmId":812825670}},{"type":"Feature","geometry":{"type":"LineString","coordinates":[[569385.4,4670917.5],[569371.6,4670930.2]]},"properties":{"kind":"road","name":null,"osmId":812825671}},{"type":"Feature","geometry":{"type":"LineString","coordinates":[[569429.4,4670856.7],[569442.2,4670887.1]]},"properties":{"kind":"road","name":null,"osmId":812825674}},{"type":"Feature","geometry":{"type":"LineString","coordinates":[[569539.3,4670815.3],[569533.5,4670805.7],[569522.3,4670805.5],[569423.6,4670807.1],[569410.2,4670811.4]]},"properties":{"kind":"road","name":null,"osmId":812830036}},{"type":"Feature","geometry":{"type":"LineString","coordinates":[[570155.8,4669242.6],[570152.5,4669246.2],[570149.2,4669250.0],[570140.4,4669258.8],[570128.6,4669266.9],[570102.8,4669282.8],[570095.2,4669288.7],[570088.1,4669296.2],[570083.5,4669303.4],[570080.8,4669309.5],[570078.6,4669319.2],[570076.7,4669330.5],[570075.6,4669344.5],[570077.0,4669363.0],[570079.1,4669380.6],[570082.1,4669393.1],[570087.1,4669407.3],[570097.2,4669430.5],[570110.5,4669456.4],[570128.5,4669486.9],[570145.5,4669516.0],[570167.9,4669554.2],[570222.0,4669642.8],[570234.8,4669666.7],[570273.2,4669738.4],[570282.6,4669757.3],[570285.4,4669762.0],[570288.6,4669766.6],[570292.0,4669770.8],[570296.1,4669774.5],[570299.7,4669777.0],[570305.9,4669780.8]]},"properties":{"kind":"road","name":"Elka Park Road","osmId":812830038}},{"type":"Feature","geometry":{"type":"LineString","coordinates":[[570173.3,4669213.6],[570166.1,4669228.1],[570155.8,4669242.6]]},"properties":{"kind":"road","name":"Elka Park Road","osmId":812830039}},{"type":"Feature","geometry":{"type":"LineString","coordinates":[[569525.6,4670674.2],[569512.8,4670675.7],[569501.0,4670671.7],[569491.0,4670662.7],[569476.8,4670657.4],[569471.6,4670657.5],[569467.3,4670657.7],[569458.5,4670658.5],[569454.1,4670656.5],[569452.5,4670653.1],[569453.3,4670650.1],[569456.2,4670647.8],[569460.2,4670647.7],[569465.6,4670651.2],[569471.6,4670657.5]]},"properties":{"kind":"road","name":null,"osmId":812830040}},{"type":"Feature","geometry":{"type":"LineString","coordinates":[[569491.0,4670662.7],[569490.7,4670654.5]]},"properties":{"kind":"road","name":null,"osmId":812830043}},{"type":"Feature","geometry":{"type":"LineString","coordinates":[[569617.6,4670777.6],[569609.7,4670769.6],[569601.9,4670765.7],[569593.1,4670765.9],[569574.9,4670776.7]]},"properties":{"kind":"road","name":null,"osmId":812830048}},{"type":"Feature","geometry":{"type":"LineString","coordinates":[[569670.4,4670739.7],[569663.3,4670721.8],[569655.0,4670699.7],[569647.7,4670680.4],[569643.1,4670660.9],[569645.4,4670639.7]]},"properties":{"kind":"road","name":null,"osmId":812830049}},{"type":"Feature","geometry":{"type":"LineString","coordinates":[[570002.5,4670419.0],[569962.5,4670387.3],[569950.4,4670369.9],[569938.4,4670344.2]]},"properties":{"kind":"road","name":null,"osmId":812874838}},{"type":"Feature","geometry":{"type":"LineString","coordinates":[[571626.2,4671396.8],[571622.5,4671371.5],[571622.0,4671351.8],[571619.3,4671345.6],[571613.4,4671341.4],[571603.9,4671339.4],[571593.9,4671339.8],[571585.8,4671338.8],[571557.9,4671332.0],[571516.9,4671317.4],[571466.5,4671297.3],[571449.5,4671292.1],[571431.1,4671290.7]]},"properties":{"kind":"stream","name":"Gooseberry Creek","osmId":812883693}},{"type":"Feature","geometry":{"type":"LineString","coordinates":[[571455.2,4671366.6],[571463.8,4671390.8],[571466.6,4671394.0],[571473.2,4671394.7],[571525.9,4671393.1],[571551.3,4671392.4],[571572.1,4671393.5],[571585.8,4671396.4],[571590.0,4671396.6],[571594.5,4671392.4],[571600.0,4671380.1],[571604.8,4671373.1],[571610.8,4671369.9],[571618.7,4671368.4]]},"properties":{"kind":"trail","name":"Huckleberry Rail Trail","osmId":812883694}},{"type":"Feature","geometry":{"type":"LineString","coordinates":[[571626.2,4671368.4],[571700.4,4671367.2],[571749.8,4671362.4],[571840.1,4671344.2],[572033.0,4671298.0],[572136.2,4671277.6],[572305.0,4671262.0],[572388.7,4671255.6],[572457.5,4671245.0]]},"properties":{"kind":"trail","name":"Huckleberry Rail Trail","osmId":812883696}},{"type":"Feature","geometry":{"type":"LineString","coordinates":[[571618.7,4671368.4],[571626.2,4671368.4]]},"properties":{"kind":"trail","name":"Huckleberry Rail Trail","osmId":812883697}},{"type":"Feature","geometry":{"type":"LineString","coordinates":[[571401.6,4671288.5],[571382.5,4671286.6],[571368.3,4671283.8],[571352.4,4671282.9],[571334.7,4671289.7],[571312.2,4671292.1],[571262.3,4671285.2],[571236.9,4671283.1],[571197.5,4671264.7],[571186.2,4671244.4],[571110.7,4671232.4],[571093.9,4671239.9],[571056.0,4671299.4],[571040.6,4671326.4],[571031.6,4671342.1],[570983.2,4671352.5],[570882.7,4671335.5],[570832.3,4671357.0],[570786.7,4671345.1],[570767.8,4671330.1],[570697.3,4671295.1],[570619.4,4671225.3],[570606.9,4671223.1],[570559.0,4671172.1],[570508.2,4671124.6],[570463.4,4671092.8],[570357.7,4671052.5],[570339.7,4671044.9],[570335.9,4671043.3],[570281.8,4670997.0],[570248.3,4670960.7],[570162.2,4670831.9],[570043.2,4670776.0],[570018.2,4670752.0],[569991.0,4670746.8],[569926.8,4670710.4],[569903.9,4670704.9],[569846.1,4670716.3],[569785.7,4670762.1],[569752.6,4670787.7],[569696.0,4670774.0],[569657.4,4670761.2],[569630.0,4670746.8],[569614.9,4670731.2],[569546.0,4670699.7],[569509.8,4670694.4],[569471.5,4670675.2],[569434.4,4670692.3],[569423.9,4670711.7],[569422.7,4670741.3],[569387.5,4670762.7],[569330.3,4670779.4],[569251.1,4670761.8],[569175.6,4670784.4],[569162.1,4670805.7],[569161.2,4670845.6],[569155.4,4670857.8],[569121.5,4670868.4],[569021.9,4670894.6],[568969.0,4670897.6],[568959.4,4670906.7]]},"properties":{"kind":"stream","name":"Gooseberry Creek","osmId":812883698}},{"type":"Feature","geometry":{"type":"LineString","coordinates":[[571431.1,4671290.7],[571401.6,4671288.5]]},"properties":{"kind":"stream","name":"Gooseberry Creek","osmId":812883699}},{"type":"Feature","geometry":{"type":"LineString","coordinates":[[569635.0,4670765.6],[569631.3,4670768.4],[569620.9,4670775.7],[569617.6,4670777.6],[569604.3,4670785.9],[569576.5,4670800.0],[569564.8,4670805.6],[569552.3,4670810.4],[569539.3,4670815.3],[569536.5,4670816.3],[569477.4,4670836.1],[569458.3,4670843.2],[569436.2,4670853.1],[569429.4,4670856.7],[569418.4,4670862.5],[569397.8,4670877.2],[569374.7,4670896.1],[569341.7,4670928.3],[569308.0,4670962.2],[569273.3,4671002.1],[569245.5,4671034.4],[569242.3,4671038.1],[569231.7,4671050.5],[569213.5,4671071.5],[569182.8,4671106.4],[569160.3,4671129.3],[569136.1,4671151.8],[569121.6,4671163.6],[569100.8,4671179.3],[569093.2,4671184.5],[569067.6,4671201.8],[569034.1,4671224.1],[569012.9,4671237.4],[568991.1,4671250.0],[568983.0,4671253.7],[568979.4,4671255.3],[568976.5,4671256.6],[568965.0,4671260.4],[568933.1,4671268.1],[568883.7,4671276.4],[568861.4,4671280.1],[568838.4,4671285.4],[568825.6,4671289.3],[568803.5,4671298.0],[568784.1,4671306.9],[568770.5,4671315.7],[568755.9,4671328.6],[568747.8,4671339.3],[568742.7,4671349.6],[568739.5,4671362.6],[568736.7,4671380.1],[568735.4,4671389.0]]},"properties":{"kind":"road","name":"Bloomer Road","osmId":812883700}},{"type":"Feature","geometry":{"type":"LineString","coordinates":[[569654.1,4670750.6],[569635.0,4670765.6]]},"properties":{"kind":"road","name":"Bloomer Road","osmId":812883701}},{"type":"Feature","geometry":{"type":"LineString","coordinates":[[572376.1,4673088.9],[572371.6,4673061.9],[572353.9,4673050.5],[572342.2,4673033.4],[572335.2,4673002.1],[572328.3,4672989.3],[572315.2,4672983.7],[572302.9,4672972.8],[572269.6,4672943.3],[572261.5,4672935.5],[572240.3,4672880.4],[572235.0,4672861.6],[572227.1,4672841.9],[572229.1,4672817.7],[572215.7,4672765.1],[572190.0,4672729.8],[572183.2,4672722.9],[572110.2,4672708.0],[572086.3,4672694.8],[572068.9,4672681.9],[572020.7,4672674.2],[571987.6,4672658.7],[571954.3,4672655.4],[571934.3,4672653.8],[571920.8,4672648.6],[571907.8,4672646.5],[571900.8,4672644.6],[571889.6,4672633.5],[571882.5,4672623.3],[571874.7,4672601.1],[571860.7,4672572.8],[571852.4,4672560.6],[571843.2,4672548.5],[571823.2,4672536.8],[571796.7,4672522.5],[571764.3,4672496.9],[571737.9,4672470.0],[571729.0,4672459.4],[571722.0,4672448.9],[571719.1,4672441.7],[571713.7,4672415.0],[571709.0,4672383.7],[571700.6,4672353.9],[571693.3,4672341.0],[571691.8,4672274.5],[571688.5,4672238.4],[571664.0,4672151.8],[571648.3,4672117.1],[571639.4,4672077.8],[571632.0,4672054.2],[571625.0,4672041.6],[571615.2,4672029.7],[571605.5,4672014.5],[571600.6,4672000.9],[571595.5,4671985.7],[571586.0,4671969.2],[571577.6,4671960.2],[571563.0,4671954.6],[571553.3,4671951.3],[571537.4,4671944.8],[571500.1,4671933.9],[571492.1,4671931.8],[571483.3,4671926.5],[571475.0,4671917.5],[571470.4,4671906.7],[571468.5,4671894.6],[571468.3,4671876.8],[571466.6,4671858.0],[571463.5,4671834.4],[571455.9,4671813.7],[571449.0,4671801.3],[571437.3,4671791.9],[571417.4,4671781.4],[571396.8,4671774.2],[571387.8,4671770.2],[571378.8,4671769.0],[571373.8,4671767.9],[571369.0,4671765.1],[571367.0,4671759.4],[571366.3,4671749.8],[571366.1,4671735.8],[571369.6,4671702.2],[571372.9,4671682.8],[571392.3,4671627.3],[571400.7,4671608.7],[571410.8,4671590.6],[571424.5,4671557.2],[571427.2,4671537.9],[571427.2,4671518.3],[571424.0,4671500.4],[571420.6,4671493.5],[571417.3,4671482.1],[571414.9,4671462.2],[571416.2,4671434.1],[571418.8,4671419.8],[571419.4,4671404.7],[571422.1,4671362.2],[571419.1,4671348.1],[571407.9,4671319.3],[571395.8,4671298.1],[571382.5,4671286.6]]},"properties":{"kind":"stream","name":"Sawmill Creek","osmId":812892795}},{"type":"Feature","geometry":{"type":"LineString","coordinates":[[571460.9,4671867.2],[571455.7,4671867.1],[571407.7,4671866.9],[571397.0,4671866.9],[571343.9,4671866.9],[571337.6,4671866.9],[571332.7,4671867.0],[571329.0,4671867.1],[571323.7,4671866.8],[571293.6,4671865.4],[571270.5,4671862.6],[571253.2,4671858.6],[571249.5,4671857.8],[571237.2,4671855.6],[571227.2,4671853.8],[571219.8,4671852.4],[571217.6,4671852.0],[571208.4,4671850.1],[571202.2,4671849.0],[571150.7,4671840.0],[571147.0,4671839.5],[571134.8,4671837.5],[571097.9,4671833.4],[571083.4,4671831.8],[571079.2,4671831.3],[571018.7,4671827.4],[570979.4,4671824.5],[570976.3,4671824.3],[570949.8,4671823.0],[570907.0,4671820.8],[570906.0,4671820.8],[570903.4,4671820.7],[570880.6,4671819.6],[570858.2,4671819.7],[570816.2,4671820.8],[570792.9,4671822.7],[570760.3,4671826.5],[570730.2,4671832.6],[570719.4,4671834.7],[570677.3,4671846.4],[570662.2,4671850.5],[570642.4,4671856.0],[570626.0,4671860.6],[570623.6,4671861.3],[570608.2,4671865.4],[570578.6,4671873.3],[570564.5,4671877.0],[570557.7,4671878.8],[570538.6,4671883.6],[570524.2,4671886.0],[570490.0,4671890.9],[570470.8,4671892.9],[570437.4,4671894.4],[570411.5,4671893.2],[570402.1,4671892.0],[570376.9,4671888.5],[570362.4,4671886.5],[570344.6,4671882.8],[570333.4,4671880.0],[570291.0,4671869.3],[570223.8,4671850.6],[570218.1,4671849.0],[570150.1,4671830.3],[570132.4,4671825.1],[570112.7,4671818.9],[570068.9,4671803.6],[570035.1,4671790.9],[570012.1,4671781.7],[569987.7,4671771.7],[569942.9,4671753.9],[569914.5,4671741.0]]},"properties":{"kind":"road","name":"Main Street","osmId":812892798}},{"type":"Feature","geometry":{"type":"LineString","coordinates":[[571472.5,4671867.4],[571460.9,4671867.2]]},"properties":{"kind":"road","name":"Main Street","osmId":812892799}},{"type":"Feature","geometry":{"type":"LineString","coordinates":[[571412.5,4671492.0],[571400.2,4671499.1],[571398.0,4671503.2],[571382.4,4671596.3],[571370.2,4671649.8],[571358.7,4671689.9],[571353.1,4671724.3],[571348.6,4671756.9],[571343.1,4671780.9],[571341.6,4671788.1],[571339.3,4671834.1],[571338.8,4671845.0],[571338.3,4671854.5],[571337.8,4671858.8],[571337.0,4671861.4],[571335.8,4671863.4],[571332.7,4671867.0]]},"properties":{"kind":"road","name":"Railroad Avenue","osmId":812892800}},{"type":"Feature","geometry":{"type":"LineString","coordinates":[[571424.3,4671484.8],[571412.5,4671492.0]]},"properties":{"kind":"road","name":"Railroad Avenue","osmId":812892801}},{"type":"Feature","geometry":{"type":"LineString","coordinates":[[570608.2,4671865.4],[570606.9,4671860.6],[570599.5,4671832.9],[570596.1,4671828.3],[570588.6,4671825.7],[570577.1,4671827.6],[570571.5,4671832.1],[570567.6,4671840.4],[570570.0,4671850.1],[570577.2,4671869.3],[570578.6,4671873.3]]},"properties":{"kind":"road","name":null,"osmId":812920429}},{"type":"Feature","geometry":{"type":"LineString","coordinates":[[565654.8,4667485.9],[565638.7,4667472.5],[565625.5,4667465.9],[565621.1,4667460.9],[565612.7,4667455.1],[565596.3,4667457.7],[565582.2,4667458.5]]},"properties":{"kind":"stream","name":null,"osmId":818552213}},{"type":"Feature","geometry":{"type":"LineString","coordinates":[[565669.8,4667488.8],[565654.8,4667485.9]]},"properties":{"kind":"stream","name":null,"osmId":818552214}},{"type":"Feature","geometry":{"type":"LineString","coordinates":[[565817.9,4667790.8],[565825.1,4667785.0],[565830.0,4667779.2]]},"properties":{"kind":"trail","name":"Devil's Path","osmId":818553638}},{"type":"Feature","geometry":{"type":"LineString","coordinates":[[565749.7,4667775.3],[565754.3,4667773.8]]},"properties":{"kind":"trail","name":"Devil's Path","osmId":818553639}},{"type":"Feature","geometry":{"type":"LineString","coordinates":[[567706.8,4662745.0],[567709.4,4662731.0],[567715.2,4662722.5],[567719.2,4662720.7],[567726.1,4662710.5],[567733.1,4662708.2],[567743.8,4662693.5],[567749.8,4662689.9],[567754.2,4662679.5],[567763.6,4662673.6],[567776.3,4662673.4],[567781.9,4662662.1],[567789.1,4662657.8],[567805.4,4662656.6],[567810.5,4662652.4],[567814.8,4662647.6],[567820.5,4662643.0],[567828.0,4662638.5],[567841.5,4662627.0],[567850.7,4662619.2],[567857.1,4662608.9],[567858.5,4662603.8],[567861.6,4662600.2],[567871.9,4662596.5],[567878.5,4662598.6],[567885.3,4662597.2],[567893.0,4662592.0],[567908.9,4662591.2],[567920.6,4662596.4],[567926.4,4662595.6],[567934.1,4662587.9],[567940.3,4662584.1],[567944.5,4662578.9],[567956.8,4662569.7],[567963.6,4662568.7],[567969.7,4662571.0],[567975.7,4662570.3],[567977.7,4662567.4],[567980.6,4662561.6],[567985.0,4662558.4],[567990.9,4662557.2],[568000.3,4662558.7],[568010.1,4662564.2],[568018.1,4662566.7],[568023.9,4662564.8],[568027.6,4662561.0],[568048.0,4662561.0],[568055.8,4662564.0],[568065.4,4662569.6],[568072.7,4662572.3],[568075.2,4662572.2],[568078.1,4662571.5],[568079.5,4662569.8],[568081.9,4662567.0],[568089.3,4662564.3],[568100.5,4662558.9],[568105.2,4662556.0],[568116.2,4662555.2],[568126.6,4662548.6],[568147.3,4662545.9],[568157.6,4662540.3],[568164.4,4662539.5],[568171.7,4662537.1],[568180.1,4662538.2],[568189.0,4662542.3],[568196.5,4662543.1],[568206.1,4662542.0],[568213.4,4662539.4],[568227.8,4662537.3],[568233.6,4662531.3],[568243.8,4662526.3],[568252.0,4662526.6],[568257.0,4662529.3],[568263.1,4662528.0],[568266.4,4662523.6],[568268.6,4662518.5],[568272.0,4662515.2],[568283.2,4662511.1],[568296.6,4662504.7],[568305.0,4662501.5],[568312.0,4662500.8],[568321.8,4662494.6],[568327.9,4662491.2],[568333.4,4662490.1],[568338.0,4662485.5],[568343.1,4662484.3],[568347.5,4662486.5],[568353.8,4662489.6],[568359.3,4662488.3],[568370.4,4662482.0],[568389.5,4662464.0],[568398.6,4662462.0],[568421.4,4662472.6],[568429.5,4662471.0],[568434.1,4662462.2],[568439.1,4662459.8],[568444.3,4662459.9],[568447.8,4662463.0],[568450.7,4662464.7],[568455.2,4662464.0],[568458.3,4662461.1],[568463.1,4662453.6],[568468.2,4662447.9],[568474.4,4662446.2],[568479.0,4662443.3],[568482.5,4662440.0],[568485.8,4662433.0],[568487.4,4662429.6],[568489.8,4662424.1],[568492.4,4662420.7],[568499.5,4662411.3],[568504.4,4662406.6],[568510.7,4662403.6],[568519.4,4662401.1],[568522.9,4662397.8],[568523.8,4662394.4],[568523.3,4662389.6],[568523.0,4662387.7],[568521.8,4662386.0],[568521.7,4662384.5],[568522.8,4662380.1],[568524.8,4662374.6],[568525.5,4662371.3],[568526.8,4662368.4],[568529.4,4662367.9],[568532.1,4662368.4],[568536.2,4662367.0],[568539.3,4662364.7],[568545.2,4662359.3]]},"properties":{"kind":"stream","name":null,"osmId":834320091}},{"type":"Feature","geometry":{"type":"LineString","coordinates":[[560750.6,4665799.9],[560747.7,4665815.7],[560747.7,4665829.3],[560750.1,4665843.0],[560762.5,4665890.1]]},"properties":{"kind":"road","name":"Diamond Notch Road","osmId":835598619}},{"type":"Feature","geometry":{"type":"LineString","coordinates":[[560754.1,4665784.5],[560750.6,4665799.9]]},"properties":{"kind":"road","name":"Diamond Notch Road","osmId":835598620}},{"type":"Feature","geometry":{"type":"LineString","coordinates":[[564735.0,4663231.9],[564718.1,4663236.0],[564706.0,4663243.3],[564695.7,4663242.4]]},"properties":{"kind":"stream","name":null,"osmId":836452227}},{"type":"Feature","geometry":{"type":"LineString","coordinates":[[564815.1,4663233.8],[564813.5,4663229.4],[564809.8,4663225.3]]},"properties":{"kind":"stream","name":null,"osmId":836452228}},{"type":"Feature","geometry":{"type":"LineString","coordinates":[[564861.1,4663288.7],[564855.7,4663284.9],[564844.6,4663270.2],[564841.8,4663267.0],[564838.5,4663265.6],[564836.9,4663263.1]]},"properties":{"kind":"stream","name":null,"osmId":836452229}},{"type":"Feature","geometry":{"type":"LineString","coordinates":[[564384.0,4662637.9],[564373.3,4662642.5],[564366.9,4662641.0],[564348.8,4662623.0],[564332.9,4662611.3],[564313.8,4662608.7],[564275.4,4662622.8],[564247.1,4662627.5],[564210.1,4662618.2],[564179.7,4662607.2],[564168.1,4662593.5],[564161.6,4662579.8],[564162.3,4662565.2]]},"properties":{"kind":"stream","name":null,"osmId":836452230}},{"type":"Feature","geometry":{"type":"LineString","coordinates":[[564233.0,4662707.3],[564220.8,4662709.6],[564205.4,4662710.3],[564188.2,4662696.4],[564181.3,4662679.1],[564183.7,4662653.1],[564173.7,4662632.2],[564171.6,4662622.5],[564179.7,4662607.2]]},"properties":{"kind":"stream","name":null,"osmId":836452231}},{"type":"Feature","geometry":{"type":"Polygon","coordinates":[[[564268.7,4662701.1],[564267.9,4662694.1],[564269.9,4662685.8],[564266.8,4662684.6],[564265.8,4662689.9],[564256.4,4662696.3],[564242.3,4662688.9],[564236.5,4662690.5],[564233.7,4662695.1],[564233.2,4662703.0],[564233.0,4662707.3],[564235.3,4662713.3],[564235.2,4662715.3],[564244.0,4662715.7],[564251.5,4662712.3],[564256.1,4662710.1],[564257.5,4662709.7],[564255.5,4662707.3],[564256.8,4662705.2],[564255.9,4662701.8],[564260.8,4662700.4],[564265.7,4662702.8],[564268.7,4662701.1]]]},"properties":{"kind":"lake","name":null,"osmId":836452232}},{"type":"Feature","geometry":{"type":"LineString","coordinates":[[564371.9,4662881.9],[564372.6,4662858.5],[564386.9,4662844.8],[564389.5,4662831.8],[564386.3,4662799.1],[564381.5,4662779.6],[564370.7,4662762.4],[564365.9,4662747.1],[564353.7,4662739.0],[564341.7,4662733.0],[564329.0,4662718.3],[564327.1,4662716.9],[564304.7,4662704.5],[564285.9,4662708.5],[564268.7,4662701.1]]},"properties":{"kind":"stream","name":null,"osmId":836452233}},{"type":"Feature","geometry":{"type":"LineString","coordinates":[[561963.4,4661149.1],[561964.3,4661160.1],[561970.8,4661167.3],[561975.5,4661187.0],[561972.7,4661203.3],[561976.7,4661224.5],[561975.5,4661243.8],[561977.7,4661265.4],[561978.4,4661284.7],[561980.6,4661308.4],[561978.5,4661318.0],[561978.9,4661339.6],[561985.6,4661359.6],[561988.1,4661385.5],[561988.0,4661401.8],[561983.1,4661413.3],[561981.5,4661423.9],[561972.6,4661439.9],[561971.7,4661453.7],[561979.3,4661470.3],[561987.0,4661480.5],[561990.5,4661495.0],[561992.9,4661506.9],[561990.3,4661520.3],[561987.3,4661529.6],[561990.1,4661539.4],[561982.5,4661547.3],[561976.4,4661554.1],[561970.2,4661554.8],[561955.4,4661565.9],[561949.3,4661576.7],[561945.5,4661580.3],[561942.3,4661588.2],[561936.1,4661603.2],[561926.6,4661620.7],[561912.4,4661627.5],[561889.0,4661642.1],[561873.7,4661660.7],[561866.1,4661679.2],[561857.8,4661688.1],[561857.6,4661701.8],[561843.4,4661714.4],[561834.5,4661733.4],[561836.0,4661767.1],[561843.5,4661795.4],[561854.2,4661819.9],[561855.2,4661852.7],[561852.9,4661867.7],[561845.3,4661872.8],[561833.9,4661872.9],[561826.8,4661864.5],[561813.8,4661860.2],[561800.5,4661868.6],[561789.7,4661873.3],[561777.1,4661867.9],[561760.1,4661866.1],[561741.2,4661866.4],[561722.0,4661859.9]]},"properties":{"kind":"stream","name":null,"osmId":836452234}},{"type":"Feature","geometry":{"type":"LineString","coordinates":[[563216.8,4662379.5],[563191.6,4662393.4],[563177.7,4662396.8],[563150.5,4662388.6],[563116.8,4662393.0],[563086.1,4662394.9],[563062.2,4662389.8],[563045.9,4662376.4],[563009.2,4662361.0],[562982.6,4662361.2],[562968.3,4662356.9],[562952.5,4662353.2],[562939.9,4662339.6],[562910.1,4662333.0],[562876.1,4662319.0],[562847.6,4662305.2],[562843.8,4662300.2],[562828.3,4662295.4],[562819.7,4662306.7],[562811.0,4662310.8],[562803.2,4662308.9],[562797.2,4662301.0],[562769.9,4662279.7],[562737.1,4662266.0],[562716.6,4662250.3],[562684.7,4662237.2]]},"properties":{"kind":"stream","name":null,"osmId":836456847}},{"type":"Feature","geometry":{"type":"LineString","coordinates":[[562541.9,4663120.0],[562538.4,4663107.5],[562538.7,4663089.5],[562536.6,4663056.1],[562531.6,4663031.2],[562524.7,4663005.8],[562519.8,4662979.1],[562522.6,4662959.3],[562526.0,4662930.5],[562532.3,4662913.6],[562546.0,4662885.5],[562560.5,4662864.3],[562567.2,4662852.4],[562568.6,4662838.6],[562573.4,4662808.4],[562567.8,4662784.4],[562575.0,4662759.3],[562565.9,4662741.1],[562578.6,4662712.0],[562580.1,4662683.8],[562597.2,4662665.4],[562620.8,4662641.3],[562622.4,4662622.3],[562636.1,4662617.7],[562645.0,4662608.4],[562645.6,4662589.4],[562660.4,4662576.5],[562669.9,4662557.8],[562669.0,4662535.2],[562671.1,4662512.1],[562671.6,4662493.8],[562677.5,4662478.5],[562674.2,4662465.2],[562679.5,4662443.7],[562690.1,4662433.8],[562696.0,4662425.0],[562701.0,4662399.3],[562703.6,4662362.6],[562707.6,4662349.0],[562701.9,4662330.6],[562692.8,4662316.1],[562688.1,4662294.5],[562682.1,4662283.0],[562685.2,4662267.5],[562678.9,4662259.8],[562680.0,4662247.5],[562684.7,4662237.2],[562688.1,4662224.5]]},"properties":{"kind":"stream","name":null,"osmId":836456848}},{"type":"Feature","geometry":{"type":"LineString","coordinates":[[565142.6,4665626.8],[565150.3,4665617.2]]},"properties":{"kind":"road","name":"Notch Inn Road","osmId":836502839}},{"type":"Feature","geometry":{"type":"LineString","coordinates":[[565085.8,4665769.8],[565094.4,4665763.2],[565097.7,4665755.5],[565097.7,4665744.5],[565099.2,4665731.6],[565106.7,4665712.2],[565114.4,4665692.4],[565119.5,4665675.6],[565126.5,4665657.3],[565129.3,4665650.4],[565135.6,4665636.7],[565142.6,4665626.8]]},"properties":{"kind":"road","name":"Notch Inn Road","osmId":836502840}},{"type":"Feature","geometry":{"type":"LineString","coordinates":[[565100.0,4665686.5],[565100.3,4665702.2],[565106.7,4665712.2]]},"properties":{"kind":"trail","name":null,"osmId":836502841}},{"type":"Feature","geometry":{"type":"LineString","coordinates":[[565113.1,4665646.8],[565122.8,4665647.4],[565129.3,4665650.4]]},"properties":{"kind":"trail","name":null,"osmId":836502843}},{"type":"Feature","geometry":{"type":"LineString","coordinates":[[565102.5,4665654.4],[565113.1,4665646.8]]},"properties":{"kind":"trail","name":null,"osmId":836502844}},{"type":"Feature","geometry":{"type":"LineString","coordinates":[[565054.7,4665705.8],[565067.5,4665695.8],[565068.4,4665690.1],[565057.5,4665675.0],[565047.3,4665663.6]]},"properties":{"kind":"road","name":null,"osmId":836502846}},{"type":"Feature","geometry":{"type":"LineString","coordinates":[[564700.5,4663373.6],[564686.8,4663376.0]]},"properties":{"kind":"trail","name":null,"osmId":836502847}},{"type":"Feature","geometry":{"type":"LineString","coordinates":[[564709.6,4663371.9],[564700.5,4663373.6]]},"properties":{"kind":"trail","name":null,"osmId":836502848}},{"type":"Feature","geometry":{"type":"LineString","coordinates":[[565147.2,4663442.4],[565144.0,4663452.0]]},"properties":{"kind":"road","name":"Silver Hollow Road","osmId":836502849}},{"type":"Feature","geometry":{"type":"LineString","coordinates":[[565387.7,4663603.1],[565411.2,4663597.8],[565424.0,4663596.6],[565432.6,4663594.7]]},"properties":{"kind":"road","name":null,"osmId":836502850}},{"type":"Feature","geometry":{"type":"LineString","coordinates":[[565177.8,4663595.6],[565190.5,4663612.7],[565195.8,4663622.7],[565201.1,4663631.1],[565209.1,4663642.5],[565222.1,4663658.4],[565227.4,4663661.2],[565232.7,4663665.8],[565236.4,4663670.1],[565238.0,4663673.8],[565238.2,4663677.1],[565235.3,4663680.5],[565231.9,4663682.5],[565228.3,4663682.6],[565225.2,4663681.1],[565223.4,4663678.0],[565222.1,4663658.4]]},"properties":{"kind":"road","name":null,"osmId":836502851}},{"type":"Feature","geometry":{"type":"LineString","coordinates":[[564686.8,4663376.0],[564675.8,4663375.7],[564643.2,4663378.5],[564631.7,4663383.3],[564630.3,4663390.3],[564637.3,4663406.6],[564641.2,4663419.0]]},"properties":{"kind":"trail","name":null,"osmId":836502852}},{"type":"Feature","geometry":{"type":"LineString","coordinates":[[565148.9,4663436.0],[565155.6,4663441.2],[565158.8,4663443.7],[565169.3,4663454.8],[565178.8,4663460.5],[565186.7,4663465.5],[565195.6,4663474.2],[565206.6,4663486.1],[565216.3,4663499.7],[565226.4,4663508.7],[565242.9,4663524.2],[565251.7,4663531.7],[565274.4,4663545.9],[565291.9,4663556.5],[565303.8,4663561.2],[565322.1,4663565.9],[565341.6,4663570.6],[565353.2,4663574.9],[565364.1,4663581.7],[565373.7,4663590.9],[565387.7,4663603.1],[565392.5,4663609.4]]},"properties":{"kind":"road","name":null,"osmId":836502853}},{"type":"Feature","geometry":{"type":"LineString","coordinates":[[565144.0,4663452.0],[565142.3,4663459.3],[565142.8,4663466.9],[565152.5,4663497.1],[565161.5,4663534.0],[565167.9,4663565.3],[565177.8,4663595.6]]},"properties":{"kind":"road","name":"Silver Hollow Road","osmId":836502854}},{"type":"Feature","geometry":{"type":"LineString","coordinates":[[565046.5,4663967.8],[565043.7,4664022.5],[565053.8,4664044.9],[565053.3,4664059.7],[565022.4,4664108.0],[565011.8,4664156.4],[564987.0,4664209.4],[564988.1,4664263.4],[564978.5,4664318.1],[564979.1,4664410.3],[564963.7,4664486.1],[564965.1,4664529.2],[564969.8,4664587.8],[564972.8,4664624.2],[564984.1,4664648.4],[564978.7,4664704.2],[564993.5,4664753.2]]},"properties":{"kind":"trail","name":null,"osmId":836502855}},{"type":"Feature","geometry":{"type":"LineString","coordinates":[[565176.6,4665342.7],[565172.9,4665334.2],[565157.8,4665311.7],[565144.9,4665296.0]]},"properties":{"kind":"road","name":null,"osmId":836502856}},{"type":"Feature","geometry":{"type":"LineString","coordinates":[[567378.6,4666184.9],[567349.4,4666188.2],[567330.2,4666182.9],[567302.9,4666192.5],[567266.3,4666194.9],[567248.5,4666207.0]]},"properties":{"kind":"stream","name":null,"osmId":836506064}},{"type":"Feature","geometry":{"type":"LineString","coordinates":[[567340.0,4666252.5],[567319.7,4666254.5],[567302.9,4666240.1],[567293.0,4666224.7],[567275.5,4666218.0],[567248.5,4666207.0],[567232.4,4666204.2],[567216.2,4666194.2],[567179.0,4666193.6],[567160.6,4666196.3]]},"properties":{"kind":"stream","name":null,"osmId":836506065}},{"type":"Feature","geometry":{"type":"LineString","coordinates":[[566199.0,4666065.5],[566196.2,4666054.4],[566190.4,4666034.9],[566179.6,4666020.4],[566174.4,4665998.7],[566174.2,4665974.4],[566170.0,4665959.2],[566176.0,4665949.8],[566175.1,4665938.5],[566177.4,4665921.4],[566172.1,4665908.6],[566159.0,4665898.1],[566157.8,4665890.8],[566153.5,4665882.2],[566152.5,4665873.1],[566139.9,4665867.9]]},"properties":{"kind":"stream","name":null,"osmId":836506066}},{"type":"Feature","geometry":{"type":"LineString","coordinates":[[565116.2,4665519.7],[565101.2,4665533.1]]},"properties":{"kind":"stream","name":null,"osmId":836506067}},{"type":"Feature","geometry":{"type":"LineString","coordinates":[[565178.7,4665514.4],[565162.8,4665521.6],[565153.7,4665526.4],[565134.5,4665520.3],[565116.2,4665519.7]]},"properties":{"kind":"stream","name":null,"osmId":836506068}},{"type":"Feature","geometry":{"type":"LineString","coordinates":[[565101.2,4665533.1],[565080.3,4665528.3],[565053.4,4665519.1],[565040.9,4665526.3],[565023.9,4665527.0],[565015.0,4665524.2],[565004.3,4665511.6],[564978.3,4665497.3],[564939.1,4665484.1],[564917.4,4665462.0],[564882.5,4665446.6],[564866.1,4665454.8],[564857.6,4665446.9],[564832.8,4665445.2],[564818.8,4665454.7]]},"properties":{"kind":"stream","name":null,"osmId":836506069}},{"type":"Feature","geometry":{"type":"LineString","coordinates":[[565188.4,4665510.6],[565178.7,4665514.4]]},"properties":{"kind":"stream","name":null,"osmId":836506070}},{"type":"Feature","geometry":{"type":"LineString","coordinates":[[568176.3,4662090.1],[568184.1,4662081.4],[568189.7,4662076.2],[568195.2,4662073.6],[568203.7,4662075.0],[568215.2,4662071.8],[568227.4,4662060.3],[568231.8,4662055.4],[568235.8,4662049.1],[568239.7,4662044.4],[568244.3,4662040.8],[568248.4,4662038.5],[568252.9,4662032.6],[568260.7,4662028.5],[568274.0,4662025.1],[568279.3,4662022.7],[568292.9,4662017.1],[568303.1,4662016.7],[568310.0,4662021.9],[568318.6,4662021.9],[568324.1,4662019.5],[568345.1,4662015.1],[568358.0,4662003.2],[568363.3,4661997.9],[568367.6,4661991.2],[568374.6,4661977.0],[568375.8,4661970.4],[568377.9,4661964.2],[568383.1,4661959.5],[568389.1,4661957.2],[568395.5,4661951.5],[568399.2,4661951.0],[568400.8,4661949.1],[568401.7,4661946.0],[568402.1,4661942.5],[568403.8,4661941.1],[568407.1,4661941.4],[568415.2,4661942.0],[568423.8,4661943.5],[568426.9,4661943.1],[568428.3,4661940.8],[568430.3,4661936.1],[568434.2,4661932.0],[568435.4,4661929.2],[568436.8,4661923.9],[568437.0,4661917.9],[568436.7,4661911.5],[568438.9,4661906.9],[568444.0,4661902.7],[568450.5,4661901.8],[568456.2,4661900.5],[568465.8,4661900.1],[568468.6,4661902.2],[568472.8,4661905.7],[568477.2,4661909.1],[568479.3,4661909.5],[568481.9,4661906.8],[568482.8,4661902.3],[568486.1,4661897.6],[568499.4,4661889.4],[568502.1,4661885.1],[568506.6,4661879.7],[568508.8,4661876.1],[568511.0,4661872.4],[568513.2,4661867.7],[568514.1,4661864.6],[568515.1,4661861.2],[568518.3,4661855.2],[568519.5,4661853.2],[568523.7,4661845.8],[568533.4,4661839.3],[568537.6,4661836.5],[568541.0,4661833.5]]},"properties":{"kind":"stream","name":null,"osmId":839094350}},{"type":"Feature","geometry":{"type":"LineString","coordinates":[[568079.1,4662182.7],[568087.3,4662173.6],[568092.7,4662162.1],[568099.5,4662157.7],[568107.8,4662151.7],[568116.2,4662142.1],[568128.8,4662132.8],[568136.0,4662123.4],[568145.3,4662115.7],[568156.2,4662109.5],[568163.4,4662102.2],[568176.3,4662090.1],[568183.0,4662090.6],[568189.0,4662089.8],[568201.1,4662092.2],[568210.2,4662093.2],[568216.6,4662092.0],[568221.2,4662087.3],[568228.9,4662086.2],[568242.3,4662077.6],[568245.0,4662074.8],[568250.2,4662068.1],[568259.9,4662065.5],[568272.3,4662058.9],[568283.2,4662056.6],[568293.3,4662057.1],[568313.1,4662045.4],[568333.2,4662040.8],[568344.0,4662041.1],[568360.1,4662038.0],[568377.6,4662030.4],[568394.6,4662016.4],[568413.3,4662010.1],[568428.9,4661998.3],[568434.7,4661989.5],[568451.4,4661980.9],[568461.4,4661983.1],[568466.3,4661980.6],[568467.9,4661976.4],[568462.8,4661964.7],[568463.2,4661956.8],[568466.1,4661950.7],[568472.6,4661945.4],[568479.7,4661940.6],[568485.8,4661930.4],[568493.6,4661926.9],[568498.0,4661924.4],[568501.7,4661923.1],[568505.8,4661919.1],[568508.9,4661915.7],[568512.5,4661912.5],[568513.4,4661908.5],[568513.8,4661903.2],[568513.5,4661899.2],[568514.7,4661892.0],[568515.8,4661888.5],[568516.8,4661885.9],[568517.0,4661882.1],[568516.6,4661874.6],[568516.5,4661869.5],[568514.1,4661864.6]]},"properties":{"kind":"stream","name":null,"osmId":839094351}},{"type":"Feature","geometry":{"type":"LineString","coordinates":[[568474.1,4662130.1],[568477.2,4662115.3],[568482.3,4662098.9],[568491.7,4662089.6],[568493.3,4662070.5],[568493.9,4662058.1],[568492.1,4662043.6],[568490.1,4662035.3],[568489.1,4662016.9],[568484.9,4662006.8],[568484.2,4662002.5],[568481.3,4661995.7],[568481.0,4661990.8],[568484.9,4661986.1],[568488.7,4661983.6],[568497.1,4661983.1],[568504.9,4661984.1],[568513.0,4661981.4]]},"properties":{"kind":"stream","name":null,"osmId":839094352}},{"type":"Feature","geometry":{"type":"LineString","coordinates":[[567173.1,4661991.8],[567178.0,4661987.1],[567189.5,4661984.8],[567198.6,4661977.2],[567209.0,4661972.5],[567226.6,4661967.5],[567238.1,4661962.1],[567247.5,4661956.4],[567261.6,4661949.7],[567271.3,4661944.3],[567280.0,4661938.5],[567285.1,4661936.1],[567287.7,4661931.5],[567307.9,4661923.1],[567314.3,4661919.6],[567325.1,4661916.2],[567332.5,4661911.8],[567338.7,4661902.5],[567339.3,4661892.2],[567343.1,4661886.6],[567345.6,4661880.0],[567354.5,4661873.2],[567367.5,4661865.2],[567376.0,4661859.7],[567380.6,4661854.5],[567385.4,4661850.7],[567389.5,4661839.0],[567393.8,4661833.7],[567400.1,4661831.2],[567406.2,4661827.5],[567411.0,4661819.7],[567417.6,4661812.7],[567423.1,4661804.9],[567428.1,4661797.9],[567429.7,4661793.9],[567434.9,4661789.7],[567437.0,4661783.1],[567441.7,4661778.2],[567447.6,4661775.8],[567454.2,4661773.6],[567458.3,4661764.7],[567462.8,4661759.2],[567468.4,4661753.6],[567473.5,4661749.3],[567482.4,4661745.5],[567484.6,4661736.8],[567488.5,4661732.6],[567492.2,4661731.1],[567500.0,4661721.1],[567514.4,4661718.8],[567519.8,4661715.9],[567538.2,4661710.0],[567545.8,4661713.4],[567552.4,4661712.7]]},"properties":{"kind":"stream","name":null,"osmId":839100333}},{"type":"Feature","geometry":{"type":"LineString","coordinates":[[567434.4,4662126.0],[567438.7,4662108.1],[567444.0,4662104.5],[567447.6,4662101.1],[567446.2,4662090.2],[567450.9,4662084.7],[567455.4,4662080.1],[567453.6,4662076.1],[567453.6,4662070.1],[567448.3,4662054.7],[567444.5,4662052.0],[567435.2,4662039.0],[567432.6,4662031.6],[567432.8,4662019.0],[567438.2,4662013.9],[567448.0,4661999.3],[567448.1,4661992.5],[567440.7,4661980.8],[567439.8,4661966.1],[567445.4,4661954.2],[567449.7,4661952.2],[567456.4,4661945.6],[567467.8,4661927.0],[567477.9,4661918.7],[567478.6,4661912.1],[567480.9,4661897.3],[567479.8,4661881.6],[567486.2,4661873.0],[567506.6,4661857.3],[567504.1,4661838.2],[567510.2,4661824.2],[567507.0,4661816.3],[567510.7,4661809.2],[567523.7,4661807.9],[567539.3,4661794.7],[567536.6,4661785.0],[567537.1,4661772.6],[567534.2,4661765.8],[567533.6,4661758.0],[567535.3,4661753.0],[567541.4,4661744.8],[567550.5,4661739.0],[567551.3,4661728.4],[567552.4,4661712.7],[567562.8,4661694.7],[567560.7,4661680.6],[567567.1,4661662.1],[567561.8,4661654.5],[567562.8,4661644.8],[567575.0,4661622.4],[567587.1,4661610.1],[567597.0,4661591.6],[567610.9,4661585.1],[567625.2,4661573.8],[567657.2,4661562.2],[567657.8,4661547.1],[567665.4,4661536.2],[567673.6,4661519.0],[567691.9,4661508.1],[567704.9,4661494.1],[567733.8,4661484.7],[567744.0,4661484.8],[567750.2,4661483.1],[567753.9,4661474.2],[567763.6,4661475.7],[567780.4,4661476.1],[567790.8,4661468.2],[567799.8,4661455.7],[567810.2,4661450.5],[567818.2,4661447.2],[567827.0,4661441.5],[567831.9,4661439.9],[567835.9,4661435.6],[567841.1,4661433.1],[567847.8,4661432.4],[567853.6,4661431.7],[567859.3,4661429.1],[567864.8,4661428.2],[567872.7,4661429.5],[567879.2,4661429.0],[567886.4,4661428.3],[567892.8,4661425.9],[567900.1,4661423.9],[567905.1,4661421.6],[567906.8,4661418.0],[567908.4,4661411.9],[567912.1,4661407.0],[567925.2,4661396.8],[567931.0,4661394.2],[567940.5,4661392.4],[567952.8,4661388.4],[567967.7,4661381.9],[567973.0,4661380.0],[567976.1,4661374.4],[567977.5,4661368.4],[567979.6,4661366.5],[567985.8,4661367.1],[567992.0,4661368.9],[567999.5,4661370.5],[568004.0,4661370.1],[568008.3,4661368.3],[568014.0,4661361.4],[568025.6,4661353.4],[568032.4,4661339.4],[568048.3,4661326.1],[568055.6,4661321.4],[568065.0,4661317.7],[568075.5,4661313.0],[568080.9,4661310.9],[568092.7,4661309.5],[568099.3,4661304.3],[568103.1,4661299.5],[568110.3,4661294.4],[568121.7,4661286.2],[568135.8,4661279.5],[568146.0,4661278.7],[568151.8,4661279.7],[568157.5,4661282.4],[568163.8,4661287.5],[568168.4,4661289.8],[568173.4,4661289.5],[568178.5,4661288.0],[568187.0,4661283.9],[568191.6,4661280.6],[568195.4,4661274.3],[568197.8,4661270.2],[568202.9,4661265.9],[568210.3,4661263.0],[568214.6,4661258.6],[568219.5,4661251.6],[568223.2,4661248.5],[568226.6,4661246.3],[568231.1,4661246.7],[568237.4,4661246.7],[568245.7,4661245.6],[568251.0,4661240.6],[568256.4,4661233.2],[568259.0,4661228.1],[568265.7,4661223.2],[568272.2,4661220.9],[568280.5,4661219.7],[568290.7,4661213.2],[568298.3,4661208.2],[568302.5,4661203.6],[568304.3,4661197.3],[568304.0,4661193.1],[568303.1,4661183.1],[568307.3,4661177.2],[568311.0,4661176.1],[568319.9,4661175.6],[568338.9,4661177.8],[568345.1,4661177.4],[568349.7,4661173.8],[568353.7,4661166.2],[568361.7,4661161.0],[568368.6,4661159.4],[568373.3,4661153.1],[568377.4,4661144.5],[568379.8,4661133.4],[568380.6,4661123.7],[568381.6,4661114.3],[568384.3,4661107.0],[568390.9,4661102.5],[568393.1,4661096.7],[568397.5,4661089.2],[568403.1,4661086.4],[568412.9,4661083.6],[568415.5,4661081.0],[568424.8,4661071.7],[568430.0,4661064.6],[568441.2,4661055.8]]},"properties":{"kind":"stream","name":null,"osmId":839100334}},{"type":"Feature","geometry":{"type":"LineString","coordinates":[[569586.2,4666036.4],[569582.6,4666020.5],[569583.5,4666001.7],[569587.3,4665988.1],[569595.8,4665973.7],[569600.6,4665959.4],[569609.8,4665931.4],[569611.9,4665915.3],[569612.8,4665893.1],[569610.8,4665878.6],[569609.7,4665870.0],[569603.8,4665845.8],[569599.6,4665830.1],[569591.9,4665816.0],[569576.8,4665801.3],[569561.6,4665786.2],[569551.7,4665772.8],[569545.2,4665759.4],[569537.7,4665743.4],[569530.0,4665726.4],[569520.5,4665702.4],[569516.5,4665688.7],[569505.5,4665676.5],[569494.6,4665663.3],[569479.3,4665644.2],[569469.1,4665630.6],[569464.0,4665620.4],[569462.0,4665610.8],[569460.1,4665596.5],[569450.2,4665579.2],[569441.3,4665558.7],[569433.1,4665545.6],[569422.5,4665535.6],[569385.6,4665499.1],[569380.6,4665490.4],[569374.4,4665482.2],[569341.6,4665461.8],[569309.0,4665446.5],[569273.7,4665429.1],[569264.9,4665427.9],[569252.7,4665432.2],[569245.2,4665430.2]]},"properties":{"kind":"trail","name":"Old Mink Hollow Road","osmId":839423954}},{"type":"Feature","geometry":{"type":"LineString","coordinates":[[559698.5,4670577.5],[559700.3,4670580.4],[559705.4,4670584.8],[559711.7,4670588.0],[559754.3,4670605.4],[559781.6,4670615.5],[559799.1,4670620.3],[559811.3,4670621.7],[559822.1,4670622.2],[559839.2,4670620.8],[559852.3,4670618.4],[559862.1,4670615.1],[559869.8,4670612.3],[559880.7,4670606.3],[559890.6,4670599.2],[559913.7,4670579.3],[559926.9,4670569.5],[559937.7,4670562.6],[559959.3,4670552.7],[559992.6,4670540.1],[560016.7,4670529.7],[560034.9,4670520.2],[560060.4,4670508.6],[560082.1,4670499.9],[560117.1,4670483.0]]},"properties":{"kind":"road","name":"Spruceton Road","osmId":842905770}},{"type":"Feature","geometry":{"type":"LineString","coordinates":[[559692.1,4670564.8],[559698.5,4670577.5]]},"properties":{"kind":"road","name":"Spruceton Road","osmId":842905771}},{"type":"Feature","geometry":{"type":"LineString","coordinates":[[563689.7,4669491.3],[563670.8,4669523.4],[563657.6,4669536.9],[563645.1,4669555.3],[563633.2,4669569.6],[563629.5,4669580.5],[563628.4,4669609.1],[563625.9,4669618.2],[563608.3,4669635.0],[563604.0,4669642.8],[563599.0,4669661.1],[563594.4,4669671.1],[563584.7,4669679.8],[563568.0,4669689.5],[563555.2,4669700.4],[563539.7,4669717.8],[563530.2,4669733.1],[563525.2,4669748.4],[563518.4,4669760.1],[563516.4,4669766.0],[563516.0,4669772.1],[563522.1,4669793.4],[563531.2,4669814.3],[563541.2,4669829.2],[563555.3,4669843.7],[563565.9,4669849.4],[563578.5,4669853.1],[563585.6,4669853.3]]},"properties":{"kind":"trail","name":"Spruceton Trail","osmId":844833522}},{"type":"Feature","geometry":{"type":"LineString","coordinates":[[570503.7,4667459.1],[570525.2,4667441.2],[570535.2,4667428.2],[570537.3,4667419.3],[570537.5,4667413.3],[570538.2,4667409.5]]},"properties":{"kind":"road","name":null,"osmId":850075853}},{"type":"Feature","geometry":{"type":"LineString","coordinates":[[571168.2,4673776.8],[571165.0,4673769.3],[571155.7,4673764.2],[571144.7,4673755.0],[571139.5,4673748.8],[571136.9,4673742.5],[571136.1,4673737.5],[571135.1,4673728.8],[571134.7,4673722.5],[571135.1,4673709.7],[571131.9,4673698.8],[571129.4,4673690.3],[571129.4,4673686.9],[571131.4,4673683.0],[571143.7,4673678.5],[571150.9,4673677.7],[571156.8,4673678.7],[571162.1,4673683.7],[571166.0,4673691.8],[571170.6,4673702.2],[571176.2,4673714.9],[571178.7,4673724.5],[571178.2,4673737.7],[571173.9,4673749.6],[571165.0,4673769.3]]},"properties":{"kind":"road","name":null,"osmId":850783144}},{"type":"Feature","geometry":{"type":"LineString","coordinates":[[571135.1,4673709.7],[571170.6,4673702.2]]},"properties":{"kind":"road","name":null,"osmId":850783145}},{"type":"Feature","geometry":{"type":"LineString","coordinates":[[564147.8,4662147.1],[564137.6,4662152.4],[564125.8,4662159.6],[564104.7,4662166.5]]},"properties":{"kind":"road","name":null,"osmId":852393490}},{"type":"Feature","geometry":{"type":"LineString","coordinates":[[565431.0,4672342.7],[565445.0,4672344.2],[565458.4,4672345.2],[565468.8,4672344.7],[565476.4,4672342.6],[565482.9,4672338.2],[565493.1,4672334.0]]},"properties":{"kind":"road","name":null,"osmId":853565832}},{"type":"Feature","geometry":{"type":"LineString","coordinates":[[569245.2,4665430.2],[569241.2,4665423.7],[569237.5,4665417.6],[569228.3,4665396.9],[569224.9,4665375.3],[569228.6,4665351.9],[569234.3,4665332.8],[569245.1,4665310.4],[569257.0,4665297.7],[569271.5,4665288.4],[569276.4,4665275.7],[569274.9,4665260.2],[569268.5,4665248.7],[569254.9,4665233.3],[569239.2,4665214.5]]},"properties":{"kind":"trail","name":null,"osmId":856404516}},{"type":"Feature","geometry":{"type":"LineString","coordinates":[[567502.0,4665846.2],[567514.2,4665827.6],[567517.4,4665817.1],[567536.7,4665798.8],[567545.6,4665791.9],[567548.8,4665783.0]]},"properties":{"kind":"trail","name":null,"osmId":856566642}},{"type":"Feature","geometry":{"type":"LineString","coordinates":[[565082.1,4665727.0],[565084.1,4665702.9],[565089.2,4665686.5],[565109.0,4665661.5],[565109.5,4665654.7],[565097.8,4665639.4],[565088.0,4665633.2]]},"properties":{"kind":"stream","name":"Edgewood Stream","osmId":856841071}},{"type":"Feature","geometry":{"type":"LineString","coordinates":[[565075.5,4665781.0],[565082.1,4665727.0]]},"properties":{"kind":"stream","name":"Edgewood Stream","osmId":856841072}},{"type":"Feature","geometry":{"type":"LineString","coordinates":[[565432.3,4666837.0],[565424.5,4666824.5],[565405.1,4666782.1],[565393.8,4666762.2]]},"properties":{"kind":"stream","name":null,"osmId":856841073}},{"type":"Feature","geometry":{"type":"LineString","coordinates":[[565448.7,4666846.2],[565432.3,4666837.0]]},"properties":{"kind":"stream","name":null,"osmId":856841074}},{"type":"Feature","geometry":{"type":"LineString","coordinates":[[565524.0,4666880.9],[565503.1,4666876.8],[565495.1,4666876.2],[565486.8,4666867.1],[565475.8,4666860.5],[565459.1,4666856.1],[565452.2,4666847.0],[565448.7,4666846.2]]},"properties":{"kind":"stream","name":null,"osmId":856841075}},{"type":"Feature","geometry":{"type":"LineString","coordinates":[[565416.6,4666761.2],[565397.0,4666763.0]]},"properties":{"kind":"stream","name":"Edgewood Stream","osmId":856841076}},{"type":"Feature","geometry":{"type":"LineString","coordinates":[[565602.7,4667231.4],[565626.7,4667202.2],[565632.2,4667187.8],[565628.7,4667170.9],[565608.4,4667146.1],[565591.4,4667110.5],[565582.7,4667102.9],[565575.6,4667090.3],[565567.3,4667064.6],[565562.3,4667039.5],[565567.1,4667020.9],[565564.6,4667000.5],[565562.3,4666965.2],[565562.5,4666941.3],[565552.1,4666916.5],[565543.5,4666889.9],[565524.0,4666880.9],[565488.8,4666845.2],[565476.1,4666848.2],[565469.6,4666845.4],[565457.2,4666824.7],[565447.6,4666818.7],[565429.5,4666784.8],[565428.6,4666778.0],[565421.1,4666761.7],[565416.6,4666761.2]]},"properties":{"kind":"stream","name":"Edgewood Stream","osmId":856841077}},{"type":"Feature","geometry":{"type":"LineString","coordinates":[[565358.0,4666655.8],[565349.8,4666654.7]]},"properties":{"kind":"stream","name":null,"osmId":856841078}},{"type":"Feature","geometry":{"type":"LineString","coordinates":[[565374.2,4666660.6],[565358.0,4666655.8]]},"properties":{"kind":"stream","name":null,"osmId":856841079}},{"type":"Feature","geometry":{"type":"LineString","coordinates":[[565593.4,4667244.9],[565602.7,4667231.4]]},"properties":{"kind":"stream","name":"Edgewood Stream","osmId":856841082}},{"type":"Feature","geometry":{"type":"LineString","coordinates":[[565760.1,4667794.1],[565750.6,4667770.0],[565739.3,4667749.9],[565726.2,4667731.5],[565712.5,4667713.1],[565709.6,4667701.1],[565699.3,4667692.9],[565699.2,4667680.8],[565671.6,4667666.2],[565658.8,4667641.0],[565648.9,4667620.6],[565644.1,4667603.2],[565628.0,4667591.1],[565621.7,4667578.8],[565626.1,4667558.6],[565619.7,4667546.3],[565598.6,4667524.7],[565593.9,4667511.2],[565595.9,4667492.4],[565593.8,4667480.6],[565582.2,4667458.5],[565578.9,4667450.8],[565571.3,4667437.4],[565571.3,4667419.2],[565575.1,4667392.8],[565576.2,4667373.3],[565577.3,4667351.3],[565577.6,4667323.0],[565580.5,4667296.5],[565584.3,4667267.4],[565593.4,4667244.9]]},"properties":{"kind":"stream","name":"Edgewood Stream","osmId":856841083}},{"type":"Feature","geometry":{"type":"LineString","coordinates":[[565620.2,4667301.6],[565632.3,4667297.7],[565646.7,4667300.0],[565658.0,4667301.5],[565667.2,4667304.9],[565678.1,4667309.5],[565690.1,4667312.4],[565703.0,4667316.1],[565712.5,4667322.6],[565721.2,4667332.3],[565724.8,4667339.9],[565719.7,4667350.2],[565709.2,4667361.4],[565697.7,4667367.3]]},"properties":{"kind":"road","name":null,"osmId":856841084}},{"type":"Feature","geometry":{"type":"LineString","coordinates":[[565698.7,4667513.8],[565695.1,4667527.4],[565687.7,4667538.7],[565675.9,4667546.1],[565668.9,4667548.3]]},"properties":{"kind":"road","name":null,"osmId":856841087}},{"type":"Feature","geometry":{"type":"LineString","coordinates":[[565701.1,4667503.9],[565698.7,4667513.8]]},"properties":{"kind":"road","name":null,"osmId":856841088}},{"type":"Feature","geometry":{"type":"LineString","coordinates":[[565606.8,4667452.3],[565613.3,4667419.0],[565622.2,4667383.8],[565627.1,4667353.0],[565630.0,4667349.0],[565635.3,4667346.6]]},"properties":{"kind":"road","name":null,"osmId":856841089}},{"type":"Feature","geometry":{"type":"LineString","coordinates":[[565607.8,4667463.6],[565606.8,4667452.3]]},"properties":{"kind":"road","name":null,"osmId":856841090}},{"type":"Feature","geometry":{"type":"LineString","coordinates":[[565678.1,4667309.5],[565682.2,4667316.2],[565683.9,4667321.9],[565685.1,4667334.2],[565687.0,4667346.2],[565691.8,4667357.9],[565697.7,4667367.3],[565703.4,4667385.4],[565710.1,4667408.7],[565711.4,4667418.6],[565711.2,4667437.4],[565709.6,4667459.6],[565707.2,4667479.0],[565701.1,4667503.9]]},"properties":{"kind":"road","name":null,"osmId":856841091}},{"type":"Feature","geometry":{"type":"LineString","coordinates":[[565640.4,4667516.8],[565646.3,4667512.3],[565654.3,4667509.3],[565664.8,4667507.5]]},"properties":{"kind":"road","name":null,"osmId":856841092}},{"type":"Feature","geometry":{"type":"LineString","coordinates":[[565667.2,4667536.6],[565659.0,4667536.0],[565650.2,4667529.8],[565640.4,4667516.8],[565633.8,4667504.1],[565620.4,4667482.7],[565607.8,4667463.6]]},"properties":{"kind":"road","name":null,"osmId":856841093}},{"type":"Feature","geometry":{"type":"LineString","coordinates":[[565766.1,4667769.9],[565752.4,4667749.5],[565739.7,4667731.5],[565727.2,4667712.6],[565712.2,4667690.4],[565700.9,4667672.1],[565684.4,4667654.0],[565672.0,4667636.8],[565662.3,4667613.5],[565658.8,4667591.1],[565656.3,4667558.5],[565659.0,4667536.0]]},"properties":{"kind":"trail","name":null,"osmId":856841094}},{"type":"Feature","geometry":{"type":"LineString","coordinates":[[565830.0,4667779.2],[565831.6,4667773.2],[565832.0,4667763.0]]},"properties":{"kind":"trail","name":"Devil's Path","osmId":856841097}},{"type":"Feature","geometry":{"type":"LineString","coordinates":[[564403.5,4662658.0],[564400.5,4662662.9],[564397.7,4662664.7],[564391.4,4662665.8],[564376.2,4662668.5],[564366.1,4662671.9],[564354.9,4662677.7],[564340.1,4662683.0],[564330.2,4662682.7]]},"properties":{"kind":"road","name":null,"osmId":857637535}},{"type":"Feature","geometry":{"type":"LineString","coordinates":[[564407.9,4662649.5],[564403.5,4662658.0]]},"properties":{"kind":"road","name":null,"osmId":857637536}},{"type":"Feature","geometry":{"type":"LineString","coordinates":[[564397.7,4662664.7],[564394.5,4662677.5],[564396.1,4662683.8],[564395.9,4662688.4],[564394.1,4662692.3],[564391.5,4662693.5],[564387.6,4662692.7],[564385.9,4662689.3],[564386.7,4662685.3],[564389.2,4662681.6],[564394.5,4662677.5]]},"properties":{"kind":"road","name":null,"osmId":857637537}},{"type":"Feature","geometry":{"type":"LineString","coordinates":[[564366.1,4662671.9],[564363.3,4662659.9],[564357.3,4662650.9],[564349.7,4662645.2],[564338.5,4662645.6],[564314.4,4662653.2],[564307.3,4662658.9]]},"properties":{"kind":"road","name":null,"osmId":857637538}},{"type":"Feature","geometry":{"type":"LineString","coordinates":[[566673.8,4673457.7],[566685.2,4673458.6],[566690.3,4673457.9],[566698.5,4673452.0],[566707.8,4673443.9],[566714.2,4673433.7],[566715.3,4673431.5],[566720.9,4673420.5],[566729.4,4673410.1],[566740.9,4673398.3],[566748.4,4673391.5],[566753.0,4673385.3],[566756.7,4673377.4],[566758.5,4673367.6],[566757.1,4673353.1],[566760.0,4673345.5],[566761.7,4673342.4]]},"properties":{"kind":"road","name":null,"osmId":858534419}},{"type":"Feature","geometry":{"type":"LineString","coordinates":[[571295.5,4670381.4],[571296.1,4670376.8],[571298.0,4670369.6],[571301.4,4670364.1],[571305.8,4670359.4],[571312.0,4670355.8],[571321.8,4670353.9],[571332.0,4670355.0],[571337.7,4670357.4],[571340.4,4670361.0],[571344.0,4670370.6],[571345.9,4670380.3],[571346.1,4670384.8]]},"properties":{"kind":"road","name":null,"osmId":859553419}},{"type":"Feature","geometry":{"type":"LineString","coordinates":[[568292.7,4671354.1],[568296.5,4671358.0],[568298.7,4671362.0],[568301.5,4671368.3],[568315.1,4671411.0]]},"properties":{"kind":"road","name":null,"osmId":866877035}},{"type":"Feature","geometry":{"type":"LineString","coordinates":[[564261.0,4673211.3],[564271.1,4673198.3],[564317.0,4673117.7],[564324.1,4673107.0],[564331.7,4673096.3],[564368.2,4673056.3],[564387.0,4673036.8],[564406.5,4673021.5],[564416.3,4673015.4],[564427.4,4673012.8],[564445.2,4673011.5],[564454.6,4673007.0],[564463.7,4672996.4]]},"properties":{"kind":"trail","name":"Clearview Road","osmId":875385711}},{"type":"Feature","geometry":{"type":"LineString","coordinates":[[564621.4,4672961.5],[564631.0,4672956.1],[564673.4,4672940.2],[564693.3,4672945.2],[564718.4,4672959.1],[564736.7,4672972.0],[564749.0,4672982.7]]},"properties":{"kind":"road","name":null,"osmId":875385714}},{"type":"Feature","geometry":{"type":"LineString","coordinates":[[564789.3,4673238.1],[564819.6,4673228.8],[564829.9,4673225.0],[564842.3,4673219.5],[564877.8,4673200.8]]},"properties":{"kind":"road","name":"Creek Lane","osmId":883688802}},{"type":"Feature","geometry":{"type":"LineString","coordinates":[[565064.9,4672999.0],[565045.2,4672970.1],[565032.0,4672952.2]]},"properties":{"kind":"road","name":null,"osmId":883688819}},{"type":"Feature","geometry":{"type":"LineString","coordinates":[[565386.8,4673085.8],[565391.3,4673084.4],[565394.7,4673083.4],[565399.4,4673081.6],[565403.1,4673079.2],[565437.9,4673041.6]]},"properties":{"kind":"road","name":null,"osmId":883688825}},{"type":"Feature","geometry":{"type":"LineString","coordinates":[[565386.8,4673085.8],[565379.0,4673087.8]]},"properties":{"kind":"road","name":null,"osmId":883688826}},{"type":"Feature","geometry":{"type":"LineString","coordinates":[[565184.1,4672839.9],[565186.2,4672832.3],[565193.5,4672828.4],[565199.4,4672825.3],[565204.8,4672822.3],[565210.6,4672819.2],[565216.6,4672815.9],[565220.9,4672818.1],[565221.9,4672817.1],[565223.6,4672816.3],[565226.1,4672816.1],[565229.1,4672816.8],[565231.7,4672818.3],[565234.3,4672820.4],[565236.3,4672823.0],[565240.6,4672831.5],[565241.0,4672832.8],[565240.7,4672833.6],[565240.3,4672833.9],[565239.7,4672834.1],[565225.9,4672830.2],[565224.7,4672830.3],[565223.8,4672831.0],[565223.2,4672831.7],[565226.3,4672832.6],[565244.1,4672837.6],[565247.1,4672843.2],[565250.1,4672848.8],[565253.1,4672854.5],[565254.5,4672857.2],[565255.4,4672859.4],[565255.3,4672860.2],[565255.3,4672861.4],[565255.1,4672862.8],[565254.4,4672864.9],[565260.5,4672867.3],[565259.9,4672865.9],[565257.0,4672857.8],[565254.5,4672852.4],[565243.5,4672831.4],[565238.3,4672821.8],[565235.7,4672818.7],[565233.1,4672816.2],[565229.8,4672814.0],[565226.5,4672812.4],[565223.4,4672811.5],[565220.1,4672811.2],[565216.6,4672811.2],[565212.7,4672812.0],[565209.6,4672813.1],[565206.2,4672814.9],[565202.1,4672817.1],[565178.0,4672830.1],[565184.1,4672839.9]]},"properties":{"kind":"road","name":null,"osmId":884019486}},{"type":"Feature","geometry":{"type":"LineString","coordinates":[[565184.3,4672861.3],[565186.5,4672854.1],[565188.1,4672851.3],[565190.3,4672849.1],[565210.0,4672838.9],[565214.1,4672837.7],[565217.8,4672837.5],[565221.5,4672838.1],[565225.6,4672840.1],[565228.2,4672844.1],[565235.8,4672860.9],[565238.2,4672865.3],[565241.8,4672868.5],[565246.6,4672870.4],[565259.0,4672873.3],[565267.6,4672874.4]]},"properties":{"kind":"road","name":null,"osmId":884019499}},{"type":"Feature","geometry":{"type":"LineString","coordinates":[[565343.3,4672859.8],[565310.4,4672859.4],[565294.2,4672860.5],[565263.1,4672864.4]]},"properties":{"kind":"road","name":null,"osmId":884019501}},{"type":"Feature","geometry":{"type":"LineString","coordinates":[[564929.5,4672948.8],[565008.3,4672910.6]]},"properties":{"kind":"road","name":null,"osmId":884019502}},{"type":"Feature","geometry":{"type":"LineString","coordinates":[[565008.3,4672910.6],[564995.9,4672885.7],[564986.3,4672865.3],[564985.0,4672861.4],[564985.5,4672856.8],[564985.5,4672851.1],[564984.0,4672847.4],[564978.8,4672835.4]]},"properties":{"kind":"road","name":null,"osmId":884019510}},{"type":"Feature","geometry":{"type":"LineString","coordinates":[[564897.5,4672878.2],[564902.4,4672871.0],[564909.1,4672864.8],[564922.0,4672858.4],[564978.8,4672835.4],[564999.4,4672826.7]]},"properties":{"kind":"road","name":null,"osmId":884019511}},{"type":"Feature","geometry":{"type":"LineString","coordinates":[[565087.3,4672872.6],[565088.9,4672857.3],[565089.0,4672851.7],[565088.1,4672846.7],[565086.8,4672844.5],[565063.3,4672805.9]]},"properties":{"kind":"road","name":null,"osmId":884019512}},{"type":"Feature","geometry":{"type":"LineString","coordinates":[[564770.2,4672861.3],[564774.4,4672856.4],[564778.1,4672853.7],[564831.4,4672832.5],[564851.3,4672825.3],[564879.4,4672819.7],[564933.5,4672819.2]]},"properties":{"kind":"road","name":"Liftside Drive","osmId":884019513}},{"type":"Feature","geometry":{"type":"LineString","coordinates":[[564689.4,4672837.7],[564691.5,4672828.2],[564695.1,4672820.1],[564701.7,4672813.7],[564709.1,4672807.9],[564721.7,4672801.7],[564731.9,4672796.6],[564745.3,4672792.0],[564757.0,4672791.0],[564766.3,4672790.2],[564775.1,4672788.7],[564786.1,4672786.0],[564792.5,4672784.0],[564794.6,4672783.3],[564821.6,4672774.2]]},"properties":{"kind":"road","name":null,"osmId":884019514}},{"type":"Feature","geometry":{"type":"LineString","coordinates":[[564792.5,4672784.0],[564795.1,4672789.5],[564795.2,4672793.7],[564793.4,4672798.6],[564789.2,4672802.9],[564783.5,4672806.3],[564776.9,4672808.7],[564767.5,4672810.7],[564756.1,4672812.2],[564745.0,4672814.3],[564736.7,4672816.9],[564729.8,4672819.8],[564725.0,4672822.4],[564718.2,4672827.2],[564715.1,4672831.2],[564713.4,4672835.1],[564711.8,4672840.8]]},"properties":{"kind":"road","name":null,"osmId":884019515}},{"type":"Feature","geometry":{"type":"LineString","coordinates":[[564865.5,4672925.2],[564914.3,4672900.9],[564986.3,4672865.3]]},"properties":{"kind":"road","name":null,"osmId":884019516}},{"type":"Feature","geometry":{"type":"LineString","coordinates":[[564995.9,4672885.7],[564923.5,4672921.7]]},"properties":{"kind":"road","name":null,"osmId":884019517}},{"type":"Feature","geometry":{"type":"LineString","coordinates":[[565060.8,4672959.9],[565085.4,4672996.2]]},"properties":{"kind":"road","name":null,"osmId":884019518}},{"type":"Feature","geometry":{"type":"LineString","coordinates":[[565076.7,4672948.0],[565103.8,4672991.8]]},"properties":{"kind":"road","name":null,"osmId":884019519}},{"type":"Feature","geometry":{"type":"LineString","coordinates":[[565093.9,4672939.4],[565121.9,4672983.4]]},"properties":{"kind":"road","name":null,"osmId":884019520}},{"type":"Feature","geometry":{"type":"LineString","coordinates":[[565113.5,4672929.7],[565141.0,4672974.4]]},"properties":{"kind":"road","name":null,"osmId":884019521}},{"type":"Feature","geometry":{"type":"LineString","coordinates":[[565129.8,4672921.7],[565157.5,4672966.7]]},"properties":{"kind":"road","name":null,"osmId":884019522}},{"type":"Feature","geometry":{"type":"LineString","coordinates":[[565148.0,4672912.7],[565175.7,4672958.2]]},"properties":{"kind":"road","name":null,"osmId":884019523}},{"type":"Feature","geometry":{"type":"LineString","coordinates":[[565164.8,4672904.4],[565193.9,4672949.7]]},"properties":{"kind":"road","name":null,"osmId":884019524}},{"type":"Feature","geometry":{"type":"LineString","coordinates":[[565185.3,4672894.3],[565212.9,4672940.8]]},"properties":{"kind":"road","name":null,"osmId":884019525}},{"type":"Feature","geometry":{"type":"LineString","coordinates":[[565212.9,4672940.8],[565216.0,4672947.8],[565216.8,4672955.4],[565214.8,4672961.6],[565213.5,4672966.9],[565212.6,4672970.7],[565211.5,4672976.4],[565211.7,4672980.1],[565212.6,4672982.9]]},"properties":{"kind":"road","name":null,"osmId":884019526}},{"type":"Feature","geometry":{"type":"LineString","coordinates":[[565258.2,4672965.4],[565248.0,4672972.0],[565235.3,4672978.0],[565222.8,4672980.5],[565212.6,4672982.9],[565202.6,4672987.2],[565194.9,4672991.2],[565114.6,4673032.7],[565112.3,4673033.0],[565109.9,4673033.0],[565107.6,4673032.5],[565105.3,4673031.5],[565102.8,4673028.6],[565094.7,4673013.5],[565085.4,4672996.2]]},"properties":{"kind":"road","name":null,"osmId":884019527}},{"type":"Feature","geometry":{"type":"LineString","coordinates":[[565094.7,4673013.5],[565122.2,4673003.7],[565149.7,4672991.7],[565177.3,4672976.6],[565191.8,4672966.1],[565202.4,4672957.3],[565208.1,4672950.9],[565211.4,4672945.2],[565212.9,4672940.8]]},"properties":{"kind":"road","name":null,"osmId":884019528}},{"type":"Feature","geometry":{"type":"LineString","coordinates":[[564805.0,4673045.8],[564826.7,4673090.5],[564829.7,4673095.2],[564832.6,4673097.2],[564835.1,4673097.7],[564837.6,4673097.6],[564855.5,4673088.9],[564872.5,4673080.7],[564889.0,4673072.7],[564895.0,4673069.7],[564900.6,4673068.0],[564905.8,4673067.9],[564907.8,4673067.8],[564911.2,4673067.7],[564915.7,4673066.7],[564920.4,4673065.0],[564925.5,4673062.8],[564944.3,4673055.0],[564965.8,4673046.0],[564977.9,4673040.9],[564985.7,4673036.5],[564989.9,4673033.7],[564994.6,4673030.5],[565002.6,4673026.2],[565008.7,4673024.7],[565020.5,4673023.4]]},"properties":{"kind":"road","name":null,"osmId":884019529}},{"type":"Feature","geometry":{"type":"LineString","coordinates":[[565054.5,4673004.6],[565036.8,4672976.7],[565033.6,4672972.7],[565029.6,4672968.6],[565025.3,4672967.4],[565020.1,4672967.8],[565014.8,4672970.2],[564997.7,4672978.0],[564981.8,4672985.4],[564963.9,4672993.6],[564949.3,4673000.4],[564944.5,4673001.2],[564940.9,4673001.8],[564928.6,4673001.2],[564919.5,4673002.1],[564916.8,4673002.4],[564907.4,4673004.4],[564900.1,4673007.3],[564894.0,4673009.7],[564882.0,4673015.7],[564863.8,4673024.6],[564846.0,4673033.4]]},"properties":{"kind":"road","name":null,"osmId":884019530}},{"type":"Feature","geometry":{"type":"LineString","coordinates":[[564855.5,4673088.9],[564830.7,4673041.5]]},"properties":{"kind":"road","name":null,"osmId":884019531}},{"type":"Feature","geometry":{"type":"LineString","coordinates":[[564872.5,4673080.7],[564846.0,4673033.4]]},"properties":{"kind":"road","name":null,"osmId":884019532}},{"type":"Feature","geometry":{"type":"LineString","coordinates":[[564889.0,4673072.7],[564863.8,4673024.6]]},"properties":{"kind":"road","name":null,"osmId":884019533}},{"type":"Feature","geometry":{"type":"LineString","coordinates":[[564907.8,4673067.8],[564882.0,4673015.7]]},"properties":{"kind":"road","name":null,"osmId":884019534}},{"type":"Feature","geometry":{"type":"LineString","coordinates":[[564925.5,4673062.8],[564900.1,4673007.3]]},"properties":{"kind":"road","name":null,"osmId":884019535}},{"type":"Feature","geometry":{"type":"LineString","coordinates":[[564944.3,4673055.0],[564919.5,4673002.1]]},"properties":{"kind":"road","name":null,"osmId":884019536}},{"type":"Feature","geometry":{"type":"LineString","coordinates":[[564965.8,4673046.0],[564944.5,4673001.2]]},"properties":{"kind":"road","name":null,"osmId":884019537}},{"type":"Feature","geometry":{"type":"LineString","coordinates":[[564985.7,4673036.5],[564963.9,4672993.6]]},"properties":{"kind":"road","name":null,"osmId":884019538}},{"type":"Feature","geometry":{"type":"LineString","coordinates":[[565002.6,4673026.2],[564981.8,4672985.4]]},"properties":{"kind":"road","name":null,"osmId":884019539}},{"type":"Feature","geometry":{"type":"LineString","coordinates":[[565020.5,4673023.4],[564997.7,4672978.0]]},"properties":{"kind":"road","name":null,"osmId":884019540}},{"type":"Feature","geometry":{"type":"LineString","coordinates":[[565038.5,4673013.3],[565014.8,4672970.2]]},"properties":{"kind":"road","name":null,"osmId":884019541}},{"type":"Feature","geometry":{"type":"LineString","coordinates":[[565239.6,4672817.0],[565232.2,4672797.9],[565227.3,4672785.1],[565225.5,4672779.2],[565225.1,4672772.5],[565225.6,4672767.1],[565228.5,4672762.7],[565232.8,4672757.5],[565255.5,4672746.2]]},"properties":{"kind":"road","name":null,"osmId":884019548}},{"type":"Feature","geometry":{"type":"LineString","coordinates":[[565139.7,4672852.3],[565149.5,4672847.3],[565150.7,4672846.9],[565151.5,4672847.0],[565152.3,4672847.7],[565152.9,4672848.4],[565154.0,4672851.1],[565155.7,4672854.2],[565157.6,4672856.8],[565159.8,4672859.1],[565161.8,4672860.3],[565165.7,4672862.2],[565170.9,4672863.9],[565193.3,4672870.7],[565205.9,4672874.2],[565217.1,4672878.1],[565230.6,4672884.0],[565246.1,4672891.2]]},"properties":{"kind":"trail","name":null,"osmId":884019555}},{"type":"Feature","geometry":{"type":"LineString","coordinates":[[565185.3,4672894.3],[565183.1,4672889.9],[565180.6,4672884.5],[565177.5,4672879.8],[565176.4,4672878.6],[565174.2,4672876.4],[565170.1,4672873.0],[565164.4,4672871.2],[565156.4,4672867.2],[565149.1,4672863.6],[565148.0,4672863.1],[565143.0,4672860.7],[565141.1,4672859.4],[565140.1,4672857.1],[565139.7,4672852.3]]},"properties":{"kind":"trail","name":null,"osmId":884019556}},{"type":"Feature","geometry":{"type":"LineString","coordinates":[[565143.0,4672858.7],[565141.2,4672858.4],[565138.1,4672858.3],[565138.0,4672855.4],[565137.0,4672853.6],[565135.2,4672853.1],[565139.1,4672851.0],[565151.2,4672844.4],[565152.5,4672844.1],[565153.5,4672844.3],[565154.2,4672845.0],[565154.1,4672846.4],[565154.6,4672849.0],[565155.5,4672851.7],[565157.0,4672854.5],[565159.8,4672857.9],[565162.9,4672859.9],[565168.1,4672862.0],[565177.2,4672865.1],[565196.5,4672870.6],[565213.7,4672875.7],[565223.6,4672879.5],[565237.3,4672886.0],[565246.4,4672890.3],[565252.6,4672893.5],[565254.2,4672895.3],[565244.5,4672891.2],[565212.9,4672877.5],[565175.9,4672867.0],[565165.4,4672863.2],[565158.6,4672859.4],[565155.8,4672856.0],[565153.5,4672852.4],[565152.0,4672849.8],[565150.6,4672849.2],[565148.0,4672849.5],[565142.1,4672852.9],[565143.0,4672858.7]]},"properties":{"kind":"road","name":null,"osmId":884019557}},{"type":"Feature","geometry":{"type":"LineString","coordinates":[[565115.3,4672833.1],[565100.7,4672840.6],[565098.9,4672840.7],[565096.6,4672840.4],[565094.9,4672840.4],[565090.8,4672842.4],[565086.8,4672844.5]]},"properties":{"kind":"road","name":null,"osmId":884019575}},{"type":"Feature","geometry":{"type":"LineString","coordinates":[[565168.7,4672882.7],[565176.4,4672878.6]]},"properties":{"kind":"trail","name":null,"osmId":884019585}},{"type":"Feature","geometry":{"type":"LineString","coordinates":[[565143.0,4672866.6],[565149.1,4672863.6]]},"properties":{"kind":"trail","name":null,"osmId":884019586}},{"type":"Feature","geometry":{"type":"LineString","coordinates":[[565155.0,4672889.7],[565143.0,4672866.6]]},"properties":{"kind":"trail","name":null,"osmId":884019587}},{"type":"Feature","geometry":{"type":"LineString","coordinates":[[565148.0,4672912.7],[565139.8,4672897.4]]},"properties":{"kind":"trail","name":null,"osmId":884019588}},{"type":"Feature","geometry":{"type":"LineString","coordinates":[[565108.4,4672932.3],[565100.2,4672917.5]]},"properties":{"kind":"trail","name":null,"osmId":884019589}},{"type":"Feature","geometry":{"type":"LineString","coordinates":[[565093.9,4672892.0],[565104.5,4672915.3]]},"properties":{"kind":"trail","name":null,"osmId":884019590}},{"type":"Feature","geometry":{"type":"LineString","coordinates":[[564694.9,4673332.3],[564721.4,4673319.9],[564744.9,4673312.7],[564749.2,4673311.3],[564766.4,4673306.0],[564783.6,4673300.4],[564794.3,4673295.7],[564801.5,4673289.9],[564805.0,4673284.5],[564805.4,4673277.0],[564802.8,4673266.1],[564797.0,4673260.2],[564790.0,4673255.9]]},"properties":{"kind":"road","name":null,"osmId":884019591}},{"type":"Feature","geometry":{"type":"LineString","coordinates":[[564850.4,4673257.2],[564861.1,4673254.9],[564871.4,4673252.4],[564911.9,4673239.8],[564975.8,4673216.1],[565025.7,4673196.1],[565049.4,4673185.4],[565070.7,4673177.4],[565073.6,4673176.6],[565096.8,4673170.2],[565103.5,4673167.6],[565125.7,4673159.2],[565142.1,4673152.1],[565190.7,4673131.1],[565210.1,4673122.2],[565229.2,4673113.4],[565252.0,4673100.3],[565283.7,4673078.7],[565294.7,4673068.9],[565303.8,4673055.0],[565306.6,4673044.1],[565307.0,4673035.3],[565306.5,4673022.9]]},"properties":{"kind":"road","name":null,"osmId":884019592}},{"type":"Feature","geometry":{"type":"LineString","coordinates":[[565181.7,4672831.7],[565204.1,4672819.3],[565210.5,4672815.8],[565215.0,4672814.2],[565220.6,4672813.8],[565225.4,4672814.3],[565230.5,4672816.0],[565236.1,4672820.3],[565240.4,4672827.8],[565245.0,4672836.5],[565256.8,4672859.1],[565257.2,4672861.6],[565257.4,4672864.3]]},"properties":{"kind":"trail","name":null,"osmId":884019595}},{"type":"Feature","geometry":{"type":"LineString","coordinates":[[565225.8,4672831.3],[565245.0,4672836.5]]},"properties":{"kind":"trail","name":null,"osmId":884019596}},{"type":"Feature","geometry":{"type":"LineString","coordinates":[[565084.7,4672830.9],[565090.8,4672842.4],[565098.8,4672857.6]]},"properties":{"kind":"trail","name":null,"osmId":884019597}},{"type":"Feature","geometry":{"type":"LineString","coordinates":[[565094.4,4672860.5],[565098.8,4672857.6],[565100.7,4672856.4],[565125.4,4672843.4],[565129.9,4672843.1],[565134.2,4672840.8],[565155.6,4672829.5],[565157.3,4672827.2],[565193.1,4672807.4],[565221.6,4672791.7],[565225.2,4672799.7],[565226.3,4672801.9]]},"properties":{"kind":"trail","name":null,"osmId":884019598}},{"type":"Feature","geometry":{"type":"LineString","coordinates":[[565139.7,4672852.3],[565139.1,4672851.0],[565137.6,4672848.0],[565134.2,4672840.8]]},"properties":{"kind":"trail","name":null,"osmId":884019599}},{"type":"Feature","geometry":{"type":"LineString","coordinates":[[565193.1,4672807.4],[565199.5,4672814.3],[565202.1,4672817.1],[565204.1,4672819.3]]},"properties":{"kind":"trail","name":null,"osmId":884019600}},{"type":"Feature","geometry":{"type":"LineString","coordinates":[[565295.7,4672856.3],[565270.3,4672857.5],[565268.3,4672857.5],[565267.1,4672857.1],[565264.4,4672853.5],[565264.5,4672852.2],[565265.5,4672848.5],[565265.6,4672847.3],[565254.6,4672826.4],[565252.9,4672825.1],[565251.2,4672824.4],[565250.1,4672823.5],[565238.4,4672796.4],[565233.4,4672784.7]]},"properties":{"kind":"trail","name":null,"osmId":884019602}},{"type":"Feature","geometry":{"type":"LineString","coordinates":[[565238.4,4672796.4],[565232.2,4672797.9],[565225.2,4672799.7]]},"properties":{"kind":"trail","name":null,"osmId":884019603}},{"type":"Feature","geometry":{"type":"LineString","coordinates":[[565190.2,4672738.1],[565171.7,4672743.7],[565148.2,4672753.1],[565119.5,4672765.6],[565108.9,4672770.7],[565099.2,4672776.0],[565091.6,4672778.1],[565082.5,4672780.5],[565074.7,4672782.2],[565068.2,4672783.2],[565063.1,4672785.1],[565061.0,4672787.2],[565059.8,4672789.7],[565059.7,4672792.8],[565059.9,4672795.5],[565060.9,4672797.9],[565063.3,4672805.9]]},"properties":{"kind":"trail","name":null,"osmId":884019604}},{"type":"Feature","geometry":{"type":"LineString","coordinates":[[565000.0,4672810.3],[565007.3,4672811.9],[565012.3,4672813.4],[565021.1,4672814.3],[565029.8,4672812.8],[565036.9,4672810.8],[565044.0,4672805.5],[565049.6,4672800.5],[565056.6,4672799.2],[565060.9,4672797.9],[565066.9,4672794.2],[565072.7,4672791.2],[565078.1,4672789.3],[565084.8,4672785.6],[565090.8,4672783.2],[565095.9,4672781.5],[565098.7,4672779.2],[565099.2,4672776.0]]},"properties":{"kind":"trail","name":null,"osmId":884019605}},{"type":"Feature","geometry":{"type":"LineString","coordinates":[[564144.2,4673660.8],[564143.4,4673667.4],[564143.6,4673678.3],[564144.7,4673685.6],[564147.7,4673692.6],[564167.8,4673733.6]]},"properties":{"kind":"road","name":null,"osmId":884215027}},{"type":"Feature","geometry":{"type":"LineString","coordinates":[[564271.3,4673659.0],[564269.2,4673666.4],[564267.5,4673673.9],[564264.8,4673681.6],[564260.9,4673688.2],[564254.9,4673693.3],[564248.6,4673697.3],[564241.1,4673700.9],[564233.3,4673704.1],[564230.2,4673706.2]]},"properties":{"kind":"road","name":null,"osmId":884215028}},{"type":"Feature","geometry":{"type":"LineString","coordinates":[[564744.9,4673312.7],[564735.8,4673275.2]]},"properties":{"kind":"road","name":null,"osmId":884215065}},{"type":"Feature","geometry":{"type":"LineString","coordinates":[[564859.3,4673230.6],[564871.4,4673252.4]]},"properties":{"kind":"road","name":null,"osmId":884215066}},{"type":"Feature","geometry":{"type":"LineString","coordinates":[[565197.9,4673101.0],[565210.1,4673122.2]]},"properties":{"kind":"road","name":null,"osmId":884215067}},{"type":"Feature","geometry":{"type":"LineString","coordinates":[[565132.9,4673136.5],[565142.1,4673152.1]]},"properties":{"kind":"road","name":null,"osmId":884215068}},{"type":"Feature","geometry":{"type":"LineString","coordinates":[[565097.8,4673152.3],[565103.5,4673167.6]]},"properties":{"kind":"road","name":null,"osmId":884215069}},{"type":"Feature","geometry":{"type":"LineString","coordinates":[[565069.3,4673160.5],[565073.6,4673176.6]]},"properties":{"kind":"road","name":null,"osmId":884215070}},{"type":"Feature","geometry":{"type":"LineString","coordinates":[[565379.8,4672970.0],[565384.1,4672973.6],[565388.4,4672978.2],[565390.5,4672981.5],[565391.3,4672982.6],[565395.8,4672990.0],[565399.0,4672996.2],[565400.5,4673001.5],[565401.7,4673006.7],[565402.3,4673012.1],[565402.0,4673016.8],[565401.1,4673020.8],[565399.2,4673024.6],[565396.4,4673029.8],[565392.5,4673035.0],[565389.2,4673039.1],[565386.2,4673043.3],[565384.5,4673047.3],[565384.4,4673050.2],[565385.1,4673053.6],[565386.6,4673057.2],[565396.3,4673076.2]]},"properties":{"kind":"trail","name":null,"osmId":884215074}},{"type":"Feature","geometry":{"type":"LineString","coordinates":[[565381.1,4672981.7],[565384.2,4672981.1],[565387.0,4672981.1],[565390.5,4672981.5]]},"properties":{"kind":"trail","name":null,"osmId":884215075}},{"type":"Feature","geometry":{"type":"LineString","coordinates":[[565377.6,4673106.0],[565365.2,4673079.0],[565364.1,4673075.3],[565361.5,4673065.8],[565360.2,4673063.3],[565358.5,4673060.8],[565356.1,4673058.1],[565351.3,4673054.9],[565345.3,4673049.4],[565344.1,4673046.7],[565343.6,4673044.0],[565343.8,4673040.7],[565343.8,4673037.6],[565343.4,4673036.3],[565342.7,4673035.0],[565340.1,4673032.6],[565337.0,4673030.4],[565334.0,4673027.4],[565332.3,4673023.4],[565332.0,4673019.6],[565332.6,4673015.8],[565335.3,4673013.8]]},"properties":{"kind":"trail","name":null,"osmId":884215077}},{"type":"Feature","geometry":{"type":"LineString","coordinates":[[565335.3,4673013.8],[565343.4,4673008.9],[565350.5,4673005.0]]},"properties":{"kind":"trail","name":null,"osmId":884215078}},{"type":"Feature","geometry":{"type":"LineString","coordinates":[[565388.7,4673054.3],[565393.0,4673048.4],[565399.1,4673041.1],[565405.7,4673035.0],[565411.7,4673029.2],[565412.9,4673028.0],[565416.8,4673023.9],[565418.4,4673021.2],[565420.5,4673017.3],[565423.4,4673014.1],[565426.3,4673011.1],[565433.1,4673005.3],[565436.8,4673003.0]]},"properties":{"kind":"stream","name":null,"osmId":884215089}},{"type":"Feature","geometry":{"type":"LineString","coordinates":[[565354.8,4672907.0],[565361.2,4672921.4],[565371.6,4672937.0],[565386.6,4672952.7],[565394.5,4672965.3],[565395.6,4672971.1],[565396.8,4672976.0],[565399.5,4672986.3],[565401.2,4672990.3],[565404.0,4672995.6],[565408.1,4673002.8],[565410.3,4673007.9],[565412.1,4673014.7],[565412.5,4673018.8],[565412.7,4673023.7],[565411.7,4673029.2]]},"properties":{"kind":"stream","name":null,"osmId":884215090}},{"type":"Feature","geometry":{"type":"LineString","coordinates":[[565350.5,4673005.0],[565354.5,4673014.6],[565360.3,4673025.1],[565364.8,4673032.7],[565369.7,4673040.6],[565373.2,4673045.5],[565377.3,4673052.8],[565383.5,4673065.7]]},"properties":{"kind":"trail","name":null,"osmId":884215091}},{"type":"Feature","geometry":{"type":"LineString","coordinates":[[565373.2,4673045.5],[565373.7,4673041.1],[565374.0,4673034.9],[565373.9,4673029.4],[565373.7,4673025.4]]},"properties":{"kind":"trail","name":null,"osmId":884215092}},{"type":"Feature","geometry":{"type":"LineString","coordinates":[[565705.4,4672685.5],[565705.4,4672684.1],[565705.1,4672682.2],[565704.5,4672680.5],[565697.4,4672667.6]]},"properties":{"kind":"trail","name":null,"osmId":884215103}},{"type":"Feature","geometry":{"type":"LineString","coordinates":[[571233.9,4671956.8],[571238.0,4671956.8],[571242.6,4671955.8],[571247.1,4671953.6],[571248.9,4671952.1],[571251.2,4671950.2],[571252.9,4671946.9],[571254.0,4671941.3],[571253.5,4671936.3],[571252.5,4671931.7],[571250.8,4671927.0],[571248.5,4671923.7],[571245.1,4671920.4],[571241.1,4671918.3],[571237.6,4671917.2],[571232.6,4671916.4],[571213.9,4671913.0],[571204.5,4671911.3],[571185.9,4671908.0],[571179.2,4671907.7],[571173.5,4671908.3],[571167.5,4671910.6],[571163.2,4671914.2],[571159.6,4671919.3],[571157.8,4671924.7],[571157.5,4671929.7],[571158.0,4671933.9],[571159.3,4671937.5],[571161.2,4671940.8],[571163.5,4671943.5],[571165.8,4671944.9],[571169.9,4671946.4],[571202.2,4671951.7],[571233.9,4671956.8]]},"properties":{"kind":"road","name":null,"osmId":884247142}},{"type":"Feature","geometry":{"type":"LineString","coordinates":[[571212.8,4671890.7],[571218.6,4671858.8],[571219.8,4671852.4]]},"properties":{"kind":"road","name":null,"osmId":884247143}},{"type":"Feature","geometry":{"type":"LineString","coordinates":[[571232.6,4671916.4],[571227.4,4671913.1],[571223.7,4671910.5],[571220.1,4671906.9],[571218.4,4671904.6],[571216.4,4671901.8],[571214.9,4671899.3],[571213.2,4671894.8],[571212.8,4671890.7]]},"properties":{"kind":"road","name":null,"osmId":884247144}},{"type":"Feature","geometry":{"type":"LineString","coordinates":[[571212.8,4671890.7],[571209.3,4671896.0],[571206.5,4671899.3],[571204.0,4671901.5],[571203.0,4671902.1],[571199.0,4671904.5],[571194.3,4671906.5],[571190.6,4671907.2],[571185.9,4671908.0]]},"properties":{"kind":"road","name":null,"osmId":884247145}},{"type":"Feature","geometry":{"type":"LineString","coordinates":[[565007.2,4673305.1],[565010.6,4673311.3],[565012.4,4673314.7],[565015.3,4673318.8],[565016.5,4673319.9],[565019.6,4673322.7],[565023.8,4673325.1],[565028.0,4673326.0],[565029.8,4673326.2],[565031.6,4673326.3],[565034.9,4673325.9],[565056.2,4673315.5],[565074.8,4673306.5],[565078.4,4673303.8],[565081.4,4673300.5],[565082.9,4673296.7],[565083.2,4673293.2],[565083.0,4673289.6],[565082.2,4673286.0],[565079.1,4673276.7],[565077.1,4673270.9]]},"properties":{"kind":"road","name":null,"osmId":884519100}},{"type":"Feature","geometry":{"type":"LineString","coordinates":[[565029.8,4673326.2],[565028.9,4673330.2],[565027.3,4673333.7],[565024.7,4673336.5],[565002.8,4673347.1],[564994.2,4673351.3]]},"properties":{"kind":"road","name":null,"osmId":884519101}},{"type":"Feature","geometry":{"type":"LineString","coordinates":[[565001.4,4673406.0],[565014.2,4673399.7],[565015.4,4673398.3],[565015.5,4673397.7],[565015.6,4673396.8],[565015.1,4673395.2],[565007.3,4673378.8],[564994.2,4673351.3]]},"properties":{"kind":"road","name":null,"osmId":884519102}},{"type":"Feature","geometry":{"type":"LineString","coordinates":[[564994.2,4673351.3],[564989.0,4673340.5],[564988.1,4673337.6],[564988.1,4673335.9],[564988.6,4673334.2],[564989.9,4673332.9],[565016.5,4673319.9]]},"properties":{"kind":"road","name":null,"osmId":884519103}},{"type":"Feature","geometry":{"type":"LineString","coordinates":[[565077.2,4673729.5],[565043.2,4673869.2]]},"properties":{"kind":"road","name":"Camp Loyaltown","osmId":884519144}},{"type":"Feature","geometry":{"type":"Polygon","coordinates":[[[565183.3,4673667.3],[565180.8,4673671.3],[565178.7,4673673.6],[565176.3,4673674.7],[565173.4,4673676.7],[565170.5,4673677.2],[565167.6,4673678.4],[565165.1,4673679.0],[565162.5,4673679.1],[565161.6,4673678.0],[565162.1,4673676.2],[565162.4,4673674.5],[565163.2,4673672.0],[565164.8,4673670.1],[565168.8,4673667.2],[565172.3,4673665.4],[565176.5,4673663.4],[565180.1,4673661.2],[565181.9,4673659.5],[565183.3,4673658.5],[565184.6,4673658.4],[565185.7,4673658.9],[565186.3,4673659.8],[565186.1,4673661.2],[565185.4,4673663.6],[565183.3,4673667.3]]]},"properties":{"kind":"lake","name":null,"osmId":884519203}},{"type":"Feature","geometry":{"type":"LineString","coordinates":[[571554.9,4670390.2],[571558.2,4670402.7],[571559.9,4670412.2],[571558.7,4670421.9],[571555.2,4670431.8],[571550.0,4670440.0],[571538.6,4670460.5],[571529.1,4670480.7],[571526.4,4670489.2],[571528.0,4670491.8],[571529.8,4670492.8],[571532.1,4670492.7],[571540.1,4670489.8],[571548.4,4670483.6]]},"properties":{"kind":"road","name":null,"osmId":884566266}},{"type":"Feature","geometry":{"type":"LineString","coordinates":[[571651.6,4670346.9],[571652.7,4670364.9],[571648.7,4670382.4],[571643.3,4670394.4],[571637.7,4670403.2],[571632.1,4670410.4],[571623.1,4670418.9],[571616.8,4670425.8]]},"properties":{"kind":"road","name":null,"osmId":884566267}},{"type":"Feature","geometry":{"type":"LineString","coordinates":[[559917.8,4663246.4],[559909.2,4663267.4],[559903.7,4663277.3],[559898.7,4663292.0],[559895.3,4663312.0],[559890.7,4663320.3],[559885.1,4663326.2]]},"properties":{"kind":"road","name":null,"osmId":888718951}},{"type":"Feature","geometry":{"type":"LineString","coordinates":[[559934.7,4663284.3],[559920.0,4663256.1],[559917.8,4663246.4],[559923.2,4663242.8],[559948.6,4663253.7],[559964.4,4663260.9],[559977.0,4663264.0],[559986.3,4663264.5],[559991.0,4663263.2]]},"properties":{"kind":"trail","name":null,"osmId":888718952}},{"type":"Feature","geometry":{"type":"LineString","coordinates":[[559923.2,4663242.8],[559936.8,4663225.3]]},"properties":{"kind":"trail","name":null,"osmId":888718953}},{"type":"Feature","geometry":{"type":"LineString","coordinates":[[560896.3,4664245.5],[560890.4,4664249.9],[560884.6,4664253.2],[560861.7,4664261.2],[560842.2,4664269.9],[560835.7,4664273.7],[560826.0,4664282.0],[560814.5,4664296.0],[560807.9,4664303.5],[560802.5,4664308.8]]},"properties":{"kind":"road","name":"Jansen Road","osmId":889278041}},{"type":"Feature","geometry":{"type":"LineString","coordinates":[[560904.7,4664235.0],[560896.3,4664245.5]]},"properties":{"kind":"road","name":"Jansen Road","osmId":889278042}},{"type":"Feature","geometry":{"type":"LineString","coordinates":[[560786.0,4664299.8],[560795.3,4664291.8]]},"properties":{"kind":"stream","name":"Hollow Tree Brook","osmId":889295239}},{"type":"Feature","geometry":{"type":"LineString","coordinates":[[561033.2,4667286.3],[561013.4,4667258.3],[561008.2,4667243.1],[561012.6,4667222.3],[560990.3,4667186.6],[560968.3,4667155.6],[560963.8,4667135.7],[560955.9,4667127.7],[560954.5,4667101.9],[560957.3,4667079.9],[560943.5,4667062.9],[560943.7,4667052.4],[560947.3,4667043.9],[560945.7,4667034.9],[560928.1,4667020.9],[560901.7,4667007.5],[560885.4,4666988.5],[560872.5,4666972.4],[560865.6,4666953.3],[560856.8,4666927.6],[560849.7,4666918.9],[560848.5,4666895.7],[560827.8,4666868.3],[560809.0,4666859.9],[560802.6,4666853.6],[560803.0,4666840.2],[560794.6,4666828.8],[560788.2,4666819.2],[560780.1,4666814.3],[560780.9,4666792.0],[560771.4,4666784.2],[560769.6,4666767.8],[560775.4,4666752.1],[560787.1,4666740.4],[560789.5,4666725.4],[560777.5,4666702.2],[560772.3,4666682.8],[560772.3,4666676.0],[560785.9,4666663.1],[560791.0,4666649.7],[560787.6,4666636.2],[560781.9,4666617.3],[560783.1,4666597.8],[560795.0,4666579.7],[560800.8,4666559.4],[560793.6,4666542.5],[560793.2,4666533.1],[560803.2,4666515.7],[560807.7,4666504.5],[560796.9,4666484.6],[560786.5,4666474.7],[560781.6,4666465.6],[560784.2,4666453.0],[560787.0,4666446.9],[560808.7,4666427.3],[560822.3,4666422.5],[560827.7,4666415.8],[560827.8,4666397.2],[560832.1,4666385.0],[560841.8,4666361.8],[560850.6,4666351.1],[560867.3,4666348.2],[560878.1,4666331.0],[560874.9,4666315.9],[560875.5,4666302.1],[560882.6,4666285.0],[560895.5,4666253.7],[560893.8,4666247.7],[560888.6,4666228.7],[560906.1,4666207.0],[560909.5,4666196.7],[560898.1,4666187.1],[560885.2,4666162.0],[560880.3,4666124.3],[560877.8,4666105.6],[560868.4,4666094.9],[560855.0,4666079.5],[560844.3,4666062.9],[560840.9,4666043.4],[560844.1,4666021.2],[560844.4,4665999.8],[560837.8,4665982.3],[560823.7,4665971.1],[560813.8,4665956.1],[560815.2,4665936.4],[560812.1,4665921.1],[560812.4,4665908.0],[560804.7,4665892.2],[560772.7,4665842.8],[560766.1,4665807.7],[560763.0,4665797.6],[560757.6,4665793.6],[560744.2,4665789.5],[560726.0,4665786.2],[560720.1,4665781.6],[560718.0,4665772.7],[560720.0,4665757.9],[560714.4,4665733.3],[560708.3,4665715.5],[560708.3,4665702.6],[560711.5,4665693.0],[560709.6,4665687.7],[560687.4,4665668.5],[560679.5,4665664.1],[560661.2,4665661.6],[560654.4,4665656.5],[560650.0,4665650.7],[560648.0,4665644.2],[560653.1,4665619.8],[560658.6,4665599.6],[560674.8,4665572.8],[560671.1,4665543.1],[560675.3,4665514.0],[560667.2,4665482.6],[560667.3,4665462.7],[560650.3,4665428.1],[560657.7,4665393.7],[560667.9,4665371.1],[560659.7,4665347.8],[560644.8,4665328.2],[560635.0,4665300.1],[560620.0,4665292.0],[560614.3,4665288.2],[560614.6,4665282.3],[560620.5,4665264.9],[560624.1,4665260.3],[560626.1,4665227.6],[560619.6,4665210.1],[560604.9,4665198.9],[560590.4,4665184.9],[560589.4,4665171.6],[560591.9,4665157.5],[560603.4,4665137.5],[560604.2,4665071.5],[560596.6,4665053.5],[560581.7,4665037.5],[560570.5,4665006.0],[560564.8,4664987.0],[560562.1,4664964.8],[560556.3,4664954.5],[560544.2,4664944.4],[560517.5,4664927.9],[560502.8,4664911.4],[560495.0,4664892.8],[560488.1,4664871.1],[560486.9,4664846.8],[560501.2,4664811.5],[560508.7,4664790.7],[560514.6,4664768.3],[560514.0,4664744.3],[560525.5,4664721.0],[560528.4,4664696.3],[560533.0,4664676.2],[560543.5,4664641.6],[560545.3,4664629.7],[560554.7,4664618.3],[560561.4,4664613.1],[560575.7,4664608.8],[560583.7,4664605.3],[560587.7,4664602.2],[560597.5,4664589.7],[560602.5,4664579.6],[560607.5,4664567.1],[560611.4,4664553.2],[560613.3,4664536.6],[560608.1,4664522.4],[560609.1,4664508.1],[560619.9,4664494.1],[560633.7,4664486.4],[560655.2,4664482.4],[560672.2,4664472.4],[560682.7,4664463.5],[560693.0,4664451.4],[560703.5,4664437.6],[560708.9,4664422.4],[560716.4,4664411.0],[560730.2,4664398.9],[560744.9,4664389.5],[560757.2,4664369.3],[560761.4,4664353.0],[560762.5,4664332.3],[560767.6,4664318.6],[560786.0,4664299.8]]},"properties":{"kind":"stream","name":"Hollow Tree Brook","osmId":889295240}},{"type":"Feature","geometry":{"type":"LineString","coordinates":[[561843.4,4665618.2],[561839.6,4665572.2],[561832.0,4665506.8],[561823.8,4665455.4],[561824.0,4665402.5],[561839.7,4665356.9],[561840.2,4665299.5],[561831.6,4665245.5],[561835.5,4665210.9],[561821.7,4665171.3],[561811.9,4665151.0],[561789.4,4665056.7],[561790.9,4665017.4],[561779.4,4664957.6],[561777.1,4664916.1],[561773.0,4664885.1],[561778.4,4664846.8],[561775.6,4664810.9],[561751.0,4664790.8],[561729.9,4664765.3],[561699.6,4664671.9],[561686.1,4664636.6],[561669.1,4664618.9]]},"properties":{"kind":"stream","name":null,"osmId":889300777}},{"type":"Feature","geometry":{"type":"LineString","coordinates":[[562437.4,4662223.2],[562463.3,4662234.2],[562498.3,4662251.3],[562535.7,4662271.9],[562564.0,4662280.6],[562578.4,4662282.4],[562618.8,4662279.0],[562643.5,4662283.7],[562703.2,4662307.8],[562743.6,4662327.3],[562769.3,4662338.8],[562774.9,4662346.4],[562778.7,4662361.3],[562777.8,4662379.4],[562769.1,4662405.1],[562765.2,4662421.8],[562764.1,4662436.9],[562764.2,4662450.4],[562768.0,4662462.4],[562776.7,4662473.8],[562776.8,4662502.7],[562774.2,4662531.3],[562774.8,4662544.9],[562776.4,4662556.5],[562780.3,4662565.7],[562778.8,4662589.0],[562775.1,4662605.4],[562768.1,4662622.9],[562762.7,4662638.8],[562761.5,4662650.4],[562755.7,4662662.3],[562751.5,4662690.0],[562749.8,4662700.1],[562750.4,4662710.3],[562754.2,4662719.2],[562759.7,4662727.7],[562765.1,4662740.8],[562763.8,4662760.0],[562755.0,4662799.2],[562756.3,4662810.6],[562767.8,4662823.5],[562773.6,4662836.0],[562775.3,4662846.9],[562771.3,4662857.5],[562763.4,4662866.4],[562754.3,4662869.4],[562736.6,4662870.1],[562720.2,4662875.6],[562709.8,4662880.2],[562695.9,4662880.3],[562681.9,4662887.3],[562675.2,4662896.6],[562672.8,4662909.9],[562665.1,4662921.3],[562655.6,4662931.6],[562642.6,4662940.5],[562631.7,4662952.5],[562624.3,4662958.3],[562623.4,4662967.1],[562616.0,4662983.0],[562611.5,4662992.8],[562604.3,4662998.9],[562594.2,4663014.0],[562586.1,4663021.9],[562578.4,4663045.1],[562567.9,4663067.1],[562568.8,4663072.7],[562572.1,4663077.2],[562578.5,4663087.2],[562592.6,4663102.6],[562597.8,4663111.8],[562602.0,4663121.1],[562607.9,4663129.0],[562607.4,4663144.2],[562600.5,4663168.1],[562596.1,4663209.3],[562597.5,4663216.5],[562604.4,4663223.6],[562613.6,4663226.5],[562633.6,4663225.4],[562650.5,4663227.6],[562670.3,4663240.5],[562687.9,4663247.7],[562705.6,4663251.4],[562712.8,4663257.2],[562718.6,4663271.8],[562720.9,4663291.4],[562720.9,4663306.7],[562724.1,4663314.8],[562737.7,4663330.2],[562751.5,4663342.1],[562752.8,4663351.4],[562750.6,4663373.7],[562748.3,4663391.4],[562748.8,4663403.4],[562752.9,4663409.8],[562759.9,4663411.3],[562772.1,4663408.2],[562788.2,4663401.3],[562809.3,4663398.3],[562827.2,4663394.2],[562850.4,4663393.0],[562880.5,4663395.2],[562901.2,4663407.3],[562921.4,4663426.0],[562928.2,4663427.9],[562943.2,4663426.9],[562954.5,4663430.6],[562967.2,4663432.4],[562979.2,4663437.3],[562994.6,4663446.4],[563004.9,4663449.9],[563013.9,4663451.9],[563023.3,4663449.8],[563033.9,4663438.0],[563052.4,4663424.0],[563079.1,4663405.5],[563097.3,4663401.4],[563142.4,4663396.8],[563163.5,4663384.9],[563176.4,4663380.0],[563188.4,4663379.3],[563202.1,4663384.9],[563219.3,4663400.2],[563235.0,4663402.0],[563269.3,4663399.6],[563273.9,4663402.6],[563282.6,4663415.6],[563288.1,4663419.3],[563291.3,4663418.5],[563304.0,4663404.2],[563312.8,4663402.7],[563323.2,4663389.0],[563338.4,4663380.5],[563351.1,4663374.2],[563362.0,4663372.0],[563373.7,4663372.1],[563387.5,4663374.8],[563406.4,4663370.0],[563430.7,4663370.5],[563451.9,4663374.3],[563471.1,4663376.1],[563478.7,4663374.5],[563488.3,4663370.4],[563495.7,4663370.3],[563502.3,4663371.9],[563516.0,4663381.3],[563524.9,4663395.0],[563531.7,4663401.8],[563550.8,4663414.8],[563558.1,4663422.7],[563564.0,4663435.9],[563576.0,4663452.4],[563584.4,4663457.7],[563587.5,4663478.1],[563590.0,4663486.4],[563607.2,4663514.9],[563625.4,4663531.7],[563644.9,4663547.1],[563675.3,4663562.4],[563696.8,4663577.8],[563714.5,4663584.6],[563726.6,4663593.1],[563739.0,4663597.3],[563750.4,4663604.6],[563771.2,4663612.2],[563790.4,4663626.3],[563798.5,4663637.4],[563822.1,4663653.9],[563839.9,4663674.1],[563857.2,4663690.4],[563875.0,4663703.0],[563881.4,4663715.5],[563883.3,4663729.4],[563893.5,4663739.9],[563905.5,4663746.9],[563916.2,4663755.2],[563926.1,4663772.3],[563937.6,4663785.9],[563954.7,4663799.6],[563968.5,4663801.9],[563986.1,4663811.7],[564001.5,4663825.5],[564013.4,4663841.5],[564017.2,4663850.4],[564021.0,4663853.8],[564026.5,4663854.6],[564043.0,4663851.3],[564057.0,4663854.6],[564071.0,4663854.3],[564093.9,4663855.8],[564124.6,4663861.9],[564148.4,4663868.5],[564165.9,4663873.0],[564183.3,4663884.5],[564204.2,4663902.4],[564217.9,4663911.2],[564235.6,4663932.1],[564262.8,4663949.2],[564270.0,4663957.1],[564272.2,4663966.9],[564277.5,4663979.3],[564280.7,4663982.9],[564285.5,4663984.0],[564296.6,4663984.4],[564306.1,4663986.9],[564316.6,4663991.0],[564326.9,4664000.7],[564332.7,4664008.6],[564346.8,4664017.3],[564361.9,4664022.8],[564370.7,4664033.8],[564378.9,4664049.5],[564387.5,4664059.8],[564394.6,4664063.9],[564404.7,4664066.1],[564418.0,4664074.3],[564427.7,4664091.0],[564435.0,4664099.6],[564448.2,4664117.7],[564457.7,4664130.7],[564466.7,4664152.0],[564475.1,4664176.8],[564481.0,4664184.7],[564490.1,4664189.3],[564497.8,4664190.2],[564506.9,4664197.6],[564517.6,4664200.6],[564528.6,4664201.8],[564544.5,4664213.6],[564553.5,4664221.7],[564561.1,4664231.6],[564569.7,4664251.0],[564579.0,4664267.5],[564584.0,4664282.4],[564588.6,4664297.7],[564591.3,4664319.8],[564594.5,4664335.0],[564600.2,4664345.1],[564619.5,4664358.8],[564634.0,4664373.4],[564644.8,4664386.4],[564656.1,4664397.4],[564669.2,4664404.2],[564677.0,4664410.2],[564681.0,4664417.0],[564679.8,4664430.6],[564681.6,4664448.8],[564681.3,4664462.3],[564682.3,4664469.1],[564685.3,4664473.6],[564691.9,4664476.4],[564702.5,4664476.7],[564709.8,4664482.6],[564712.4,4664492.6],[564710.1,4664502.0],[564705.6,4664508.6],[564706.1,4664515.0],[564713.5,4664519.5],[564722.8,4664521.7],[564732.8,4664526.7],[564742.2,4664537.4],[564759.6,4664538.0],[564785.2,4664557.1],[564793.1,4664566.9],[564797.2,4664586.9],[564797.6,4664617.0],[564806.5,4664627.2],[564835.5,4664645.2],[564847.7,4664653.3],[564857.3,4664661.5],[564867.6,4664675.2],[564873.0,4664678.5],[564880.5,4664677.8],[564891.8,4664673.3],[564901.9,4664672.4],[564914.3,4664679.8],[564933.5,4664692.5],[564937.3,4664698.3],[564939.5,4664708.9],[564948.0,4664727.6],[564959.9,4664739.5],[564975.8,4664748.6],[564993.5,4664753.2]]},"properties":{"kind":"trail","name":"Warner Creek Trail","osmId":891706467}},{"type":"Feature","geometry":{"type":"LineString","coordinates":[[570128.5,4669486.9],[570142.0,4669480.6],[570149.6,4669477.7],[570157.1,4669476.7],[570165.0,4669478.3],[570170.3,4669480.3],[570174.2,4669483.9],[570175.6,4669488.7],[570175.2,4669495.4],[570173.3,4669499.5],[570172.2,4669501.9],[570168.5,4669504.4],[570156.5,4669510.6],[570145.5,4669516.0]]},"properties":{"kind":"road","name":null,"osmId":894822504}},{"type":"Feature","geometry":{"type":"LineString","coordinates":[[570174.2,4669483.9],[570184.2,4669481.5],[570190.4,4669484.3],[570191.9,4669489.0],[570190.3,4669494.1],[570186.8,4669497.5],[570182.2,4669499.2],[570173.3,4669499.5]]},"properties":{"kind":"road","name":null,"osmId":894822505}},{"type":"Feature","geometry":{"type":"LineString","coordinates":[[570802.3,4670881.8],[570816.5,4670876.9],[570836.6,4670871.2],[570843.9,4670867.8],[570846.3,4670864.5],[570847.2,4670856.7]]},"properties":{"kind":"road","name":null,"osmId":896650103}},{"type":"Feature","geometry":{"type":"LineString","coordinates":[[570376.9,4671888.5],[570378.8,4671895.5],[570380.0,4671900.0],[570382.2,4671906.8],[570384.3,4671912.2],[570387.3,4671914.1],[570390.5,4671912.5],[570393.6,4671908.9],[570399.2,4671897.8],[570402.1,4671892.0]]},"properties":{"kind":"road","name":null,"osmId":902911947}},{"type":"Feature","geometry":{"type":"LineString","coordinates":[[570387.3,4671914.1],[570389.1,4671925.6],[570388.8,4671934.0],[570388.6,4671954.8],[570390.4,4671961.4],[570394.4,4671973.6],[570401.8,4671991.8],[570407.0,4672012.6],[570406.9,4672022.8],[570406.7,4672044.9],[570407.0,4672051.5],[570404.3,4672055.0],[570397.0,4672057.9],[570374.8,4672058.4]]},"properties":{"kind":"road","name":null,"osmId":902911948}},{"type":"Feature","geometry":{"type":"LineString","coordinates":[[570167.9,4670594.8],[570171.6,4670592.1],[570173.7,4670589.2],[570177.0,4670583.7],[570179.9,4670577.4],[570181.8,4670574.1],[570185.8,4670569.7],[570216.1,4670537.8]]},"properties":{"kind":"road","name":null,"osmId":907688022}},{"type":"Feature","geometry":{"type":"LineString","coordinates":[[562456.0,4674018.1],[562533.5,4673991.9],[562554.8,4673975.5],[562568.3,4673954.1],[562594.6,4673866.2],[562623.6,4673827.7],[562683.4,4673787.6],[562697.6,4673767.8],[562710.8,4673707.1],[562724.4,4673668.7],[562729.7,4673626.8],[562719.9,4673566.7],[562703.4,4673520.6]]},"properties":{"kind":"road","name":"Hunter North Access Road","osmId":909115023}},{"type":"Feature","geometry":{"type":"LineString","coordinates":[[562782.1,4673415.2],[562730.1,4673416.7]]},"properties":{"kind":"trail","name":null,"osmId":909115038}},{"type":"Feature","geometry":{"type":"LineString","coordinates":[[562730.1,4673416.7],[562709.8,4673422.5],[562686.6,4673423.9],[562672.1,4673428.5],[562625.4,4673464.1]]},"properties":{"kind":"trail","name":null,"osmId":909115039}},{"type":"Feature","geometry":{"type":"LineString","coordinates":[[564940.9,4672989.8],[564937.4,4672987.3],[564936.2,4672985.8],[564933.8,4672982.9],[564931.3,4672977.3],[564930.7,4672972.9],[564929.9,4672967.1],[564929.5,4672948.8],[564928.1,4672938.1],[564925.4,4672927.4],[564923.5,4672921.7],[564921.9,4672916.6],[564918.2,4672907.5],[564914.3,4672900.9],[564913.4,4672899.3],[564903.2,4672884.0],[564897.5,4672878.2]]},"properties":{"kind":"road","name":null,"osmId":913281046}},{"type":"Feature","geometry":{"type":"LineString","coordinates":[[564838.5,4672906.1],[564897.5,4672878.2]]},"properties":{"kind":"road","name":null,"osmId":913281047}},{"type":"Feature","geometry":{"type":"LineString","coordinates":[[565524.4,4672197.0],[565537.6,4672234.3],[565540.7,4672243.3]]},"properties":{"kind":"road","name":null,"osmId":938780905}},{"type":"Feature","geometry":{"type":"LineString","coordinates":[[565621.5,4672164.4],[565618.0,4672174.7],[565615.4,4672181.0],[565613.3,4672185.6],[565609.1,4672191.7],[565601.3,4672200.7],[565586.2,4672212.3]]},"properties":{"kind":"road","name":null,"osmId":938780906}},{"type":"Feature","geometry":{"type":"LineString","coordinates":[[565503.8,4672204.2],[565502.5,4672213.2],[565501.8,4672219.5],[565501.2,4672227.9],[565500.6,4672233.1]]},"properties":{"kind":"road","name":null,"osmId":938780907}},{"type":"Feature","geometry":{"type":"LineString","coordinates":[[565091.6,4665371.2],[565095.1,4665361.8],[565103.7,4665354.2],[565114.8,4665348.3],[565124.6,4665346.9],[565134.7,4665348.4],[565146.0,4665350.7],[565164.4,4665349.0],[565173.9,4665346.0],[565176.6,4665342.7]]},"properties":{"kind":"road","name":"Notch Inn Road","osmId":943021732}},{"type":"Feature","geometry":{"type":"LineString","coordinates":[[565560.4,4667095.9],[565575.6,4667090.3]]},"properties":{"kind":"stream","name":null,"osmId":943319506}},{"type":"Feature","geometry":{"type":"LineString","coordinates":[[565538.7,4667094.2],[565560.4,4667095.9]]},"properties":{"kind":"stream","name":null,"osmId":943319507}},{"type":"Feature","geometry":{"type":"LineString","coordinates":[[561902.9,4664520.0],[561902.5,4664535.6],[561906.0,4664556.4],[561905.9,4664567.0],[561900.5,4664579.1],[561898.4,4664589.0],[561899.4,4664595.7],[561901.5,4664600.2],[561910.0,4664608.2],[561927.0,4664620.4]]},"properties":{"kind":"road","name":null,"osmId":943319512}},{"type":"Feature","geometry":{"type":"LineString","coordinates":[[562345.2,4664473.7],[562349.2,4664444.5]]},"properties":{"kind":"road","name":"Wright Road","osmId":943319513}},{"type":"Feature","geometry":{"type":"LineString","coordinates":[[562340.8,4664503.3],[562345.2,4664473.7]]},"properties":{"kind":"road","name":"Wright Road","osmId":943319514}},{"type":"Feature","geometry":{"type":"LineString","coordinates":[[562962.8,4664682.7],[562966.2,4664663.2],[562952.9,4664635.8],[562943.9,4664611.8]]},"properties":{"kind":"stream","name":null,"osmId":943319515}},{"type":"Feature","geometry":{"type":"LineString","coordinates":[[562954.3,4664696.8],[562962.8,4664682.7]]},"properties":{"kind":"stream","name":null,"osmId":943319516}},{"type":"Feature","geometry":{"type":"LineString","coordinates":[[563303.3,4664769.6],[563313.1,4664765.7],[563319.5,4664763.2]]},"properties":{"kind":"road","name":"Benjamin Road","osmId":943319517}},{"type":"Feature","geometry":{"type":"LineString","coordinates":[[563277.1,4664778.0],[563303.3,4664769.6]]},"properties":{"kind":"road","name":"Benjamin Road","osmId":943319518}},{"type":"Feature","geometry":{"type":"LineString","coordinates":[[563763.1,4665072.5],[563766.6,4665095.9],[563770.0,4665109.3],[563780.3,4665132.3]]},"properties":{"kind":"road","name":null,"osmId":943319519}},{"type":"Feature","geometry":{"type":"LineString","coordinates":[[563778.9,4665085.6],[563763.1,4665072.5],[563755.4,4665067.9],[563735.1,4665066.0],[563717.5,4665067.6],[563703.1,4665073.1]]},"properties":{"kind":"road","name":null,"osmId":943319520}},{"type":"Feature","geometry":{"type":"LineString","coordinates":[[563524.4,4664896.4],[563510.2,4664871.4],[563513.2,4664860.7],[563496.1,4664848.1]]},"properties":{"kind":"stream","name":"Myrtle Brook","osmId":943319521}},{"type":"Feature","geometry":{"type":"LineString","coordinates":[[563548.8,4664927.9],[563524.4,4664896.4]]},"properties":{"kind":"stream","name":"Myrtle Brook","osmId":943319522}},{"type":"Feature","geometry":{"type":"LineString","coordinates":[[561614.6,4664621.6],[561618.9,4664626.6],[561650.1,4664641.0]]},"properties":{"kind":"road","name":null,"osmId":943319523}},{"type":"Feature","geometry":{"type":"LineString","coordinates":[[564116.9,4665086.1],[564113.3,4665078.6],[564090.9,4665060.0]]},"properties":{"kind":"road","name":null,"osmId":943326146}},{"type":"Feature","geometry":{"type":"LineString","coordinates":[[564061.5,4665133.3],[564067.9,4665126.8],[564080.5,4665121.9]]},"properties":{"kind":"road","name":null,"osmId":943326147}},{"type":"Feature","geometry":{"type":"LineString","coordinates":[[564105.3,4665137.7],[564109.4,4665134.0],[564111.8,4665128.1]]},"properties":{"kind":"road","name":null,"osmId":943326148}},{"type":"Feature","geometry":{"type":"LineString","coordinates":[[564114.1,4665091.9],[564116.9,4665086.1],[564124.2,4665085.5]]},"properties":{"kind":"road","name":null,"osmId":943326149}},{"type":"Feature","geometry":{"type":"LineString","coordinates":[[564110.3,4665105.4],[564114.1,4665091.9]]},"properties":{"kind":"road","name":null,"osmId":943326150}},{"type":"Feature","geometry":{"type":"LineString","coordinates":[[564102.4,4665146.8],[564105.3,4665137.7],[564104.8,4665131.3],[564105.8,4665121.0],[564110.3,4665105.4]]},"properties":{"kind":"road","name":null,"osmId":943326151}},{"type":"Feature","geometry":{"type":"LineString","coordinates":[[565177.8,4663595.6],[565186.4,4663634.2],[565187.9,4663644.5],[565186.9,4663661.9],[565183.5,4663676.4],[565172.0,4663691.1],[565146.0,4663714.4],[565124.4,4663740.9],[565083.4,4663767.3]]},"properties":{"kind":"trail","name":null,"osmId":943379971}},{"type":"Feature","geometry":{"type":"LineString","coordinates":[[565083.4,4663767.3],[565081.6,4663783.3],[565066.4,4663843.3],[565056.1,4663867.2],[565048.2,4663890.1],[565041.6,4663940.3],[565046.5,4663967.8]]},"properties":{"kind":"trail","name":null,"osmId":943379972}},{"type":"Feature","geometry":{"type":"LineString","coordinates":[[565083.4,4663767.3],[565070.3,4663769.4],[565054.9,4663765.6],[565034.3,4663756.6],[565012.7,4663749.4],[564997.1,4663750.2],[564972.0,4663766.7],[564959.5,4663779.2],[564947.3,4663802.7]]},"properties":{"kind":"trail","name":null,"osmId":943379973}},{"type":"Feature","geometry":{"type":"LineString","coordinates":[[570234.8,4669666.7],[570219.9,4669670.2],[570199.4,4669679.0],[570173.8,4669689.2],[570161.8,4669697.9],[570153.5,4669711.0],[570138.8,4669732.5],[570130.4,4669743.5],[570114.2,4669759.6],[570090.8,4669776.1],[570076.7,4669785.6],[570062.5,4669800.7],[570054.5,4669813.4],[570053.0,4669823.3],[570051.7,4669834.3],[570048.7,4669840.8],[570038.1,4669850.4]]},"properties":{"kind":"road","name":null,"osmId":947695154}},{"type":"Feature","geometry":{"type":"LineString","coordinates":[[571207.5,4671414.5],[571217.2,4671450.1],[571218.3,4671455.1],[571218.4,4671459.0],[571217.5,4671467.4]]},"properties":{"kind":"road","name":null,"osmId":952370579}},{"type":"Feature","geometry":{"type":"LineString","coordinates":[[566576.1,4673362.2],[566591.4,4673365.2],[566598.0,4673367.5],[566602.6,4673370.5],[566606.2,4673374.9],[566609.1,4673379.7],[566617.2,4673394.5],[566624.5,4673405.1],[566631.6,4673411.9],[566638.7,4673415.1],[566646.1,4673415.1],[566652.1,4673411.9],[566657.5,4673406.9],[566664.2,4673397.2],[566669.0,4673389.8],[566672.7,4673385.8],[566676.6,4673383.9],[566680.2,4673383.5],[566686.3,4673383.6]]},"properties":{"kind":"road","name":null,"osmId":954551780}},{"type":"Feature","geometry":{"type":"LineString","coordinates":[[563156.8,4664710.1],[563159.4,4664686.3]]},"properties":{"kind":"road","name":null,"osmId":955391279}},{"type":"Feature","geometry":{"type":"LineString","coordinates":[[563156.5,4664727.0],[563156.8,4664710.1]]},"properties":{"kind":"road","name":null,"osmId":955391280}},{"type":"Feature","geometry":{"type":"LineString","coordinates":[[566934.6,4672291.4],[566926.9,4672272.7],[566913.5,4672244.1],[566891.0,4672206.8],[566880.7,4672186.5],[566876.6,4672173.5],[566876.4,4672160.6],[566883.4,4672145.1],[566887.7,4672134.8],[566888.9,4672126.6],[566884.6,4672110.8],[566888.5,4672100.9],[566909.1,4672092.5]]},"properties":{"kind":"road","name":null,"osmId":955824213}},{"type":"Feature","geometry":{"type":"LineString","coordinates":[[571343.1,4671780.9],[571341.2,4671773.5],[571339.0,4671759.5],[571337.6,4671751.9],[571336.5,4671748.1],[571334.7,4671744.1],[571331.7,4671740.5],[571328.2,4671737.6],[571323.5,4671735.1],[571317.6,4671733.3],[571310.4,4671731.7],[571299.7,4671730.2],[571282.4,4671729.4],[571273.5,4671729.5],[571270.5,4671729.9],[571267.5,4671731.4],[571266.2,4671733.7],[571265.6,4671736.2],[571265.5,4671742.9]]},"properties":{"kind":"road","name":null,"osmId":962450633}},{"type":"Feature","geometry":{"type":"LineString","coordinates":[[571147.0,4671839.5],[571147.8,4671834.8],[571153.5,4671797.3],[571158.9,4671758.2],[571163.4,4671725.8],[571164.4,4671723.4],[571165.9,4671722.0],[571168.5,4671720.9],[571171.0,4671720.5],[571175.6,4671720.7],[571189.2,4671720.9],[571198.5,4671721.4]]},"properties":{"kind":"road","name":null,"osmId":962450634}},{"type":"Feature","geometry":{"type":"LineString","coordinates":[[571159.3,4671937.5],[571152.9,4671942.6],[571149.3,4671946.6],[571147.2,4671950.9],[571145.7,4671957.9],[571145.3,4671967.5],[571143.1,4671993.0],[571142.0,4672027.5],[571141.9,4672037.5],[571142.9,4672043.4],[571145.8,4672047.6],[571153.7,4672050.9],[571173.1,4672056.3],[571191.1,4672059.4],[571208.8,4672060.7],[571214.8,4672060.0],[571221.6,4672058.2],[571228.5,4672055.3],[571232.1,4672053.2],[571236.3,4672050.2],[571240.1,4672045.1],[571243.2,4672036.9],[571248.0,4672015.9],[571253.9,4671984.8],[571255.0,4671976.0],[571255.2,4671971.4],[571254.8,4671967.6],[571253.1,4671962.0],[571248.9,4671952.1]]},"properties":{"kind":"road","name":null,"osmId":962450635}},{"type":"Feature","geometry":{"type":"LineString","coordinates":[[571236.3,4672050.2],[571256.0,4672053.7],[571271.6,4672056.9],[571274.3,4672057.4],[571284.9,4672061.6],[571296.7,4672066.4],[571311.4,4672070.5],[571317.7,4672070.9],[571324.0,4672069.7],[571330.7,4672067.7],[571358.4,4672061.6],[571365.0,4672059.6],[571374.7,4672055.2],[571383.1,4672046.6],[571397.4,4672031.9]]},"properties":{"kind":"road","name":null,"osmId":962450636}},{"type":"Feature","geometry":{"type":"LineString","coordinates":[[571236.3,4672050.2],[571234.0,4672059.2],[571233.2,4672061.6],[571234.8,4672064.1],[571236.4,4672066.3],[571238.4,4672067.8],[571242.5,4672069.5],[571246.5,4672070.0]]},"properties":{"kind":"road","name":null,"osmId":962450637}},{"type":"Feature","geometry":{"type":"LineString","coordinates":[[571233.2,4672061.6],[571226.5,4672067.2],[571222.9,4672071.3],[571216.3,4672075.8],[571211.7,4672077.8],[571203.0,4672079.1],[571184.1,4672079.6],[571166.0,4672080.0],[571154.0,4672081.8],[571148.6,4672083.8],[571144.0,4672086.6],[571140.8,4672089.4],[571139.2,4672091.6],[571136.9,4672096.3]]},"properties":{"kind":"road","name":null,"osmId":962450638}},{"type":"Feature","geometry":{"type":"LineString","coordinates":[[571271.6,4672056.9],[571266.4,4672075.9]]},"properties":{"kind":"road","name":null,"osmId":962450639}},{"type":"Feature","geometry":{"type":"LineString","coordinates":[[570845.1,4671436.6],[570838.1,4671434.0],[570813.4,4671431.5],[570771.0,4671427.1]]},"properties":{"kind":"road","name":null,"osmId":962479665}},{"type":"Feature","geometry":{"type":"LineString","coordinates":[[570976.3,4671824.3],[570976.8,4671819.5],[570978.9,4671799.7],[570981.4,4671784.9],[570988.7,4671776.6],[570994.1,4671769.7],[570994.1,4671764.3],[570990.9,4671762.7],[570986.8,4671762.9],[570981.8,4671767.0],[570980.7,4671773.8],[570981.4,4671784.9]]},"properties":{"kind":"road","name":null,"osmId":962479666}},{"type":"Feature","geometry":{"type":"LineString","coordinates":[[571079.2,4671831.3],[571079.6,4671826.9],[571084.8,4671777.0],[571093.0,4671703.1],[571095.0,4671678.3],[571094.5,4671671.7],[571092.2,4671668.0],[571086.9,4671665.3]]},"properties":{"kind":"road","name":null,"osmId":962479667}},{"type":"Feature","geometry":{"type":"LineString","coordinates":[[570979.4,4671824.5],[570978.8,4671830.6],[570973.2,4671888.0],[570970.7,4671897.7],[570967.7,4671903.0],[570964.0,4671906.4],[570951.7,4671910.5],[570946.3,4671914.7],[570943.7,4671917.8],[570940.5,4671928.5],[570939.0,4671937.1],[570939.8,4671965.1],[570941.0,4672008.7],[570941.8,4672034.2],[570941.2,4672043.2]]},"properties":{"kind":"road","name":null,"osmId":962479668}},{"type":"Feature","geometry":{"type":"LineString","coordinates":[[570906.0,4671820.8],[570905.8,4671826.1],[570904.6,4671849.4],[570902.7,4671885.6],[570897.7,4671937.5],[570892.7,4671990.0],[570891.6,4672001.9]]},"properties":{"kind":"road","name":null,"osmId":962479669}},{"type":"Feature","geometry":{"type":"LineString","coordinates":[[570859.2,4671848.7],[570864.1,4671848.8],[570868.7,4671848.8],[570874.5,4671848.9],[570904.6,4671849.4]]},"properties":{"kind":"road","name":null,"osmId":962479670}},{"type":"Feature","geometry":{"type":"LineString","coordinates":[[570792.9,4671822.7],[570794.1,4671828.9],[570798.2,4671850.8],[570804.9,4671905.4],[570815.9,4671969.6],[570819.1,4671996.6],[570820.9,4672028.2],[570824.2,4672055.4]]},"properties":{"kind":"road","name":null,"osmId":962479671}},{"type":"Feature","geometry":{"type":"LineString","coordinates":[[570012.1,4671781.7],[570010.2,4671787.3],[569998.9,4671821.2],[569989.5,4671850.6],[569984.8,4671863.4],[569981.0,4671871.8],[569970.7,4671883.8],[569951.4,4671894.3],[569926.0,4671906.7],[569914.1,4671914.7],[569910.8,4671919.5],[569905.6,4671926.8],[569903.7,4671934.2],[569906.0,4671959.3],[569906.7,4671978.3],[569905.7,4671990.9],[569904.6,4672001.7],[569904.5,4672021.3],[569908.5,4672035.5],[569914.2,4672044.0],[569916.5,4672046.7],[569921.0,4672049.5],[569927.9,4672050.8],[569930.5,4672050.7],[569935.4,4672049.5],[569938.0,4672047.2],[569938.8,4672043.7]]},"properties":{"kind":"road","name":null,"osmId":962488856}},{"type":"Feature","geometry":{"type":"LineString","coordinates":[[570218.1,4671849.0],[570222.4,4671829.0],[570225.0,4671821.7],[570229.1,4671812.9],[570229.5,4671807.1],[570227.2,4671790.9],[570227.0,4671784.3],[570227.4,4671779.8],[570232.4,4671764.2]]},"properties":{"kind":"road","name":null,"osmId":962488857}},{"type":"Feature","geometry":{"type":"LineString","coordinates":[[570448.8,4672021.4],[570456.6,4672020.9],[570466.9,4672021.4],[570483.1,4672023.0]]},"properties":{"kind":"road","name":null,"osmId":962488858}},{"type":"Feature","geometry":{"type":"LineString","coordinates":[[570489.7,4673525.7],[570472.7,4673518.6],[570447.7,4673510.4],[570424.7,4673505.6],[570416.9,4673504.2],[570406.7,4673505.5],[570401.2,4673508.9],[570394.3,4673516.1],[570389.2,4673520.5],[570385.3,4673523.5],[570378.3,4673524.5],[570369.1,4673524.4],[570337.8,4673524.0],[570329.6,4673524.6],[570322.4,4673525.7],[570312.2,4673530.4],[570299.4,4673534.9],[570290.9,4673534.1],[570276.4,4673530.6],[570267.4,4673528.3],[570251.4,4673526.7],[570238.0,4673521.0]]},"properties":{"kind":"road","name":null,"osmId":962802679}},{"type":"Feature","geometry":{"type":"LineString","coordinates":[[570529.2,4673638.7],[570539.0,4673638.7],[570546.5,4673640.6],[570553.9,4673646.8],[570558.6,4673653.3],[570567.9,4673669.2],[570569.4,4673671.2],[570574.7,4673678.3],[570580.5,4673684.0],[570584.4,4673686.3],[570589.8,4673687.7],[570595.7,4673687.0],[570599.2,4673682.4],[570598.7,4673677.3],[570595.6,4673673.5],[570591.6,4673671.4],[570582.6,4673670.7],[570575.3,4673671.4],[570569.4,4673671.2]]},"properties":{"kind":"road","name":null,"osmId":962802680}},{"type":"Feature","geometry":{"type":"LineString","coordinates":[[570464.5,4673747.6],[570462.2,4673738.6],[570461.3,4673736.9],[570454.5,4673724.0],[570448.4,4673707.1],[570448.3,4673698.9],[570452.1,4673692.3],[570457.6,4673688.2],[570463.3,4673686.3],[570470.5,4673689.1],[570473.9,4673696.6],[570474.6,4673702.3],[570467.0,4673723.8],[570461.3,4673736.9]]},"properties":{"kind":"road","name":null,"osmId":962802681}},{"type":"Feature","geometry":{"type":"LineString","coordinates":[[570364.3,4673809.4],[570353.6,4673811.1],[570344.0,4673815.3],[570330.1,4673822.8],[570319.7,4673824.5],[570311.4,4673822.5],[570304.3,4673818.0],[570301.0,4673813.8],[570298.7,4673809.5],[570296.9,4673802.0],[570294.7,4673792.9]]},"properties":{"kind":"road","name":null,"osmId":962802682}},{"type":"Feature","geometry":{"type":"LineString","coordinates":[[570172.2,4671552.3],[570170.6,4671513.0],[570166.2,4671486.0]]},"properties":{"kind":"road","name":null,"osmId":963850220}},{"type":"Feature","geometry":{"type":"LineString","coordinates":[[570384.2,4671524.9],[570400.8,4671504.3],[570414.6,4671487.5],[570431.7,4671462.5],[570441.5,4671445.8],[570448.3,4671435.9],[570454.4,4671431.5],[570458.3,4671429.8],[570467.9,4671427.5]]},"properties":{"kind":"road","name":null,"osmId":963850221}},{"type":"Feature","geometry":{"type":"LineString","coordinates":[[571206.3,4671153.2],[571218.6,4671150.8],[571227.8,4671146.5],[571236.8,4671140.7],[571243.6,4671140.6],[571256.1,4671144.9],[571286.7,4671155.2]]},"properties":{"kind":"road","name":null,"osmId":964560726}},{"type":"Feature","geometry":{"type":"LineString","coordinates":[[571083.8,4671162.8],[571093.8,4671116.2]]},"properties":{"kind":"road","name":null,"osmId":964560727}},{"type":"Feature","geometry":{"type":"LineString","coordinates":[[565712.0,4672280.6],[565705.8,4672284.5],[565693.0,4672299.7],[565671.1,4672323.9],[565657.8,4672324.1],[565647.1,4672325.9],[565640.0,4672327.8],[565631.4,4672331.8],[565618.7,4672339.5],[565603.7,4672350.8],[565593.0,4672361.1],[565584.0,4672372.9]]},"properties":{"kind":"road","name":null,"osmId":964926112}},{"type":"Feature","geometry":{"type":"LineString","coordinates":[[565515.5,4672354.8],[565524.0,4672353.0],[565532.4,4672350.3],[565547.7,4672345.7],[565553.5,4672344.0]]},"properties":{"kind":"road","name":null,"osmId":964926113}},{"type":"Feature","geometry":{"type":"LineString","coordinates":[[565639.1,4672382.0],[565639.9,4672393.4],[565639.6,4672399.1],[565638.5,4672406.5],[565635.6,4672411.2],[565628.8,4672417.7],[565613.1,4672429.5]]},"properties":{"kind":"road","name":null,"osmId":964926114}},{"type":"Feature","geometry":{"type":"LineString","coordinates":[[565557.5,4672552.7],[565547.9,4672556.3],[565513.0,4672572.6]]},"properties":{"kind":"road","name":null,"osmId":964926115}},{"type":"Feature","geometry":{"type":"LineString","coordinates":[[565560.4,4672543.5],[565545.9,4672537.9],[565535.4,4672535.9],[565527.0,4672536.2],[565512.8,4672538.4],[565487.6,4672543.6]]},"properties":{"kind":"road","name":null,"osmId":964926116}},{"type":"Feature","geometry":{"type":"LineString","coordinates":[[571887.8,4669992.5],[571874.9,4669999.0],[571855.9,4670010.3],[571844.0,4670020.3],[571836.3,4670024.4],[571804.5,4670033.1],[571794.1,4670034.7],[571784.5,4670034.1],[571772.0,4670029.3],[571734.5,4670013.4],[571728.7,4670009.9],[571726.1,4670004.6],[571725.1,4670000.0],[571727.4,4669990.9],[571740.9,4669965.4],[571748.5,4669952.4],[571760.3,4669936.7],[571768.4,4669927.6],[571776.1,4669921.5],[571788.0,4669915.4],[571813.4,4669905.6],[571844.2,4669893.7]]},"properties":{"kind":"road","name":null,"osmId":964948487}},{"type":"Feature","geometry":{"type":"LineString","coordinates":[[570573.6,4670855.4],[570586.5,4670837.6],[570608.2,4670810.2],[570618.0,4670795.3]]},"properties":{"kind":"road","name":null,"osmId":965485017}},{"type":"Feature","geometry":{"type":"LineString","coordinates":[[567311.4,4672500.5],[567320.4,4672493.9],[567376.8,4672456.6],[567380.7,4672452.4],[567382.5,4672449.0],[567383.9,4672440.8],[567383.9,4672439.2],[567383.6,4672434.0],[567381.8,4672429.1],[567378.9,4672424.1],[567374.4,4672420.4],[567367.7,4672417.1],[567362.1,4672416.6],[567358.3,4672417.1],[567353.9,4672418.3],[567350.0,4672420.6],[567341.3,4672430.2],[567326.6,4672446.8],[567316.9,4672454.5],[567300.4,4672467.1],[567291.0,4672474.0]]},"properties":{"kind":"road","name":null,"osmId":965499741}},{"type":"Feature","geometry":{"type":"LineString","coordinates":[[569656.9,4668663.1],[569661.4,4668645.1],[569664.3,4668637.3],[569668.0,4668631.7],[569673.4,4668627.4],[569693.3,4668614.1],[569705.0,4668604.2],[569723.6,4668585.3],[569748.1,4668560.6],[569764.0,4668545.1],[569777.8,4668529.7],[569789.2,4668518.9],[569800.2,4668511.5],[569809.4,4668507.9],[569819.5,4668507.3],[569828.1,4668508.9],[569838.3,4668513.6],[569855.1,4668525.4],[569858.9,4668526.6],[569862.7,4668526.3],[569866.5,4668524.7],[569888.4,4668510.0],[569891.4,4668507.1],[569895.6,4668499.7]]},"properties":{"kind":"road","name":null,"osmId":965519855}},{"type":"Feature","geometry":{"type":"LineString","coordinates":[[569689.8,4668496.1],[569702.4,4668502.1],[569705.7,4668503.7],[569713.7,4668507.7],[569716.6,4668511.9],[569717.4,4668516.5],[569715.7,4668520.1],[569712.1,4668520.9],[569708.5,4668519.6],[569706.2,4668514.5],[569705.7,4668503.7]]},"properties":{"kind":"road","name":null,"osmId":965519856}},{"type":"Feature","geometry":{"type":"LineString","coordinates":[[559618.3,4670540.5],[559624.2,4670530.3],[559635.1,4670518.4],[559640.7,4670508.2],[559643.4,4670498.0],[559640.9,4670488.6],[559638.7,4670482.3],[559631.8,4670474.5],[559624.9,4670474.0],[559619.4,4670477.1]]},"properties":{"kind":"road","name":null,"osmId":965613793}},{"type":"Feature","geometry":{"type":"LineString","coordinates":[[559681.8,4670555.2],[559685.9,4670542.5],[559689.4,4670526.8],[559692.4,4670503.9],[559693.8,4670490.8]]},"properties":{"kind":"road","name":null,"osmId":965613794}},{"type":"Feature","geometry":{"type":"LineString","coordinates":[[564639.5,4673616.4],[564633.3,4673610.4],[564616.6,4673594.1],[564613.8,4673591.8],[564611.3,4673591.2],[564607.9,4673591.1],[564600.0,4673592.9]]},"properties":{"kind":"road","name":null,"osmId":965654262}},{"type":"Feature","geometry":{"type":"LineString","coordinates":[[564800.9,4673466.2],[564805.3,4673470.9],[564813.7,4673479.8],[564828.3,4673496.5],[564835.8,4673507.9],[564837.5,4673513.7],[564837.8,4673519.1],[564837.0,4673524.2],[564835.6,4673528.7]]},"properties":{"kind":"road","name":null,"osmId":965654263}},{"type":"Feature","geometry":{"type":"LineString","coordinates":[[564702.0,4673748.7],[564690.1,4673759.7],[564665.9,4673784.2]]},"properties":{"kind":"road","name":null,"osmId":965654264}},{"type":"Feature","geometry":{"type":"LineString","coordinates":[[570296.2,4672387.1],[570265.4,4672382.4],[570219.9,4672374.4],[570194.8,4672374.1],[570164.5,4672381.8],[570130.4,4672393.5],[570119.1,4672404.1],[570109.2,4672421.0],[570099.9,4672448.5],[570087.5,4672464.8],[570071.3,4672474.3],[570056.1,4672474.0],[570045.4,4672468.2]]},"properties":{"kind":"road","name":null,"osmId":965685974}},{"type":"Feature","geometry":{"type":"LineString","coordinates":[[570913.2,4673175.4],[570901.0,4673162.5],[570890.2,4673147.1],[570828.9,4673021.8]]},"properties":{"kind":"road","name":null,"osmId":965790257}},{"type":"Feature","geometry":{"type":"LineString","coordinates":[[566652.3,4672446.9],[566656.1,4672457.2],[566667.3,4672477.1],[566679.5,4672498.1],[566687.1,4672513.8],[566691.0,4672523.3],[566694.0,4672534.3],[566695.9,4672546.3],[566695.8,4672554.1],[566693.9,4672563.3]]},"properties":{"kind":"road","name":null,"osmId":965936347}},{"type":"Feature","geometry":{"type":"LineString","coordinates":[[566592.9,4672520.5],[566613.6,4672516.2],[566623.2,4672512.2],[566631.5,4672505.9],[566636.5,4672500.5],[566641.8,4672494.9],[566645.8,4672488.9],[566651.2,4672475.6],[566656.1,4672457.2]]},"properties":{"kind":"road","name":null,"osmId":965936348}},{"type":"Feature","geometry":{"type":"LineString","coordinates":[[566703.9,4672365.6],[566715.3,4672373.2],[566729.1,4672381.0],[566746.4,4672390.5],[566755.6,4672396.2],[566760.6,4672398.2],[566766.6,4672398.5],[566780.0,4672393.4],[566801.6,4672383.0],[566805.8,4672379.5],[566808.1,4672376.1],[566810.6,4672370.6],[566811.0,4672362.5],[566809.0,4672347.7],[566807.5,4672335.5]]},"properties":{"kind":"road","name":null,"osmId":965936349}},{"type":"Feature","geometry":{"type":"LineString","coordinates":[[566693.8,4672368.3],[566706.8,4672401.3],[566728.9,4672464.2],[566740.4,4672492.5]]},"properties":{"kind":"road","name":null,"osmId":965936350}},{"type":"Feature","geometry":{"type":"LineString","coordinates":[[567653.3,4671553.9],[567638.7,4671573.1],[567612.8,4671599.1],[567622.3,4671606.2],[567629.7,4671607.8],[567652.3,4671608.8],[567669.3,4671613.2],[567679.2,4671619.2],[567686.6,4671626.0],[567692.0,4671634.4],[567694.3,4671642.7],[567694.7,4671648.8],[567692.7,4671657.6],[567690.5,4671663.0],[567683.0,4671670.8],[567633.3,4671691.1],[567625.7,4671693.3],[567612.7,4671694.4],[567597.7,4671692.7],[567580.3,4671684.6]]},"properties":{"kind":"road","name":null,"osmId":965996156}},{"type":"Feature","geometry":{"type":"LineString","coordinates":[[567521.3,4671518.8],[567585.3,4671574.5],[567602.0,4671591.2],[567612.8,4671599.1]]},"properties":{"kind":"road","name":null,"osmId":965996157}},{"type":"Feature","geometry":{"type":"LineString","coordinates":[[567794.8,4671698.0],[567818.0,4671678.1]]},"properties":{"kind":"road","name":null,"osmId":965996158}},{"type":"Feature","geometry":{"type":"LineString","coordinates":[[566610.0,4670793.5],[566593.9,4670799.8],[566580.4,4670805.7],[566562.1,4670815.6],[566554.7,4670817.5],[566541.5,4670812.2],[566527.4,4670803.9],[566515.3,4670792.9],[566508.0,4670781.2],[566502.3,4670767.3]]},"properties":{"kind":"road","name":null,"osmId":966181968}},{"type":"Feature","geometry":{"type":"LineString","coordinates":[[565710.7,4673773.3],[565731.7,4673739.7],[565735.0,4673731.7],[565734.4,4673723.9],[565732.2,4673714.6]]},"properties":{"kind":"road","name":null,"osmId":966659741}},{"type":"Feature","geometry":{"type":"LineString","coordinates":[[565657.2,4673618.4],[565690.7,4673644.6],[565695.5,4673647.1],[565701.2,4673649.2],[565703.7,4673648.2]]},"properties":{"kind":"road","name":null,"osmId":966659742}},{"type":"Feature","geometry":{"type":"LineString","coordinates":[[568424.4,4672562.4],[568404.2,4672526.2],[568371.6,4672464.6],[568368.2,4672455.5],[568365.3,4672442.5],[568360.2,4672422.7],[568360.3,4672419.4],[568361.5,4672416.7],[568364.8,4672413.2],[568369.0,4672411.8],[568372.6,4672413.3],[568375.8,4672417.5],[568378.4,4672423.8],[568378.2,4672427.8],[568376.6,4672431.6],[568374.1,4672434.9],[568365.3,4672442.5]]},"properties":{"kind":"road","name":null,"osmId":966666041}},{"type":"Feature","geometry":{"type":"LineString","coordinates":[[565760.6,4672703.8],[565767.7,4672696.3],[565775.3,4672689.9],[565783.0,4672684.9],[565794.6,4672679.4],[565806.5,4672676.1],[565818.1,4672675.0]]},"properties":{"kind":"road","name":null,"osmId":966671439}},{"type":"Feature","geometry":{"type":"LineString","coordinates":[[565878.1,4672833.3],[565882.8,4672839.7],[565886.6,4672844.8],[565913.1,4672888.3],[565937.5,4672927.7],[565939.3,4672933.7],[565937.9,4672939.2],[565937.3,4672945.3],[565939.7,4672950.6],[565955.5,4672969.5],[565969.4,4672984.5]]},"properties":{"kind":"road","name":null,"osmId":966671440}},{"type":"Feature","geometry":{"type":"LineString","coordinates":[[567618.9,4672534.8],[567622.1,4672544.7],[567624.5,4672552.8],[567633.1,4672584.6]]},"properties":{"kind":"road","name":null,"osmId":967421812}},{"type":"Feature","geometry":{"type":"LineString","coordinates":[[562005.7,4664527.2],[562007.2,4664542.1],[562012.6,4664552.3],[562016.8,4664563.8],[562020.8,4664574.8],[562026.4,4664583.4]]},"properties":{"kind":"road","name":null,"osmId":967423185}},{"type":"Feature","geometry":{"type":"LineString","coordinates":[[571277.5,4670504.7],[571269.7,4670506.8],[571264.1,4670507.4],[571258.8,4670506.8],[571252.5,4670505.0],[571242.3,4670499.4],[571234.5,4670492.6],[571224.3,4670486.7],[571195.5,4670475.4]]},"properties":{"kind":"road","name":null,"osmId":967464324}},{"type":"Feature","geometry":{"type":"LineString","coordinates":[[571274.4,4670644.2],[571287.2,4670646.3],[571303.2,4670647.6],[571334.3,4670648.6],[571341.3,4670647.4],[571345.9,4670642.4],[571347.1,4670633.9],[571345.2,4670624.6],[571340.5,4670615.4],[571333.5,4670609.0],[571324.0,4670605.1],[571305.0,4670601.3],[571287.3,4670598.4],[571274.0,4670595.8]]},"properties":{"kind":"road","name":null,"osmId":967464325}},{"type":"Feature","geometry":{"type":"LineString","coordinates":[[561340.1,4664578.4],[561374.7,4664591.1],[561400.3,4664598.5],[561421.4,4664603.6],[561442.1,4664607.6],[561463.3,4664610.4],[561490.1,4664612.0],[561513.1,4664612.0],[561532.4,4664611.0],[561549.7,4664609.2],[561571.9,4664605.5],[561592.8,4664600.6],[561616.3,4664594.2],[561663.7,4664579.4],[561754.7,4664549.2],[561793.5,4664537.2],[561807.6,4664533.5],[561823.1,4664529.8],[561844.7,4664525.6],[561865.5,4664522.9],[561892.6,4664520.4],[561902.9,4664520.0],[561927.8,4664519.9],[561958.8,4664521.8],[562005.7,4664527.2],[562172.8,4664546.8],[562199.9,4664549.3],[562227.7,4664551.1],[562254.1,4664551.5],[562294.1,4664552.4],[562328.8,4664553.7],[562361.1,4664555.9],[562434.9,4664563.5],[562466.4,4664565.8],[562481.3,4664566.3],[562504.7,4664566.7],[562542.7,4664564.8],[562575.0,4664562.4],[562603.6,4664560.7],[562633.4,4664560.1],[562660.3,4664560.7],[562680.7,4664563.0],[562695.7,4664565.3],[562722.2,4664570.5],[562746.5,4664577.4],[562765.6,4664584.2],[562787.0,4664593.2],[562803.3,4664601.0],[562829.1,4664614.9],[562846.1,4664624.3],[562893.8,4664652.3],[562944.4,4664682.0],[562975.6,4664699.5],[562985.0,4664704.4],[563025.1,4664722.1],[563151.0,4664770.9],[563203.2,4664791.2],[563221.8,4664798.6],[563240.3,4664807.2],[563258.8,4664815.8],[563288.4,4664831.3],[563324.7,4664851.0],[563359.6,4664869.0],[563373.8,4664875.2],[563390.7,4664881.9],[563413.3,4664889.7],[563433.2,4664895.0],[563451.6,4664899.0],[563477.6,4664903.4],[563521.9,4664910.1],[563552.5,4664916.3],[563582.3,4664924.3],[563594.8,4664928.4],[563644.5,4664949.1],[563725.5,4664985.5],[563793.9,4665018.7],[563828.1,4665034.4],[563856.1,4665047.3],[563928.6,4665081.6],[563985.5,4665106.2],[564022.2,4665120.2],[564061.5,4665133.3],[564102.4,4665146.8],[564135.5,4665157.9],[564141.9,4665160.5],[564168.4,4665171.4],[564195.8,4665184.4],[564226.4,4665200.7],[564263.1,4665221.0],[564312.5,4665247.6],[564384.6,4665281.0],[564438.0,4665305.5],[564523.8,4665345.4],[564580.9,4665371.8],[564643.3,4665400.7],[564675.8,4665416.9],[564694.8,4665427.7],[564721.4,4665444.2],[564858.6,4665535.7],[564866.4,4665540.8],[564943.3,4665592.7],[564969.9,4665612.0],[564991.2,4665629.8],[565008.6,4665646.5],[565024.1,4665663.8],[565038.1,4665681.4],[565054.7,4665705.8],[565061.8,4665718.0],[565071.1,4665735.5],[565079.2,4665752.8],[565083.4,4665763.3],[565085.8,4665769.8],[565092.4,4665790.1],[565098.1,4665814.8],[565101.6,4665836.5],[565103.7,4665854.5],[565105.8,4665877.7],[565110.0,4665925.8],[565112.9,4665950.0],[565117.2,4665970.8],[565121.9,4665990.7],[565129.2,4666011.5],[565131.3,4666016.0],[565137.9,4666029.8],[565144.2,4666041.7],[565152.3,4666057.0],[565168.0,4666085.4],[565215.3,4666159.9],[565229.8,4666184.3],[565242.5,4666209.8],[565252.8,4666231.6],[565259.5,4666249.5],[565263.0,4666264.0],[565270.1,4666305.3],[565272.1,4666331.1],[565272.5,4666334.2],[565278.5,4666382.1],[565279.2,4666385.3],[565287.1,4666418.9],[565292.0,4666435.1],[565299.9,4666457.9],[565321.0,4666506.6],[565329.8,4666529.2],[565345.8,4666573.6],[565353.0,4666597.9],[565358.0,4666622.0],[565363.9,4666645.9],[565367.4,4666662.2],[565372.2,4666678.5],[565379.7,4666700.8],[565394.4,4666735.7],[565405.9,4666759.8],[565426.3,4666810.8],[565442.7,4666846.8],[565443.9,4666849.3],[565473.1,4666917.8],[565509.3,4667005.5],[565531.6,4667061.1],[565557.9,4667124.8],[565575.9,4667174.9],[565586.2,4667205.2],[565598.5,4667241.4],[565620.2,4667301.6],[565635.3,4667346.6],[565645.3,4667378.2],[565652.4,4667404.6],[565658.4,4667436.2],[565662.3,4667473.7],[565664.8,4667507.5],[565667.2,4667536.6],[565668.9,4667548.3],[565674.3,4667572.8],[565678.2,4667587.4],[565684.0,4667604.5],[565692.2,4667625.2],[565697.6,4667637.8],[565707.7,4667657.6],[565718.4,4667675.4],[565729.8,4667692.5],[565754.0,4667722.1],[565778.1,4667748.1],[565795.8,4667766.0],[565808.9,4667779.9],[565817.9,4667790.8],[565825.9,4667801.6],[565835.0,4667815.0],[565843.3,4667829.8],[565847.2,4667837.3],[565857.1,4667857.9],[565864.3,4667877.9],[565871.4,4667902.3],[565876.8,4667929.5],[565885.1,4667987.2],[565894.2,4668049.9],[565900.6,4668092.7],[565904.4,4668112.8],[565913.9,4668157.8],[565931.5,4668241.6],[565939.9,4668285.0],[565945.8,4668327.0],[565961.7,4668410.9],[565967.6,4668434.9],[565975.4,4668466.2],[565989.9,4668517.3],[566009.1,4668579.8],[566026.0,4668631.7],[566060.5,4668752.3],[566070.2,4668789.4],[566079.2,4668833.1],[566087.6,4668881.6],[566090.8,4668908.5],[566102.4,4669027.1],[566117.5,4669160.3],[566159.2,4669501.4],[566161.7,4669520.5],[566175.0,4669601.3],[566193.7,4669675.1],[566199.6,4669701.6],[566203.6,4669721.7],[566206.5,4669742.4],[566208.3,4669760.3],[566208.9,4669788.9],[566208.3,4669841.7],[566209.9,4669874.6],[566212.8,4669895.8],[566216.2,4669914.4],[566219.3,4669928.7],[566225.0,4669945.2],[566231.0,4669962.1],[566237.0,4669976.0],[566245.3,4669992.9],[566281.7,4670054.4],[566289.7,4670070.4],[566296.3,4670084.4],[566305.0,4670105.2],[566309.2,4670119.6],[566311.1,4670125.5],[566315.9,4670141.5],[566320.3,4670171.7],[566321.1,4670180.8],[566321.5,4670185.7],[566333.4,4670249.9],[566337.3,4670267.3],[566345.8,4670297.7],[566352.8,4670316.3],[566358.9,4670331.3],[566370.5,4670357.6],[566384.2,4670384.5],[566404.0,4670416.9],[566468.3,4670505.7],[566543.7,4670609.0]]},"properties":{"kind":"road","name":"State Route 214","osmId":967601473}},{"type":"Feature","geometry":{"type":"LineString","coordinates":[[570421.3,4669846.7],[570446.9,4669832.3],[570460.0,4669826.7],[570473.7,4669817.2]]},"properties":{"kind":"road","name":null,"osmId":967730955}},{"type":"Feature","geometry":{"type":"LineString","coordinates":[[570421.3,4669846.7],[570416.5,4669851.1],[570400.8,4669857.3],[570368.1,4669866.9]]},"properties":{"kind":"road","name":null,"osmId":967730956}},{"type":"Feature","geometry":{"type":"LineString","coordinates":[[566251.4,4671948.8],[566337.0,4672029.3]]},"properties":{"kind":"road","name":null,"osmId":968785259}},{"type":"Feature","geometry":{"type":"LineString","coordinates":[[566023.0,4672567.6],[566037.6,4672587.8],[566055.4,4672613.3],[566063.4,4672636.8],[566090.4,4672667.9],[566100.4,4672679.4]]},"properties":{"kind":"road","name":null,"osmId":968805311}},{"type":"Feature","geometry":{"type":"LineString","coordinates":[[566066.1,4672703.1],[566066.7,4672688.2],[566072.5,4672675.5],[566078.4,4672670.3],[566090.4,4672667.9]]},"properties":{"kind":"road","name":null,"osmId":968805312}},{"type":"Feature","geometry":{"type":"LineString","coordinates":[[566102.6,4672678.0],[566117.1,4672688.2],[566139.0,4672718.8],[566163.0,4672759.0],[566185.0,4672815.9],[566190.7,4672871.5],[566198.2,4672899.0],[566211.8,4672915.0],[566220.2,4672921.5]]},"properties":{"kind":"road","name":null,"osmId":968805313}},{"type":"Feature","geometry":{"type":"LineString","coordinates":[[568018.5,4671494.7],[568019.1,4671473.7],[568018.0,4671441.2],[568017.2,4671418.2],[568012.6,4671410.9],[568009.1,4671406.8],[567994.8,4671406.4],[567984.9,4671406.4]]},"properties":{"kind":"road","name":null,"osmId":968811064}},{"type":"Feature","geometry":{"type":"LineString","coordinates":[[566679.3,4671213.4],[566668.8,4671205.6],[566655.6,4671190.3],[566652.1,4671185.6],[566636.1,4671164.2],[566624.8,4671152.3],[566614.2,4671146.9],[566607.7,4671145.7],[566593.7,4671145.0],[566571.5,4671147.3],[566556.3,4671148.8],[566547.0,4671148.4],[566539.4,4671146.6],[566533.1,4671143.2],[566527.6,4671137.0],[566522.8,4671125.3],[566517.1,4671095.7],[566510.4,4671077.2]]},"properties":{"kind":"road","name":null,"osmId":969219108}},{"type":"Feature","geometry":{"type":"LineString","coordinates":[[566597.0,4671195.5],[566623.3,4671192.8],[566641.7,4671188.1],[566652.1,4671185.6]]},"properties":{"kind":"road","name":null,"osmId":969219109}},{"type":"Feature","geometry":{"type":"LineString","coordinates":[[566691.4,4673342.1],[566698.7,4673341.1],[566707.5,4673340.2],[566713.0,4673337.7],[566715.3,4673337.3],[566717.2,4673338.6],[566717.9,4673343.5],[566718.6,4673351.8],[566718.5,4673356.4],[566715.6,4673361.7],[566714.5,4673366.6],[566708.9,4673382.2],[566703.4,4673393.0],[566699.8,4673403.1],[566698.0,4673414.0],[566698.2,4673421.3],[566700.5,4673426.7],[566715.3,4673431.5]]},"properties":{"kind":"road","name":null,"osmId":969708687}},{"type":"Feature","geometry":{"type":"LineString","coordinates":[[569664.1,4672113.4],[569667.1,4672127.7],[569671.2,4672144.2],[569673.4,4672150.1],[569677.7,4672161.4],[569682.2,4672171.1],[569685.5,4672172.7],[569690.3,4672171.4],[569693.1,4672166.3],[569692.4,4672156.5],[569690.3,4672148.8],[569687.3,4672145.4],[569681.9,4672145.8],[569676.9,4672148.2],[569673.4,4672150.1]]},"properties":{"kind":"road","name":null,"osmId":969737305}},{"type":"Feature","geometry":{"type":"LineString","coordinates":[[569746.3,4672052.7],[569757.7,4672065.0],[569766.3,4672072.6],[569772.4,4672080.6],[569779.4,4672093.5],[569783.6,4672101.8],[569785.1,4672108.3],[569786.1,4672113.4],[569784.3,4672118.3]]},"properties":{"kind":"road","name":null,"osmId":969737306}},{"type":"Feature","geometry":{"type":"LineString","coordinates":[[565083.4,4665763.3],[565071.4,4665765.0],[565061.2,4665763.5],[565051.0,4665752.2],[565044.1,4665741.7],[565036.4,4665735.9],[565019.5,4665732.7],[565009.1,4665729.2],[564998.5,4665721.1],[564989.0,4665715.5],[564986.1,4665711.6]]},"properties":{"kind":"road","name":null,"osmId":969812057}},{"type":"Feature","geometry":{"type":"LineString","coordinates":[[570278.5,4672169.6],[570258.2,4672185.5],[570248.2,4672196.5],[570240.8,4672208.8],[570238.1,4672217.2],[570236.3,4672228.3],[570234.3,4672236.1],[570231.1,4672243.9],[570225.8,4672243.7],[570219.7,4672244.5],[570209.2,4672246.9],[570204.1,4672250.0],[570202.0,4672254.5],[570203.3,4672258.8],[570206.2,4672262.2],[570211.7,4672264.8],[570218.9,4672266.4],[570227.3,4672267.3],[570231.4,4672266.3],[570233.7,4672263.9],[570235.6,4672259.9],[570235.4,4672254.0],[570234.2,4672250.4],[570231.1,4672243.9]]},"properties":{"kind":"road","name":null,"osmId":969964029}},{"type":"Feature","geometry":{"type":"LineString","coordinates":[[571580.3,4668693.8],[571587.6,4668694.1],[571598.4,4668694.2],[571613.1,4668690.5],[571626.6,4668688.7],[571637.8,4668690.0],[571648.7,4668696.6],[571657.1,4668706.3],[571662.2,4668712.2],[571670.1,4668720.4],[571673.4,4668724.2]]},"properties":{"kind":"road","name":null,"osmId":970022098}},{"type":"Feature","geometry":{"type":"LineString","coordinates":[[571724.2,4668566.8],[571742.3,4668573.9],[571772.8,4668592.2],[571808.6,4668634.6],[571821.6,4668651.1],[571836.0,4668663.2]]},"properties":{"kind":"road","name":null,"osmId":970022099}},{"type":"Feature","geometry":{"type":"LineString","coordinates":[[569565.8,4668599.4],[569566.9,4668580.2],[569570.2,4668569.3],[569584.1,4668556.3],[569619.2,4668529.1],[569630.6,4668519.2],[569638.1,4668515.7],[569645.7,4668515.8],[569651.9,4668520.1],[569652.9,4668525.8],[569649.2,4668533.5]]},"properties":{"kind":"trail","name":null,"osmId":970047777}},{"type":"Feature","geometry":{"type":"LineString","coordinates":[[569630.6,4668519.2],[569624.3,4668516.7],[569608.7,4668518.8],[569579.4,4668528.6],[569559.7,4668529.5],[569533.2,4668528.5],[569515.9,4668530.8],[569505.5,4668538.2],[569494.4,4668545.3],[569485.9,4668547.3]]},"properties":{"kind":"trail","name":null,"osmId":970047778}},{"type":"Feature","geometry":{"type":"LineString","coordinates":[[570081.9,4667234.1],[570099.9,4667214.1],[570132.7,4667181.0],[570158.7,4667153.6],[570170.6,4667144.5],[570176.6,4667143.7],[570181.2,4667145.9],[570191.6,4667159.4],[570202.3,4667173.7],[570206.6,4667186.5],[570212.1,4667203.4],[570215.9,4667219.2],[570229.8,4667247.5],[570236.3,4667260.5],[570242.4,4667275.8],[570247.4,4667291.0],[570249.7,4667302.2]]},"properties":{"kind":"road","name":null,"osmId":970833719}},{"type":"Feature","geometry":{"type":"LineString","coordinates":[[565399.2,4673598.4],[565404.3,4673614.0],[565405.0,4673623.8],[565402.8,4673629.5],[565393.8,4673640.5],[565362.1,4673670.8],[565343.0,4673696.4],[565335.4,4673711.1],[565336.7,4673720.3],[565339.8,4673723.9],[565346.5,4673724.1],[565362.9,4673721.3],[565370.2,4673720.9],[565382.5,4673727.0]]},"properties":{"kind":"road","name":null,"osmId":970833974}},{"type":"Feature","geometry":{"type":"LineString","coordinates":[[566247.5,4672777.4],[566251.2,4672769.7],[566254.5,4672767.1],[566261.4,4672765.7],[566269.3,4672767.2],[566286.7,4672774.0]]},"properties":{"kind":"road","name":null,"osmId":970834227}},{"type":"Feature","geometry":{"type":"LineString","coordinates":[[562765.6,4664584.2],[562775.3,4664575.9],[562793.1,4664573.0],[562809.4,4664569.2],[562818.1,4664562.8],[562821.2,4664556.3],[562821.7,4664549.3],[562819.1,4664542.6],[562810.4,4664533.6],[562804.0,4664526.5]]},"properties":{"kind":"road","name":null,"osmId":970843261}},{"type":"Feature","geometry":{"type":"LineString","coordinates":[[562975.6,4664699.5],[562996.0,4664668.9]]},"properties":{"kind":"road","name":null,"osmId":970843262}},{"type":"Feature","geometry":{"type":"LineString","coordinates":[[564141.9,4665160.5],[564129.0,4665192.1]]},"properties":{"kind":"road","name":null,"osmId":970844053}},{"type":"Feature","geometry":{"type":"LineString","coordinates":[[564523.8,4665345.4],[564518.1,4665356.9],[564509.7,4665375.2],[564501.7,4665388.2],[564490.1,4665399.6],[564479.0,4665411.0],[564472.2,4665419.5],[564466.3,4665438.1],[564458.6,4665458.3],[564448.2,4665467.1],[564445.6,4665468.1],[564440.5,4665470.1],[564431.0,4665469.8],[564425.2,4665466.4]]},"properties":{"kind":"road","name":null,"osmId":970844248}},{"type":"Feature","geometry":{"type":"LineString","coordinates":[[570160.3,4670216.9],[570157.9,4670231.8],[570156.8,4670242.7],[570163.9,4670256.0],[570182.3,4670286.2],[570200.4,4670305.7]]},"properties":{"kind":"road","name":null,"osmId":970854938}},{"type":"Feature","geometry":{"type":"LineString","coordinates":[[571075.2,4669211.5],[571086.0,4669228.3],[571105.6,4669252.5],[571116.5,4669262.6],[571123.2,4669265.5],[571130.5,4669265.8],[571145.4,4669265.4]]},"properties":{"kind":"road","name":null,"osmId":971164443}},{"type":"Feature","geometry":{"type":"LineString","coordinates":[[566315.9,4670141.5],[566300.9,4670144.3],[566293.8,4670149.1],[566271.3,4670177.6],[566265.0,4670182.7],[566258.7,4670183.2],[566228.7,4670179.3],[566211.4,4670181.0],[566183.5,4670191.1],[566163.9,4670202.8],[566138.8,4670223.2],[566134.5,4670232.7],[566133.4,4670241.0],[566137.0,4670268.2],[566143.2,4670289.8]]},"properties":{"kind":"road","name":null,"osmId":974280431}},{"type":"Feature","geometry":{"type":"LineString","coordinates":[[566233.2,4670126.3],[566309.2,4670119.6]]},"properties":{"kind":"road","name":null,"osmId":974280432}},{"type":"Feature","geometry":{"type":"LineString","coordinates":[[571645.8,4671632.1],[571637.5,4671639.3],[571605.2,4671680.4]]},"properties":{"kind":"road","name":null,"osmId":978334623}},{"type":"Feature","geometry":{"type":"LineString","coordinates":[[571538.5,4671600.5],[571523.7,4671594.2],[571509.7,4671586.3],[571502.4,4671579.1],[571503.6,4671575.5],[571508.5,4671569.2],[571514.5,4671560.7],[571516.2,4671555.2],[571515.1,4671546.9],[571519.7,4671539.9],[571529.4,4671531.7]]},"properties":{"kind":"road","name":null,"osmId":978334624}},{"type":"Feature","geometry":{"type":"LineString","coordinates":[[571253.9,4673409.4],[571285.1,4673400.5],[571347.6,4673392.6],[571415.1,4673383.0],[571437.1,4673380.1],[571451.3,4673389.4],[571459.2,4673406.7],[571460.6,4673426.7],[571456.3,4673439.2]]},"properties":{"kind":"road","name":null,"osmId":978334694}},{"type":"Feature","geometry":{"type":"LineString","coordinates":[[570144.5,4670862.7],[570112.4,4670919.5]]},"properties":{"kind":"road","name":null,"osmId":980771050}},{"type":"Feature","geometry":{"type":"LineString","coordinates":[[569352.4,4672337.5],[569347.0,4672348.3],[569341.8,4672358.2],[569335.4,4672368.9],[569330.4,4672379.2],[569328.2,4672385.8],[569326.6,4672394.3],[569325.7,4672403.5],[569325.8,4672413.0],[569326.5,4672424.9],[569327.8,4672430.3]]},"properties":{"kind":"road","name":null,"osmId":980771870}},{"type":"Feature","geometry":{"type":"LineString","coordinates":[[571455.3,4672213.0],[571446.2,4672214.6],[571432.8,4672216.9],[571395.4,4672220.8],[571320.6,4672230.2],[571275.0,4672238.7],[571191.5,4672240.5],[571171.8,4672246.4],[571155.6,4672259.1],[571137.2,4672274.3],[571115.3,4672283.3],[571036.9,4672310.1],[570965.7,4672329.8],[570794.0,4672366.2],[570683.1,4672389.4],[570624.4,4672406.1],[570592.5,4672422.5],[570559.8,4672449.4],[570532.0,4672479.5],[570491.9,4672533.0]]},"properties":{"kind":"road","name":null,"osmId":980772614}},{"type":"Feature","geometry":{"type":"LineString","coordinates":[[569294.3,4672038.5],[569300.1,4672054.9],[569308.3,4672065.7],[569320.0,4672070.4],[569333.3,4672070.2],[569343.1,4672064.6],[569349.1,4672057.8]]},"properties":{"kind":"road","name":null,"osmId":980853216}},{"type":"Feature","geometry":{"type":"LineString","coordinates":[[569304.2,4671474.4],[569299.3,4671504.4],[569297.8,4671533.5],[569293.6,4671558.8],[569287.4,4671595.8],[569284.4,4671617.0]]},"properties":{"kind":"road","name":null,"osmId":980853217}},{"type":"Feature","geometry":{"type":"LineString","coordinates":[[569348.8,4671986.5],[569329.3,4671983.1],[569305.6,4671987.1],[569296.8,4671984.0],[569279.4,4671964.9]]},"properties":{"kind":"road","name":null,"osmId":980853218}},{"type":"Feature","geometry":{"type":"LineString","coordinates":[[563007.4,4664656.9],[563013.4,4664639.3]]},"properties":{"kind":"road","name":null,"osmId":983602552}},{"type":"Feature","geometry":{"type":"LineString","coordinates":[[562996.0,4664668.9],[563007.4,4664656.9]]},"properties":{"kind":"road","name":null,"osmId":983602553}},{"type":"Feature","geometry":{"type":"LineString","coordinates":[[567016.5,4670665.2],[567019.8,4670673.7],[567022.3,4670677.3],[567026.6,4670680.5],[567031.4,4670682.1],[567038.0,4670683.4],[567044.2,4670683.6],[567047.8,4670685.7],[567050.8,4670689.1],[567057.0,4670697.9]]},"properties":{"kind":"road","name":null,"osmId":1000835115}},{"type":"Feature","geometry":{"type":"LineString","coordinates":[[568171.3,4670958.4],[568142.6,4670959.4],[568121.7,4670956.6],[568091.7,4670953.8],[568077.8,4670957.4],[568066.5,4670963.6],[568025.7,4671011.5],[568016.0,4671019.6]]},"properties":{"kind":"trail","name":null,"osmId":1000835116}},{"type":"Feature","geometry":{"type":"LineString","coordinates":[[567346.3,4671336.0],[567338.7,4671346.3],[567322.8,4671360.0]]},"properties":{"kind":"road","name":null,"osmId":1000835117}},{"type":"Feature","geometry":{"type":"LineString","coordinates":[[567253.0,4671174.7],[567244.4,4671168.2]]},"properties":{"kind":"road","name":null,"osmId":1000835118}},{"type":"Feature","geometry":{"type":"LineString","coordinates":[[567287.5,4671307.8],[567288.3,4671295.2],[567283.4,4671263.6],[567284.5,4671236.8],[567287.4,4671216.9],[567289.8,4671208.8],[567290.8,4671201.3],[567287.8,4671193.1],[567281.0,4671184.2],[567273.5,4671177.9],[567262.7,4671171.6],[567257.2,4671172.0],[567253.0,4671174.7],[567254.0,4671187.1],[567260.2,4671212.1],[567269.1,4671256.5],[567270.8,4671278.5],[567269.2,4671289.5],[567266.8,4671299.5]]},"properties":{"kind":"road","name":null,"osmId":1000835119}},{"type":"Feature","geometry":{"type":"LineString","coordinates":[[566998.2,4671194.7],[566991.6,4671205.7],[566987.8,4671217.6],[566985.9,4671230.1],[566988.1,4671245.4],[566991.5,4671254.4],[567000.4,4671264.7],[567008.9,4671270.1],[567013.5,4671276.5],[567013.9,4671282.8],[567011.1,4671290.0],[566986.3,4671326.8],[566982.4,4671334.6],[566980.6,4671345.0],[566982.3,4671366.0],[566987.2,4671407.9],[566991.2,4671418.6],[567002.9,4671443.6],[567007.6,4671457.2],[567010.8,4671481.0],[567013.0,4671495.3],[567021.1,4671510.4],[567026.8,4671518.6],[567028.3,4671523.3],[567026.6,4671530.2],[567018.1,4671536.2],[567006.4,4671545.1],[567000.6,4671553.0],[566996.6,4671567.8],[566993.6,4671585.7],[566984.1,4671603.5],[566975.0,4671613.2],[566960.7,4671618.3],[566954.8,4671616.5],[566950.7,4671612.1],[566949.6,4671596.6]]},"properties":{"kind":"road","name":null,"osmId":1000835120}},{"type":"Feature","geometry":{"type":"LineString","coordinates":[[567177.1,4670516.8],[567170.7,4670485.0],[567171.1,4670480.8],[567173.2,4670476.3],[567180.2,4670473.3]]},"properties":{"kind":"road","name":null,"osmId":1000837313}},{"type":"Feature","geometry":{"type":"LineString","coordinates":[[567293.2,4670612.7],[567305.0,4670613.9],[567335.0,4670627.0],[567353.6,4670631.9],[567358.2,4670635.7],[567363.8,4670649.5],[567367.2,4670655.5],[567372.6,4670659.9],[567380.0,4670663.2],[567388.3,4670662.8],[567396.6,4670659.7],[567399.4,4670655.5]]},"properties":{"kind":"road","name":null,"osmId":1000837314}},{"type":"Feature","geometry":{"type":"LineString","coordinates":[[566973.9,4670275.0],[566978.0,4670269.1],[567034.5,4670236.1]]},"properties":{"kind":"road","name":null,"osmId":1000837315}},{"type":"Feature","geometry":{"type":"LineString","coordinates":[[566973.9,4670275.0],[566955.7,4670269.9],[566941.8,4670263.4],[566926.9,4670248.4],[566892.6,4670208.2],[566873.0,4670189.0]]},"properties":{"kind":"trail","name":null,"osmId":1000837316}},{"type":"Feature","geometry":{"type":"LineString","coordinates":[[566884.7,4670458.6],[566867.6,4670449.4],[566848.7,4670441.6],[566836.0,4670434.3],[566820.3,4670418.9],[566812.6,4670415.1],[566795.2,4670411.8]]},"properties":{"kind":"road","name":null,"osmId":1000837317}},{"type":"Feature","geometry":{"type":"LineString","coordinates":[[566976.5,4670458.0],[566949.7,4670440.2],[566927.3,4670425.2],[566919.3,4670418.2],[566914.5,4670412.0],[566912.7,4670406.5],[566913.8,4670400.6],[566918.2,4670394.6],[566924.8,4670391.0],[566954.4,4670383.8],[566978.3,4670375.1],[567029.6,4670353.9],[567046.8,4670344.0],[567061.2,4670332.8],[567093.3,4670306.3],[567106.3,4670294.6],[567108.4,4670290.1],[567107.3,4670287.2],[567104.5,4670285.3],[567100.3,4670285.2],[567088.9,4670289.8],[567064.6,4670302.2],[567053.3,4670305.1],[567043.3,4670305.8],[567034.1,4670304.1],[566988.8,4670285.5],[566980.6,4670280.6],[566973.9,4670275.0]]},"properties":{"kind":"road","name":null,"osmId":1000837318}},{"type":"Feature","geometry":{"type":"LineString","coordinates":[[570150.1,4671830.3],[570148.4,4671836.3],[570143.2,4671855.0]]},"properties":{"kind":"road","name":null,"osmId":1002103658}},{"type":"Feature","geometry":{"type":"LineString","coordinates":[[570132.4,4671825.1],[570130.7,4671830.9],[570125.4,4671850.1]]},"properties":{"kind":"road","name":null,"osmId":1002103659}},{"type":"Feature","geometry":{"type":"LineString","coordinates":[[570112.7,4671818.9],[570111.1,4671824.8],[570105.6,4671844.7],[570125.4,4671850.1],[570143.2,4671855.0],[570216.9,4671875.3]]},"properties":{"kind":"road","name":null,"osmId":1002103660}},{"type":"Feature","geometry":{"type":"LineString","coordinates":[[570208.3,4671915.6],[570264.9,4671931.2]]},"properties":{"kind":"road","name":null,"osmId":1002103661}},{"type":"Feature","geometry":{"type":"LineString","coordinates":[[570213.1,4671897.0],[570268.3,4671912.2]]},"properties":{"kind":"road","name":null,"osmId":1002103662}},{"type":"Feature","geometry":{"type":"LineString","coordinates":[[570261.8,4671948.0],[570203.9,4671932.7]]},"properties":{"kind":"road","name":null,"osmId":1002103663}},{"type":"Feature","geometry":{"type":"LineString","coordinates":[[570256.3,4671967.6],[570198.5,4671952.0]]},"properties":{"kind":"road","name":null,"osmId":1002103664}},{"type":"Feature","geometry":{"type":"LineString","coordinates":[[570251.3,4671985.4],[570193.6,4671969.5]]},"properties":{"kind":"road","name":null,"osmId":1002103665}},{"type":"Feature","geometry":{"type":"LineString","coordinates":[[570217.6,4671879.4],[570266.8,4671892.9],[570270.0,4671895.6],[570270.7,4671899.3],[570268.3,4671912.2],[570264.9,4671931.2],[570261.8,4671948.0]]},"properties":{"kind":"road","name":null,"osmId":1002103666}},{"type":"Feature","geometry":{"type":"Polygon","coordinates":[[[564404.1,4673737.8],[564399.4,4673747.5],[564396.1,4673753.4],[564389.9,4673760.4],[564383.7,4673763.7],[564375.8,4673770.2],[564368.7,4673775.8],[564361.9,4673778.8],[564354.4,4673782.9],[564346.0,4673788.7],[564336.8,4673799.0],[564331.2,4673810.1],[564329.1,4673817.4],[564326.6,4673826.5],[564321.9,4673834.8],[564302.1,4673859.0],[564291.5,4673868.3],[564276.7,4673884.0],[564263.1,4673900.8],[564251.7,4673915.5],[564241.8,4673923.3],[564217.7,4673939.6],[564209.7,4673943.3],[564207.3,4673945.5],[564206.1,4673949.5],[564196.5,4673953.0],[564190.7,4673956.3],[564191.6,4673959.2],[564189.2,4673962.0],[564185.1,4673963.2],[564174.6,4673965.0],[564164.0,4673969.2],[564139.9,4673978.5],[564125.7,4673986.3],[564113.7,4673994.3],[564109.8,4673997.1],[564104.3,4673997.3],[564095.8,4674002.9],[564090.8,4674008.4],[564082.1,4674013.5],[564066.0,4674022.5],[564054.2,4674026.7],[564046.5,4674032.3],[564038.3,4674036.1],[564027.2,4674043.6],[564007.5,4674050.8],[563997.6,4674051.7],[563991.6,4674057.1],[563986.5,4674062.6],[563978.3,4674067.5],[563968.2,4674069.1],[563958.4,4674072.6],[563942.8,4674076.5],[563930.8,4674080.0],[563923.6,4674083.0],[563871.7,4674090.7],[563862.1,4674090.8],[563852.1,4674089.8],[563845.4,4674085.8],[563837.1,4674084.1],[563828.5,4674083.0],[563820.5,4674082.5],[563810.3,4674083.5],[563805.6,4674081.2],[563800.0,4674079.4],[563794.0,4674079.0],[563788.4,4674080.7],[563780.1,4674080.2],[563767.9,4674076.5],[563760.2,4674075.0],[563754.6,4674072.9],[563748.9,4674070.3],[563741.2,4674068.7],[563735.1,4674067.7],[563728.5,4674063.6],[563720.4,4674062.5],[563709.8,4674059.4],[563698.0,4674051.1],[563686.3,4674050.0],[563673.6,4674043.7],[563661.4,4674040.6],[563646.6,4674035.4],[563625.3,4674025.3],[563596.7,4674012.1],[563569.0,4673997.1],[563539.9,4673982.1],[563504.8,4673964.8],[563496.0,4673960.9],[563494.0,4673951.8],[563485.7,4673945.6],[563476.3,4673939.2],[563469.5,4673931.5],[563465.0,4673921.8],[563450.9,4673903.6],[563441.8,4673889.0],[563437.2,4673873.5],[563454.4,4673892.4],[563492.1,4673919.8],[563523.7,4673940.4],[563571.8,4673964.5],[563623.0,4673993.2],[563700.1,4674031.4],[563736.4,4674044.7],[563757.5,4674050.4],[563808.2,4674062.5],[563847.5,4674070.8],[563867.1,4674072.5],[563882.9,4674071.6],[563905.3,4674067.2],[563937.6,4674059.9],[563965.5,4674051.2],[563991.7,4674037.6],[564044.3,4674010.7],[564049.0,4674006.4],[564052.7,4674003.1],[564058.7,4674002.4],[564063.9,4674002.4],[564069.1,4674001.0],[564100.3,4673983.6],[564103.7,4673979.7],[564106.3,4673977.0],[564110.0,4673976.3],[564115.4,4673976.2],[564118.9,4673974.2],[564121.9,4673970.7],[564125.1,4673967.2],[564156.0,4673950.1],[564174.4,4673942.4],[564182.6,4673939.5],[564193.5,4673933.9],[564207.7,4673923.5],[564217.6,4673916.2],[564223.0,4673909.1],[564224.0,4673903.5],[564225.7,4673899.1],[564230.4,4673894.6],[564234.8,4673892.9],[564239.7,4673890.6],[564250.0,4673879.2],[564252.6,4673873.9],[564256.3,4673869.9],[564261.7,4673867.0],[564273.3,4673854.6],[564283.2,4673845.2],[564287.2,4673838.4],[564296.0,4673827.6],[564310.8,4673807.7],[564330.4,4673787.6],[564337.5,4673777.1],[564343.7,4673770.5],[564349.9,4673765.0],[564353.8,4673763.6],[564357.9,4673757.0],[564366.2,4673743.8],[564369.4,4673739.4],[564371.8,4673737.9],[564373.1,4673734.3],[564375.0,4673731.5],[564378.9,4673729.9],[564384.6,4673728.1],[564388.6,4673725.9],[564391.2,4673723.4],[564404.1,4673737.8]]]},"properties":{"kind":"lake","name":null,"osmId":1003337110}},{"type":"Feature","geometry":{"type":"Polygon","coordinates":[[[564404.1,4673737.8],[564404.6,4673735.5],[564410.0,4673726.5],[564413.2,4673722.3],[564421.7,4673716.8],[564422.7,4673714.0],[564426.8,4673710.5],[564430.1,4673709.3],[564433.5,4673704.0],[564436.8,4673702.1],[564439.6,4673699.4],[564441.7,4673695.4],[564443.8,4673694.1],[564447.5,4673693.6],[564449.4,4673692.6],[564449.9,4673689.9],[564450.3,4673687.7],[564453.7,4673685.2],[564458.1,4673683.4],[564463.7,4673678.1],[564468.8,4673674.1],[564472.8,4673669.8],[564478.2,4673666.5],[564475.2,4673663.5],[564477.7,4673660.7],[564479.9,4673657.6],[564479.7,4673654.1],[564482.1,4673650.0],[564479.3,4673647.6],[564478.5,4673644.7],[564475.6,4673642.9],[564472.0,4673644.7],[564468.2,4673645.8],[564466.4,4673646.7],[564465.2,4673647.0],[564462.0,4673647.9],[564461.0,4673648.2],[564459.7,4673649.4],[564458.6,4673650.5],[564457.3,4673653.3],[564457.0,4673655.4],[564451.3,4673663.2],[564449.5,4673662.0],[564448.1,4673658.4],[564448.9,4673656.8],[564452.3,4673653.7],[564454.9,4673652.6],[564455.9,4673650.3],[564458.0,4673648.3],[564458.8,4673648.0],[564459.6,4673647.6],[564462.8,4673645.7],[564465.2,4673643.0],[564467.2,4673642.4],[564470.1,4673641.5],[564472.1,4673641.3],[564474.0,4673638.6],[564476.5,4673638.8],[564477.8,4673639.0],[564479.7,4673637.1],[564480.4,4673634.4],[564486.5,4673627.8],[564493.1,4673621.0],[564497.1,4673616.7],[564498.5,4673612.0],[564502.0,4673605.9],[564504.8,4673601.5],[564508.4,4673596.1],[564510.7,4673593.0],[564514.2,4673587.0],[564514.4,4673581.5],[564518.1,4673578.1],[564518.1,4673575.4],[564515.6,4673573.7],[564515.0,4673570.5],[564515.7,4673562.5],[564515.9,4673559.7],[564515.4,4673557.1],[564514.4,4673552.7],[564515.2,4673536.8],[564515.7,4673532.7],[564518.9,4673529.3],[564520.2,4673523.8],[564521.9,4673519.7],[564525.0,4673515.6],[564526.9,4673512.1],[564528.4,4673507.2],[564528.9,4673502.4],[564529.4,4673493.6],[564530.7,4673489.0],[564533.7,4673484.4],[564537.1,4673480.3],[564541.2,4673477.9],[564547.4,4673474.0],[564553.0,4673471.2],[564555.7,4673470.9],[564558.3,4673468.9],[564559.2,4673466.9],[564563.3,4673465.3],[564566.2,4673464.7],[564568.5,4673463.3],[564571.8,4673460.4],[564576.0,4673459.2],[564579.6,4673457.6],[564581.5,4673454.7],[564584.4,4673453.6],[564588.0,4673454.1],[564591.8,4673452.6],[564597.1,4673450.4],[564599.9,4673446.8],[564603.5,4673446.2],[564610.9,4673442.2],[564615.0,4673440.4],[564627.0,4673435.0],[564638.3,4673428.1],[564671.9,4673411.3],[564682.9,4673404.7],[564694.9,4673401.7],[564727.0,4673388.5],[564757.4,4673376.8],[564766.0,4673370.3],[564769.8,4673370.4],[564781.6,4673365.0],[564788.6,4673360.9],[564793.7,4673356.6],[564800.5,4673354.7],[564804.4,4673354.4],[564810.1,4673351.1],[564814.2,4673347.8],[564817.5,4673345.5],[564822.2,4673343.7],[564825.5,4673338.2],[564828.7,4673336.2],[564832.3,4673335.6],[564837.2,4673333.2],[564843.8,4673326.4],[564852.0,4673324.3],[564856.7,4673322.7],[564864.3,4673319.6],[564869.3,4673319.8],[564873.3,4673319.3],[564879.0,4673314.4],[564891.6,4673308.2],[564903.7,4673301.1],[564906.4,4673297.6],[564910.5,4673292.5],[564915.4,4673291.6],[564919.4,4673290.3],[564923.1,4673285.1],[564928.7,4673281.3],[564934.9,4673280.6],[564940.6,4673279.0],[564949.5,4673272.9],[564957.4,4673267.6],[564965.5,4673261.5],[564975.9,4673256.1],[564988.1,4673252.7],[565000.0,4673250.3],[565010.8,4673245.9],[565029.1,4673239.5],[565036.6,4673234.4],[565038.5,4673235.2],[565043.8,4673234.3],[565059.1,4673229.4],[565067.0,4673226.1],[565072.7,4673222.4],[565076.7,4673222.6],[565087.1,4673219.3],[565097.7,4673216.1],[565109.6,4673212.5],[565121.7,4673209.2],[565130.2,4673207.2],[565141.5,4673202.7],[565149.7,4673196.1],[565162.6,4673191.7],[565166.1,4673192.9],[565169.0,4673193.3],[565172.5,4673190.8],[565177.1,4673186.7],[565183.9,4673184.1],[565196.3,4673181.8],[565205.2,4673181.6],[565213.1,4673180.3],[565235.7,4673175.4],[565254.5,4673171.6],[565261.5,4673171.0],[565276.9,4673166.9],[565288.5,4673164.5],[565297.0,4673165.1],[565302.0,4673163.8],[565312.6,4673159.9],[565319.3,4673156.2],[565328.1,4673153.1],[565340.1,4673150.2],[565356.1,4673145.5],[565370.0,4673142.3],[565377.0,4673140.5],[565384.7,4673140.1],[565379.8,4673127.1],[565361.0,4673132.7],[565347.0,4673132.8],[565332.6,4673136.0],[565319.5,4673137.2],[565302.4,4673141.0],[565291.0,4673140.9],[565280.1,4673140.7],[565268.4,4673143.2],[565258.5,4673145.2],[565249.0,4673148.7],[565241.8,4673152.1],[565233.5,4673154.5],[565227.7,4673154.6],[565219.3,4673158.4],[565212.8,4673158.5],[565203.9,4673159.9],[565191.1,4673163.6],[565182.8,4673166.6],[565174.9,4673169.5],[565170.7,4673170.6],[565164.5,4673174.7],[565156.2,4673177.3],[565149.7,4673178.4],[565142.4,4673179.6],[565137.5,4673181.4],[565121.7,4673185.8],[565114.6,4673187.2],[565108.5,4673189.5],[565108.4,4673193.4],[565105.6,4673196.0],[565099.7,4673197.3],[565089.0,4673200.4],[565080.8,4673201.4],[565072.1,4673200.9],[565058.1,4673204.9],[565043.0,4673210.4],[565039.0,4673213.7],[565033.1,4673216.0],[565019.5,4673220.4],[565013.8,4673223.5],[565007.9,4673225.6],[564999.5,4673229.4],[564992.2,4673231.1],[564985.6,4673233.6],[564983.4,4673236.7],[564979.6,4673236.5],[564971.0,4673239.9],[564967.0,4673242.0],[564965.8,4673244.4],[564961.4,4673245.0],[564953.7,4673248.8],[564949.5,4673251.4],[564945.3,4673254.7],[564941.3,4673256.0],[564936.6,4673256.8],[564924.8,4673261.5],[564909.3,4673269.8],[564895.6,4673279.2],[564879.6,4673287.2],[564870.7,4673290.2],[564862.5,4673296.0],[564851.1,4673301.7],[564824.8,4673313.0],[564800.3,4673326.5],[564762.3,4673344.9],[564737.2,4673355.6],[564721.7,4673361.8],[564707.8,4673367.3],[564700.8,4673375.4],[564695.7,4673379.1],[564689.9,4673380.5],[564683.6,4673382.4],[564682.9,4673387.4],[564678.2,4673387.4],[564674.8,4673391.4],[564667.8,4673395.5],[564660.4,4673398.0],[564658.7,4673400.5],[564648.1,4673403.7],[564634.5,4673408.0],[564621.5,4673413.8],[564593.9,4673427.1],[564569.1,4673439.5],[564555.5,4673446.5],[564550.0,4673447.9],[564539.8,4673453.5],[564537.0,4673458.6],[564531.0,4673465.9],[564526.9,4673475.1],[564526.0,4673479.7],[564519.3,4673484.8],[564505.5,4673518.3],[564501.3,4673536.8],[564492.0,4673571.9],[564487.6,4673589.7],[564478.8,4673608.2],[564479.6,4673622.5],[564479.7,4673623.4],[564478.4,4673626.4],[564475.7,4673630.1],[564473.6,4673632.6],[564471.5,4673633.7],[564470.4,4673634.1],[564468.5,4673635.5],[564466.9,4673635.2],[564464.6,4673635.6],[564464.0,4673637.4],[564462.0,4673638.4],[564460.9,4673637.6],[564460.3,4673637.1],[564458.4,4673639.2],[564456.2,4673640.2],[564454.2,4673640.8],[564453.3,4673642.3],[564453.7,4673643.7],[564455.1,4673642.7],[564455.2,4673644.0],[564453.4,4673645.2],[564447.4,4673652.0],[564444.3,4673656.4],[564444.3,4673658.8],[564441.4,4673660.4],[564439.9,4673663.2],[564437.9,4673664.1],[564437.5,4673666.7],[564435.9,4673668.5],[564435.3,4673669.8],[564432.8,4673670.7],[564431.4,4673672.8],[564430.5,4673675.7],[564428.6,4673678.6],[564428.2,4673682.1],[564426.6,4673684.2],[564422.4,4673686.9],[564419.6,4673690.1],[564416.5,4673694.1],[564415.0,4673699.9],[564415.2,4673701.9],[564417.7,4673702.0],[564418.9,4673701.0],[564420.2,4673697.4],[564423.6,4673694.6],[564425.4,4673696.0],[564424.0,4673699.8],[564421.9,4673703.6],[564418.0,4673706.2],[564414.4,4673708.9],[564410.8,4673712.2],[564407.1,4673714.2],[564402.7,4673717.1],[564394.2,4673722.1],[564391.2,4673723.4],[564404.1,4673737.8]]]},"properties":{"kind":"lake","name":null,"osmId":1003337111}},{"type":"Feature","geometry":{"type":"Polygon","coordinates":[[[564478.8,4673608.2],[564475.3,4673615.8],[564471.1,4673621.6],[564468.8,4673625.8],[564466.8,4673630.3],[564465.4,4673633.0],[564464.6,4673635.6],[564466.9,4673635.2],[564467.1,4673632.9],[564468.6,4673630.4],[564470.5,4673629.1],[564472.0,4673626.8],[564474.2,4673624.7],[564476.4,4673623.4],[564477.6,4673622.0],[564478.8,4673621.8],[564479.6,4673622.5],[564478.8,4673608.2]]]},"properties":{"kind":"lake","name":null,"osmId":1003337112}},{"type":"Feature","geometry":{"type":"Polygon","coordinates":[[[564458.8,4673648.0],[564459.5,4673648.2],[564459.7,4673649.4],[564461.0,4673648.2],[564462.0,4673647.9],[564465.2,4673647.0],[564464.2,4673646.0],[564464.7,4673645.2],[564467.2,4673642.4],[564465.2,4673643.0],[564462.8,4673645.7],[564459.6,4673647.6],[564458.8,4673648.0]]]},"properties":{"kind":"lake","name":null,"osmId":1003337113}},{"type":"Feature","geometry":{"type":"LineString","coordinates":[[564491.5,4673611.9],[564484.3,4673614.3],[564476.4,4673618.7],[564471.7,4673623.4],[564467.8,4673630.2],[564466.1,4673633.5],[564465.4,4673637.2],[564464.8,4673640.9]]},"properties":{"kind":"stream","name":null,"osmId":1003337114}},{"type":"Feature","geometry":{"type":"LineString","coordinates":[[564461.6,4673642.6],[564461.5,4673645.1],[564461.8,4673646.9],[564462.0,4673647.9]]},"properties":{"kind":"stream","name":null,"osmId":1003337115}},{"type":"Feature","geometry":{"type":"LineString","coordinates":[[564824.0,4673801.6],[564815.7,4673799.5],[564805.5,4673791.5],[564798.5,4673780.1],[564795.3,4673770.6],[564792.5,4673761.3],[564787.9,4673754.3],[564776.6,4673739.4],[564763.0,4673723.4],[564749.2,4673704.8],[564745.0,4673699.0],[564735.6,4673692.9],[564724.8,4673688.2],[564713.2,4673682.1],[564706.2,4673673.6],[564700.6,4673662.3],[564695.7,4673654.0],[564689.2,4673646.6],[564680.2,4673638.2],[564670.9,4673628.3],[564661.2,4673616.8],[564656.4,4673614.6]]},"properties":{"kind":"stream","name":null,"osmId":1003337125}},{"type":"Feature","geometry":{"type":"LineString","coordinates":[[564638.1,4673603.7],[564607.4,4673573.3],[564605.4,4673572.0],[564603.2,4673572.5],[564580.9,4673596.3],[564572.9,4673604.0],[564565.7,4673610.2],[564556.9,4673613.0],[564546.3,4673614.5],[564532.2,4673614.9],[564523.1,4673614.5],[564513.1,4673612.6],[564494.7,4673607.2]]},"properties":{"kind":"stream","name":null,"osmId":1003337133}},{"type":"Feature","geometry":{"type":"LineString","coordinates":[[564656.4,4673614.6],[564638.1,4673603.7]]},"properties":{"kind":"stream","name":null,"osmId":1003337134}},{"type":"Feature","geometry":{"type":"LineString","coordinates":[[562695.1,4673491.7],[562673.7,4673482.6],[562656.3,4673476.9],[562650.3,4673465.4],[562650.9,4673452.4],[562662.6,4673445.3],[562673.4,4673444.5],[562680.4,4673449.0],[562688.3,4673463.8],[562691.5,4673475.9],[562693.4,4673484.0],[562695.1,4673491.7]]},"properties":{"kind":"road","name":"Hunter North Loading Area","osmId":1009411732}},{"type":"Feature","geometry":{"type":"LineString","coordinates":[[562703.4,4673520.6],[562656.1,4673527.9],[562647.1,4673531.8],[562536.2,4673580.7]]},"properties":{"kind":"road","name":null,"osmId":1009411733}},{"type":"Feature","geometry":{"type":"LineString","coordinates":[[562695.1,4673491.7],[562703.4,4673520.6]]},"properties":{"kind":"road","name":"Hunter North Loading Area","osmId":1010288870}},{"type":"Feature","geometry":{"type":"Polygon","coordinates":[[[567053.2,4672639.1],[567038.2,4672630.3],[567037.5,4672618.8],[567072.8,4672539.3],[567085.4,4672535.7],[567106.3,4672556.4],[567115.9,4672573.7],[567104.9,4672583.5],[567090.9,4672588.4],[567093.8,4672606.1],[567087.0,4672621.9],[567079.5,4672628.5],[567070.4,4672621.6],[567062.4,4672626.6],[567053.2,4672639.1]]]},"properties":{"kind":"lake","name":null,"osmId":1075838090}},{"type":"Feature","geometry":{"type":"Polygon","coordinates":[[[565330.5,4673668.1],[565317.1,4673660.5],[565312.3,4673651.0],[565315.3,4673637.5],[565342.0,4673623.2],[565349.1,4673604.3],[565363.4,4673609.8],[565367.1,4673619.7],[565353.8,4673645.8],[565330.5,4673668.1]]]},"properties":{"kind":"lake","name":null,"osmId":1075838097}},{"type":"Feature","geometry":{"type":"LineString","coordinates":[[566823.2,4671930.7],[566725.4,4671923.2],[566691.3,4671923.8],[566664.7,4671928.0],[566638.9,4671940.3],[566614.7,4671945.2],[566575.2,4671947.6],[566552.6,4671952.3],[566539.2,4671958.8],[566525.8,4671976.5],[566512.9,4672000.0],[566498.6,4672020.6],[566483.0,4672032.4],[566463.4,4672038.6],[566442.0,4672034.9],[566423.2,4672031.8],[566404.4,4672025.1]]},"properties":{"kind":"river","name":null,"osmId":1075838140}},{"type":"Feature","geometry":{"type":"Polygon","coordinates":[[[567157.6,4670449.3],[567141.8,4670454.6],[567138.4,4670455.0],[567134.9,4670454.1],[567133.1,4670452.3],[567131.7,4670449.2],[567132.8,4670445.7],[567135.3,4670444.0],[567151.3,4670437.7],[567167.7,4670433.0],[567170.9,4670434.9],[567172.4,4670437.9],[567172.1,4670441.5],[567168.7,4670444.5],[567157.6,4670449.3]]]},"properties":{"kind":"lake","name":null,"osmId":1075838151}},{"type":"Feature","geometry":{"type":"Polygon","coordinates":[[[566578.2,4670440.6],[566568.6,4670439.4],[566557.6,4670435.3],[566546.1,4670427.5],[566539.2,4670420.1],[566535.0,4670410.5],[566536.6,4670401.5],[566549.0,4670394.9],[566556.1,4670394.0],[566576.2,4670418.1],[566590.9,4670433.1],[566591.2,4670437.7],[566588.4,4670439.2],[566578.2,4670440.6]]]},"properties":{"kind":"lake","name":null,"osmId":1075838152}},{"type":"Feature","geometry":{"type":"Polygon","coordinates":[[[566509.2,4670400.7],[566498.9,4670395.6],[566495.6,4670384.3],[566486.1,4670367.6],[566484.8,4670355.3],[566482.8,4670341.6],[566487.7,4670337.8],[566494.4,4670332.8],[566504.9,4670322.1],[566510.6,4670321.1],[566515.6,4670331.9],[566528.3,4670331.2],[566556.9,4670367.0],[566555.6,4670372.9],[566536.7,4670384.7],[566518.1,4670395.7],[566509.2,4670400.7]]]},"properties":{"kind":"lake","name":null,"osmId":1075838153}},{"type":"Feature","geometry":{"type":"Polygon","coordinates":[[[567095.6,4670701.8],[567090.0,4670700.0],[567085.0,4670697.1],[567080.6,4670690.0],[567080.2,4670683.5],[567082.5,4670676.4],[567087.1,4670669.2],[567094.2,4670665.4],[567099.1,4670662.9],[567105.0,4670663.7],[567109.0,4670666.6],[567112.8,4670671.3],[567117.8,4670672.4],[567119.9,4670673.7],[567119.1,4670675.4],[567116.9,4670677.8],[567112.0,4670676.1],[567109.4,4670682.0],[567106.8,4670684.7],[567105.2,4670690.0],[567102.2,4670696.5],[567095.6,4670701.8]]]},"properties":{"kind":"lake","name":null,"osmId":1075838156}},{"type":"Feature","geometry":{"type":"Polygon","coordinates":[[[560005.7,4663410.5],[559994.7,4663397.4],[559975.8,4663387.9],[559964.0,4663376.7],[559965.5,4663372.1],[559971.0,4663366.7],[559984.0,4663372.6],[559995.4,4663386.5],[560003.8,4663391.2],[560012.2,4663403.5],[560013.8,4663407.9],[560005.7,4663410.5]]]},"properties":{"kind":"lake","name":null,"osmId":1075864811}},{"type":"Feature","geometry":{"type":"Polygon","coordinates":[[[560045.6,4663439.8],[560038.1,4663438.0],[560027.8,4663430.1],[560021.6,4663423.4],[560023.2,4663418.1],[560026.6,4663416.4],[560035.0,4663419.2],[560049.6,4663424.3],[560054.4,4663428.8],[560054.3,4663433.4],[560051.7,4663438.4],[560046.7,4663440.0],[560045.6,4663439.8]]]},"properties":{"kind":"lake","name":null,"osmId":1075864812}},{"type":"Feature","geometry":{"type":"Polygon","coordinates":[[[560136.5,4663447.5],[560128.1,4663443.9],[560125.1,4663438.8],[560123.2,4663429.5],[560129.6,4663424.9],[560136.1,4663425.4],[560144.0,4663430.1],[560147.5,4663439.6],[560145.2,4663445.4],[560136.5,4663447.5]]]},"properties":{"kind":"lake","name":null,"osmId":1075864813}},{"type":"Feature","geometry":{"type":"Polygon","coordinates":[[[560105.7,4663429.8],[560099.5,4663424.4],[560097.3,4663420.4],[560094.8,4663405.4],[560095.5,4663393.0],[560100.0,4663388.2],[560107.8,4663389.6],[560121.2,4663396.8],[560125.8,4663403.4],[560122.4,4663412.9],[560110.3,4663426.7],[560105.7,4663429.8]]]},"properties":{"kind":"lake","name":null,"osmId":1075864814}},{"type":"Feature","geometry":{"type":"Polygon","coordinates":[[[560084.8,4663431.8],[560073.8,4663423.3],[560050.9,4663402.4],[560036.8,4663385.5],[560033.9,4663369.5],[560037.9,4663362.5],[560044.1,4663360.8],[560052.3,4663362.4],[560070.2,4663372.5],[560083.6,4663391.4],[560091.0,4663429.2],[560084.8,4663431.8]]]},"properties":{"kind":"lake","name":null,"osmId":1075864815}},{"type":"Feature","geometry":{"type":"Polygon","coordinates":[[[560116.2,4663383.7],[560099.7,4663375.6],[560093.5,4663373.8],[560085.5,4663371.5],[560079.6,4663369.3],[560072.3,4663366.5],[560065.9,4663364.1],[560059.9,4663361.6],[560054.1,4663359.5],[560041.7,4663357.0],[560035.8,4663355.4],[560029.8,4663352.7],[560027.0,4663347.4],[560027.5,4663341.4],[560029.7,4663334.4],[560032.2,4663328.4],[560035.6,4663323.1],[560043.4,4663317.9],[560051.2,4663314.9],[560057.6,4663312.3],[560064.1,4663310.3],[560073.9,4663308.2],[560080.3,4663307.2],[560086.5,4663305.9],[560093.0,4663304.6],[560097.8,4663308.2],[560095.3,4663317.9],[560091.5,4663326.3],[560089.0,4663333.8],[560087.8,4663340.8],[560087.5,4663347.2],[560088.1,4663354.7],[560089.8,4663360.7],[560094.6,4663367.8],[560099.5,4663372.3],[560108.3,4663376.1],[560115.4,4663376.6],[560121.4,4663377.3],[560126.9,4663378.9],[560116.2,4663383.7]]]},"properties":{"kind":"lake","name":null,"osmId":1075864816}},{"type":"Feature","geometry":{"type":"Polygon","coordinates":[[[561122.0,4664869.0],[561106.9,4664871.1],[561101.7,4664865.3],[561102.6,4664856.7],[561112.0,4664849.5],[561123.5,4664849.8],[561132.8,4664857.6],[561132.3,4664862.5],[561122.0,4664869.0]]]},"properties":{"kind":"lake","name":null,"osmId":1075876726}},{"type":"Feature","geometry":{"type":"LineString","coordinates":[[562625.4,4673464.1],[562615.6,4673469.9]]},"properties":{"kind":"trail","name":null,"osmId":1077528474}},{"type":"Feature","geometry":{"type":"LineString","coordinates":[[562647.1,4673531.8],[562615.6,4673469.9]]},"properties":{"kind":"road","name":null,"osmId":1077528475}},{"type":"Feature","geometry":{"type":"LineString","coordinates":[[565109.5,4673395.5],[565105.0,4673387.0],[565104.0,4673385.3],[565103.2,4673384.5],[565102.2,4673383.9],[565100.5,4673383.4],[565098.7,4673383.1],[565097.6,4673382.6],[565097.0,4673381.7],[565095.4,4673377.7],[565093.9,4673371.8],[565088.3,4673361.6],[565088.2,4673360.7],[565087.5,4673352.2]]},"properties":{"kind":"trail","name":null,"osmId":1077572556}},{"type":"Feature","geometry":{"type":"LineString","coordinates":[[565071.8,4673360.0],[565087.5,4673352.2],[565088.1,4673351.9],[565088.6,4673351.4],[565088.9,4673350.5],[565088.9,4673349.0],[565088.7,4673348.0],[565088.4,4673347.2],[565084.6,4673339.8],[565084.3,4673338.7],[565084.3,4673337.7],[565084.6,4673336.4],[565085.3,4673335.4],[565086.4,4673334.4],[565093.3,4673330.9],[565094.0,4673330.3],[565094.5,4673329.5],[565094.6,4673328.7],[565094.5,4673327.9],[565094.2,4673326.8],[565090.6,4673319.2],[565087.3,4673312.4],[565087.1,4673311.3],[565086.9,4673310.2],[565087.0,4673309.1],[565086.8,4673308.1],[565086.5,4673307.1],[565085.8,4673305.4],[565083.0,4673307.1],[565080.4,4673308.6],[565074.5,4673311.6],[565061.9,4673317.9],[565058.3,4673319.7],[565049.7,4673323.9],[565036.8,4673330.4],[565035.6,4673331.1],[565034.8,4673332.0],[565034.4,4673332.9],[565034.3,4673334.1],[565034.4,4673335.2],[565034.7,4673336.1],[565037.5,4673341.6],[565030.9,4673344.9],[565007.5,4673356.5]]},"properties":{"kind":"trail","name":null,"osmId":1077572557}},{"type":"Feature","geometry":{"type":"LineString","coordinates":[[565090.6,4673319.2],[565089.2,4673319.9]]},"properties":{"kind":"trail","name":null,"osmId":1077572558}},{"type":"Feature","geometry":{"type":"LineString","coordinates":[[565088.2,4673360.7],[565092.6,4673358.5]]},"properties":{"kind":"trail","name":null,"osmId":1077572559}},{"type":"Feature","geometry":{"type":"LineString","coordinates":[[565088.3,4673361.6],[565075.4,4673367.6]]},"properties":{"kind":"trail","name":null,"osmId":1077572560}},{"type":"Feature","geometry":{"type":"LineString","coordinates":[[565005.1,4673351.7],[565007.5,4673356.5],[565014.3,4673370.0],[565016.5,4673374.4],[565025.7,4673392.6]]},"properties":{"kind":"trail","name":null,"osmId":1077572561}},{"type":"Feature","geometry":{"type":"LineString","coordinates":[[565053.1,4673309.1],[565053.8,4673308.9],[565054.5,4673308.8],[565055.3,4673308.9],[565055.9,4673309.3],[565056.6,4673310.1],[565057.3,4673311.2]]},"properties":{"kind":"trail","name":null,"osmId":1077572562}},{"type":"Feature","geometry":{"type":"LineString","coordinates":[[565052.1,4673313.7],[565054.7,4673312.5],[565057.3,4673311.2]]},"properties":{"kind":"trail","name":null,"osmId":1077572563}},{"type":"Feature","geometry":{"type":"LineString","coordinates":[[565053.1,4673309.1],[565045.4,4673293.7]]},"properties":{"kind":"trail","name":null,"osmId":1077572564}},{"type":"Feature","geometry":{"type":"LineString","coordinates":[[565053.1,4673309.1],[565052.4,4673309.6],[565052.1,4673310.1],[565051.8,4673310.7],[565051.7,4673311.4],[565051.6,4673312.1],[565051.8,4673312.8],[565052.1,4673313.7]]},"properties":{"kind":"trail","name":null,"osmId":1077572565}},{"type":"Feature","geometry":{"type":"LineString","coordinates":[[565054.7,4673312.5],[565056.2,4673315.5],[565058.3,4673319.7]]},"properties":{"kind":"trail","name":null,"osmId":1077572566}},{"type":"Feature","geometry":{"type":"LineString","coordinates":[[565004.8,4673314.0],[565000.6,4673315.7],[564981.9,4673325.2],[564979.1,4673326.9],[564976.6,4673328.6],[564973.7,4673330.3],[564969.4,4673332.5],[564955.5,4673339.7],[564948.4,4673343.6],[564937.2,4673350.9],[564929.5,4673356.1],[564922.4,4673361.7],[564920.8,4673363.1],[564916.1,4673367.2],[564903.0,4673378.9],[564899.7,4673382.0],[564892.0,4673389.1],[564880.1,4673400.3],[564878.0,4673402.3],[564864.6,4673415.0],[564860.4,4673419.0],[564843.2,4673435.3],[564835.9,4673442.2],[564835.2,4673442.8],[564826.5,4673451.0],[564816.7,4673460.2],[564812.0,4673464.6],[564805.3,4673470.9],[564793.9,4673481.6],[564783.7,4673491.2],[564776.1,4673498.4],[564763.4,4673510.4],[564739.6,4673532.6],[564736.8,4673535.3],[564727.3,4673544.4],[564717.6,4673553.4],[564708.9,4673561.6],[564697.5,4673572.4],[564692.2,4673577.4],[564673.0,4673595.1],[564672.0,4673596.1],[564671.6,4673596.8],[564671.6,4673597.4],[564671.5,4673597.9],[564671.7,4673598.8],[564672.5,4673599.9],[564683.6,4673611.1],[564686.6,4673614.1],[564691.3,4673618.7],[564703.4,4673631.4],[564723.0,4673651.5],[564734.4,4673663.0]]},"properties":{"kind":"trail","name":null,"osmId":1077572567}},{"type":"Feature","geometry":{"type":"LineString","coordinates":[[564967.3,4673361.4],[564955.5,4673339.7],[564952.5,4673334.2]]},"properties":{"kind":"road","name":null,"osmId":1077572568}},{"type":"Feature","geometry":{"type":"LineString","coordinates":[[565086.1,4673273.1],[565079.1,4673276.7],[565072.5,4673280.1]]},"properties":{"kind":"trail","name":null,"osmId":1077572569}},{"type":"Feature","geometry":{"type":"LineString","coordinates":[[565072.5,4673280.1],[565070.9,4673281.4],[565047.8,4673292.5],[565045.4,4673293.7],[565016.5,4673308.6]]},"properties":{"kind":"trail","name":null,"osmId":1077572570}},{"type":"Feature","geometry":{"type":"LineString","coordinates":[[565016.5,4673308.6],[565010.6,4673311.3],[565004.8,4673314.0]]},"properties":{"kind":"trail","name":null,"osmId":1077572571}},{"type":"Feature","geometry":{"type":"LineString","coordinates":[[565045.4,4673293.7],[565042.1,4673286.9]]},"properties":{"kind":"trail","name":null,"osmId":1077572572}},{"type":"Feature","geometry":{"type":"LineString","coordinates":[[565036.4,4673359.0],[565036.8,4673357.5],[565030.9,4673344.9]]},"properties":{"kind":"trail","name":null,"osmId":1077572574}},{"type":"Feature","geometry":{"type":"LineString","coordinates":[[565017.5,4673368.5],[565014.3,4673370.0]]},"properties":{"kind":"trail","name":null,"osmId":1077572575}},{"type":"Feature","geometry":{"type":"LineString","coordinates":[[565016.5,4673374.4],[565007.3,4673378.8]]},"properties":{"kind":"trail","name":null,"osmId":1077572576}},{"type":"Feature","geometry":{"type":"LineString","coordinates":[[565022.5,4673394.2],[565015.5,4673397.7]]},"properties":{"kind":"trail","name":null,"osmId":1077572577}},{"type":"Feature","geometry":{"type":"LineString","coordinates":[[565025.7,4673392.6],[565022.5,4673394.2]]},"properties":{"kind":"trail","name":null,"osmId":1077572578}},{"type":"Feature","geometry":{"type":"LineString","coordinates":[[565005.1,4673351.7],[565002.8,4673347.1]]},"properties":{"kind":"trail","name":null,"osmId":1077572579}},{"type":"Feature","geometry":{"type":"LineString","coordinates":[[565063.5,4673321.1],[565061.9,4673317.9]]},"properties":{"kind":"trail","name":null,"osmId":1077572581}},{"type":"Feature","geometry":{"type":"LineString","coordinates":[[565060.3,4673322.7],[565060.8,4673323.8]]},"properties":{"kind":"trail","name":null,"osmId":1077572582}},{"type":"Feature","geometry":{"type":"LineString","coordinates":[[565049.7,4673323.9],[565051.3,4673327.1],[565057.4,4673324.1]]},"properties":{"kind":"trail","name":null,"osmId":1077572583}},{"type":"Feature","geometry":{"type":"LineString","coordinates":[[565057.4,4673324.1],[565060.3,4673322.7]]},"properties":{"kind":"trail","name":null,"osmId":1077572584}},{"type":"Feature","geometry":{"type":"LineString","coordinates":[[565063.5,4673321.1],[565060.3,4673322.7]]},"properties":{"kind":"trail","name":null,"osmId":1077572585}},{"type":"Feature","geometry":{"type":"LineString","coordinates":[[571466.6,4671394.0],[571467.5,4671404.9]]},"properties":{"kind":"trail","name":null,"osmId":1078569810}},{"type":"Feature","geometry":{"type":"LineString","coordinates":[[571590.0,4671396.6],[571584.8,4671407.4]]},"properties":{"kind":"trail","name":null,"osmId":1078569811}},{"type":"Feature","geometry":{"type":"LineString","coordinates":[[571428.9,4671366.3],[571445.5,4671366.5],[571455.2,4671366.6]]},"properties":{"kind":"trail","name":"Huckleberry Rail Trail","osmId":1078569812}},{"type":"Feature","geometry":{"type":"LineString","coordinates":[[571434.5,4671216.3],[571438.3,4671221.1],[571440.7,4671230.6],[571442.7,4671240.5],[571442.8,4671248.1]]},"properties":{"kind":"road","name":null,"osmId":1079053904}},{"type":"Feature","geometry":{"type":"LineString","coordinates":[[571411.8,4671203.5],[571411.5,4671215.0],[571411.3,4671223.0]]},"properties":{"kind":"road","name":null,"osmId":1079053906}},{"type":"Feature","geometry":{"type":"LineString","coordinates":[[571364.4,4671260.0],[571369.6,4671217.3]]},"properties":{"kind":"road","name":null,"osmId":1079053907}},{"type":"Feature","geometry":{"type":"LineString","coordinates":[[571382.2,4671223.7],[571381.2,4671216.4],[571384.1,4671194.1],[571392.6,4671157.8],[571398.0,4671144.1]]},"properties":{"kind":"road","name":null,"osmId":1079053908}},{"type":"Feature","geometry":{"type":"LineString","coordinates":[[564536.8,4673711.8],[564541.5,4673716.8],[564561.1,4673737.7],[564564.4,4673740.1],[564568.5,4673741.8],[564574.5,4673742.4],[564579.4,4673742.0],[564585.6,4673739.9],[564591.1,4673736.4],[564594.9,4673732.1],[564597.7,4673726.5],[564598.8,4673720.7],[564598.3,4673715.9],[564596.1,4673711.1],[564593.4,4673707.0],[564574.4,4673686.2],[564569.7,4673681.1]]},"properties":{"kind":"road","name":null,"osmId":1079064330}},{"type":"Feature","geometry":{"type":"LineString","coordinates":[[564835.6,4673528.7],[564824.6,4673540.2]]},"properties":{"kind":"road","name":null,"osmId":1079064341}},{"type":"Feature","geometry":{"type":"LineString","coordinates":[[564639.5,4673616.4],[564643.7,4673621.9],[564657.7,4673640.3],[564658.8,4673642.7],[564659.4,4673645.4],[564659.2,4673648.4],[564658.0,4673652.4],[564656.1,4673655.4],[564650.9,4673660.1],[564646.0,4673662.6],[564641.4,4673663.5],[564635.7,4673663.4],[564614.5,4673662.3]]},"properties":{"kind":"road","name":null,"osmId":1079064347}},{"type":"Feature","geometry":{"type":"LineString","coordinates":[[564666.5,4673610.1],[564665.1,4673609.3],[564663.4,4673608.7],[564661.9,4673608.4],[564660.2,4673608.4],[564658.6,4673608.8],[564657.2,4673609.6],[564655.2,4673611.3],[564643.7,4673621.9],[564621.7,4673642.1],[564607.4,4673655.5],[564595.3,4673666.9],[564574.4,4673686.2],[564570.3,4673689.9],[564541.5,4673716.8],[564535.0,4673722.9],[564512.3,4673744.1],[564502.5,4673753.1],[564487.3,4673767.0],[564475.4,4673778.2],[564471.3,4673782.1],[564469.5,4673783.8],[564467.6,4673785.6],[564450.7,4673801.2],[564449.1,4673802.9],[564448.4,4673804.2],[564447.9,4673805.4],[564447.9,4673806.9],[564448.5,4673809.1],[564449.4,4673811.1],[564452.2,4673815.2]]},"properties":{"kind":"trail","name":null,"osmId":1079064348}},{"type":"Feature","geometry":{"type":"LineString","coordinates":[[564671.5,4673597.9],[564666.3,4673602.8],[564660.2,4673608.4]]},"properties":{"kind":"trail","name":null,"osmId":1079064349}},{"type":"Feature","geometry":{"type":"LineString","coordinates":[[564660.2,4673608.4],[564654.9,4673602.2]]},"properties":{"kind":"trail","name":null,"osmId":1079064350}},{"type":"Feature","geometry":{"type":"LineString","coordinates":[[564450.8,4673772.0],[564452.9,4673774.4],[564453.9,4673775.0],[564455.1,4673775.0],[564456.7,4673774.3],[564458.7,4673772.8],[564459.1,4673772.4],[564460.9,4673770.8],[564577.0,4673662.9],[564584.0,4673656.4],[564589.4,4673651.3],[564633.3,4673610.4],[564641.0,4673603.3],[564690.3,4673556.8],[564717.1,4673531.7],[564726.8,4673522.7],[564770.0,4673481.7],[564794.4,4673458.9],[564801.2,4673452.6],[564805.1,4673448.9],[564816.8,4673438.1],[564816.9,4673438.0],[564828.3,4673427.1],[564863.1,4673394.2],[564865.6,4673391.9],[564889.8,4673369.3],[564899.1,4673361.1],[564905.8,4673355.3],[564921.9,4673343.1],[564942.5,4673329.7],[564946.0,4673327.3],[564969.0,4673314.9],[564997.9,4673299.9],[565019.3,4673289.1],[565062.1,4673268.4],[565087.7,4673256.6],[565107.0,4673248.7],[565129.0,4673239.7],[565153.7,4673230.5],[565182.8,4673220.3],[565193.9,4673216.5],[565195.2,4673216.2],[565196.8,4673216.2],[565197.9,4673216.3],[565199.0,4673216.1],[565275.0,4673189.5],[565321.7,4673173.2],[565377.1,4673153.8],[565392.1,4673148.5],[565392.9,4673148.0],[565393.6,4673147.3],[565393.8,4673146.5],[565393.7,4673145.5],[565391.0,4673138.8]]},"properties":{"kind":"trail","name":null,"osmId":1079064351}},{"type":"Feature","geometry":{"type":"LineString","coordinates":[[565393.8,4673146.5],[565396.8,4673153.8],[565399.4,4673160.2]]},"properties":{"kind":"trail","name":null,"osmId":1079064352}},{"type":"Feature","geometry":{"type":"LineString","coordinates":[[565393.8,4673146.5],[565401.4,4673143.6],[565409.0,4673140.8],[565417.5,4673137.6]]},"properties":{"kind":"trail","name":null,"osmId":1079064353}},{"type":"Feature","geometry":{"type":"LineString","coordinates":[[565502.0,4673106.3],[565528.2,4673087.7],[565531.3,4673085.5],[565554.5,4673069.4],[565571.6,4673057.3],[565576.6,4673053.8],[565586.9,4673046.6],[565600.6,4673037.0],[565618.0,4673024.9],[565626.8,4673018.8],[565643.3,4673007.3],[565644.1,4673006.7],[565653.8,4672999.9],[565667.6,4672990.4],[565685.5,4672977.9],[565715.2,4672956.9],[565739.0,4672940.3],[565762.4,4672923.8],[565778.8,4672912.2]]},"properties":{"kind":"trail","name":null,"osmId":1079064354}},{"type":"Feature","geometry":{"type":"LineString","coordinates":[[566022.9,4672743.6],[566025.6,4672747.5]]},"properties":{"kind":"trail","name":null,"osmId":1079064355}},{"type":"Feature","geometry":{"type":"LineString","coordinates":[[565219.8,4673223.0],[565254.5,4673210.8],[565256.7,4673209.5],[565286.6,4673199.3],[565287.4,4673199.1],[565288.1,4673199.2],[565288.7,4673199.5],[565289.5,4673199.6],[565290.5,4673199.4],[565330.4,4673185.3],[565358.1,4673175.5]]},"properties":{"kind":"trail","name":null,"osmId":1079064356}},{"type":"Feature","geometry":{"type":"LineString","coordinates":[[565358.1,4673175.5],[565362.4,4673173.6],[565366.6,4673171.8]]},"properties":{"kind":"trail","name":null,"osmId":1079064357}},{"type":"Feature","geometry":{"type":"LineString","coordinates":[[565142.4,4673250.3],[565165.4,4673242.2],[565182.0,4673236.3],[565213.3,4673225.3]]},"properties":{"kind":"trail","name":null,"osmId":1079064358}},{"type":"Feature","geometry":{"type":"LineString","coordinates":[[565213.3,4673225.3],[565216.7,4673224.0],[565219.8,4673223.0]]},"properties":{"kind":"trail","name":null,"osmId":1079064359}},{"type":"Feature","geometry":{"type":"LineString","coordinates":[[565086.1,4673273.1],[565105.0,4673265.4],[565112.2,4673262.4],[565119.1,4673259.6],[565136.5,4673252.7]]},"properties":{"kind":"trail","name":null,"osmId":1079064360}},{"type":"Feature","geometry":{"type":"LineString","coordinates":[[565136.5,4673252.7],[565139.6,4673251.4],[565142.4,4673250.3]]},"properties":{"kind":"trail","name":null,"osmId":1079064361}},{"type":"Feature","geometry":{"type":"LineString","coordinates":[[565396.4,4673096.8],[565411.4,4673132.4]]},"properties":{"kind":"trail","name":null,"osmId":1079064362}},{"type":"Feature","geometry":{"type":"LineString","coordinates":[[565402.6,4673086.0],[565400.9,4673087.1],[565399.6,4673088.2],[565398.3,4673089.8],[565397.4,4673091.4],[565396.6,4673093.1],[565396.2,4673094.5],[565396.2,4673095.6],[565396.4,4673096.8]]},"properties":{"kind":"trail","name":null,"osmId":1079064363}},{"type":"Feature","geometry":{"type":"LineString","coordinates":[[565411.4,4673132.4],[565412.6,4673134.2],[565413.9,4673135.6],[565415.5,4673136.8],[565416.4,4673137.3],[565417.5,4673137.6],[565419.2,4673137.4],[565421.3,4673136.6],[565425.5,4673134.7],[565451.1,4673121.9],[565476.7,4673106.5],[565510.4,4673083.0],[565552.1,4673054.3],[565593.6,4673024.8],[565626.1,4673001.8],[565627.3,4673001.1],[565628.7,4673000.8],[565631.7,4673000.1],[565632.9,4672999.5],[565638.2,4672995.7],[565661.6,4672979.0],[565676.2,4672968.9],[565685.3,4672962.5],[565719.7,4672938.4],[565744.2,4672921.5],[565761.1,4672909.2],[565794.9,4672885.5],[565807.9,4672876.6]]},"properties":{"kind":"trail","name":null,"osmId":1079064364}},{"type":"Feature","geometry":{"type":"LineString","coordinates":[[565807.9,4672876.6],[565812.7,4672873.0],[565819.0,4672868.2]]},"properties":{"kind":"trail","name":null,"osmId":1079064365}},{"type":"Feature","geometry":{"type":"LineString","coordinates":[[565819.0,4672868.2],[565821.9,4672872.7],[565825.8,4672878.9]]},"properties":{"kind":"trail","name":null,"osmId":1079064366}},{"type":"Feature","geometry":{"type":"LineString","coordinates":[[564456.7,4673765.6],[564460.9,4673770.8]]},"properties":{"kind":"trail","name":null,"osmId":1079064372}},{"type":"Feature","geometry":{"type":"LineString","coordinates":[[565408.6,4673149.5],[565411.1,4673156.0],[565418.4,4673175.0]]},"properties":{"kind":"road","name":null,"osmId":1079064383}},{"type":"Feature","geometry":{"type":"LineString","coordinates":[[565439.2,4673209.9],[565443.7,4673222.8],[565444.5,4673227.7],[565444.4,4673231.7],[565443.0,4673234.8],[565440.5,4673236.9],[565434.0,4673234.4],[565429.2,4673234.8],[565423.8,4673234.1],[565420.5,4673232.2],[565418.0,4673230.0],[565415.8,4673227.6],[565415.6,4673225.7],[565415.5,4673223.8],[565416.1,4673221.0],[565417.7,4673218.5],[565418.9,4673217.1],[565420.3,4673216.4],[565439.2,4673209.9]]},"properties":{"kind":"road","name":null,"osmId":1079064384}},{"type":"Feature","geometry":{"type":"LineString","coordinates":[[565420.3,4673216.4],[565408.1,4673182.5]]},"properties":{"kind":"road","name":null,"osmId":1079064385}},{"type":"Feature","geometry":{"type":"LineString","coordinates":[[565439.2,4673209.9],[565427.1,4673176.4],[565426.2,4673174.8],[565424.5,4673173.6],[565423.1,4673173.5],[565418.4,4673175.0],[565411.1,4673177.5],[565409.2,4673178.6],[565408.2,4673180.0],[565407.9,4673181.2],[565408.1,4673182.5]]},"properties":{"kind":"road","name":null,"osmId":1079064386}},{"type":"Feature","geometry":{"type":"LineString","coordinates":[[565384.6,4673234.3],[565415.6,4673225.7]]},"properties":{"kind":"road","name":null,"osmId":1079064387}},{"type":"Feature","geometry":{"type":"LineString","coordinates":[[565440.5,4673236.9],[565445.4,4673241.5],[565449.8,4673245.5],[565453.9,4673248.2],[565458.4,4673250.0],[565463.5,4673251.0],[565469.0,4673251.4],[565475.4,4673251.3],[565479.6,4673251.4]]},"properties":{"kind":"road","name":null,"osmId":1079064388}},{"type":"Feature","geometry":{"type":"LineString","coordinates":[[565366.6,4673171.8],[565399.4,4673160.2],[565408.1,4673157.2]]},"properties":{"kind":"trail","name":null,"osmId":1079064389}},{"type":"Feature","geometry":{"type":"LineString","coordinates":[[565408.1,4673157.2],[565411.1,4673156.0],[565417.3,4673153.7]]},"properties":{"kind":"trail","name":null,"osmId":1079064390}},{"type":"Feature","geometry":{"type":"LineString","coordinates":[[565436.8,4673155.4],[565461.1,4673204.3],[565467.1,4673216.2],[565468.8,4673218.8],[565470.8,4673220.1],[565474.0,4673220.7],[565477.2,4673220.1],[565479.7,4673218.5],[565481.5,4673215.7],[565481.7,4673212.7],[565481.2,4673210.5],[565476.2,4673200.9],[565475.2,4673199.8],[565474.1,4673199.3],[565472.9,4673199.2],[565470.5,4673199.7],[565461.1,4673204.3]]},"properties":{"kind":"road","name":null,"osmId":1079064391}},{"type":"Feature","geometry":{"type":"LineString","coordinates":[[565436.8,4673155.4],[565447.1,4673150.5],[565448.4,4673149.0],[565449.0,4673147.2],[565448.8,4673145.4],[565446.6,4673140.8],[565443.2,4673133.9]]},"properties":{"kind":"road","name":null,"osmId":1079064392}},{"type":"Feature","geometry":{"type":"LineString","coordinates":[[565429.4,4673140.6],[565432.8,4673147.4],[565436.8,4673155.4]]},"properties":{"kind":"road","name":null,"osmId":1079064393}},{"type":"Feature","geometry":{"type":"LineString","coordinates":[[565426.6,4673150.2],[565432.8,4673147.4],[565436.2,4673145.8]]},"properties":{"kind":"trail","name":null,"osmId":1079064394}},{"type":"Feature","geometry":{"type":"LineString","coordinates":[[565436.2,4673145.8],[565440.9,4673143.7]]},"properties":{"kind":"trail","name":null,"osmId":1079064395}},{"type":"Feature","geometry":{"type":"LineString","coordinates":[[565417.3,4673153.7],[565422.9,4673151.6],[565426.6,4673150.2]]},"properties":{"kind":"trail","name":null,"osmId":1079064396}},{"type":"Feature","geometry":{"type":"LineString","coordinates":[[565440.9,4673143.7],[565446.6,4673140.8],[565449.4,4673139.4]]},"properties":{"kind":"trail","name":null,"osmId":1079064397}},{"type":"Feature","geometry":{"type":"LineString","coordinates":[[565449.4,4673139.4],[565454.4,4673136.7],[565459.6,4673133.7],[565462.5,4673132.1],[565476.5,4673123.5],[565479.2,4673121.7],[565482.8,4673119.2]]},"properties":{"kind":"trail","name":null,"osmId":1079064398}},{"type":"Feature","geometry":{"type":"LineString","coordinates":[[565482.8,4673119.2],[565496.5,4673110.0],[565502.0,4673106.3]]},"properties":{"kind":"trail","name":null,"osmId":1079064399}},{"type":"Feature","geometry":{"type":"LineString","coordinates":[[565664.9,4672939.6],[565664.2,4672941.4],[565663.4,4672944.3],[565663.2,4672946.7],[565663.5,4672948.9],[565664.1,4672950.8],[565666.5,4672954.4],[565676.2,4672968.9],[565679.1,4672973.3]]},"properties":{"kind":"road","name":null,"osmId":1079068991}},{"type":"Feature","geometry":{"type":"LineString","coordinates":[[565666.5,4672954.4],[565636.5,4672980.7]]},"properties":{"kind":"road","name":null,"osmId":1079068992}},{"type":"Feature","geometry":{"type":"LineString","coordinates":[[565656.6,4672922.6],[565663.9,4672935.1],[565664.8,4672937.4],[565664.9,4672939.6]]},"properties":{"kind":"road","name":null,"osmId":1079068993}},{"type":"Feature","geometry":{"type":"LineString","coordinates":[[571776.6,4671879.5],[571733.1,4671878.7],[571731.4,4671878.8],[571729.7,4671879.3],[571729.0,4671879.8],[571728.4,4671880.1],[571727.4,4671881.1],[571726.7,4671882.4],[571726.1,4671883.7],[571725.9,4671885.2],[571725.7,4671887.8]]},"properties":{"kind":"trail","name":null,"osmId":1079085529}},{"type":"Feature","geometry":{"type":"LineString","coordinates":[[571650.5,4671876.9],[571647.7,4671876.8],[571640.6,4671876.7],[571619.0,4671876.2],[571582.1,4671875.4],[571554.9,4671874.7]]},"properties":{"kind":"trail","name":null,"osmId":1079085530}},{"type":"Feature","geometry":{"type":"LineString","coordinates":[[571518.1,4671868.0],[571518.0,4671873.9],[571517.4,4671903.8],[571517.6,4671911.5],[571518.9,4671917.9],[571521.4,4671923.5],[571525.0,4671927.6],[571528.5,4671930.0],[571532.5,4671931.1],[571536.5,4671931.6],[571540.6,4671931.6],[571543.4,4671930.9],[571546.4,4671929.0],[571548.1,4671927.1],[571548.7,4671925.1],[571551.2,4671874.6],[571551.5,4671868.7]]},"properties":{"kind":"road","name":null,"osmId":1079085531}},{"type":"Feature","geometry":{"type":"LineString","coordinates":[[571396.7,4671871.9],[571390.9,4671871.8],[571345.1,4671872.1],[571343.5,4671872.2],[571341.9,4671872.5],[571341.0,4671873.1],[571340.2,4671873.8],[571339.5,4671874.8],[571339.2,4671875.6],[571339.0,4671876.6],[571338.8,4671880.7],[571338.9,4671886.1],[571339.2,4671889.3],[571339.9,4671892.0]]},"properties":{"kind":"trail","name":null,"osmId":1079085532}},{"type":"Feature","geometry":{"type":"LineString","coordinates":[[571419.2,4671872.3],[571407.8,4671872.1],[571396.7,4671871.9]]},"properties":{"kind":"trail","name":null,"osmId":1079085533}},{"type":"Feature","geometry":{"type":"LineString","coordinates":[[571451.3,4671872.8],[571419.2,4671872.3]]},"properties":{"kind":"trail","name":null,"osmId":1079085534}},{"type":"Feature","geometry":{"type":"LineString","coordinates":[[571461.0,4671872.5],[571455.7,4671872.7],[571451.3,4671872.8]]},"properties":{"kind":"trail","name":null,"osmId":1079085535}},{"type":"Feature","geometry":{"type":"LineString","coordinates":[[571472.4,4671872.8],[571461.0,4671872.5]]},"properties":{"kind":"trail","name":null,"osmId":1079085536}},{"type":"Feature","geometry":{"type":"LineString","coordinates":[[571513.3,4671873.8],[571472.4,4671872.8]]},"properties":{"kind":"trail","name":null,"osmId":1079085537}},{"type":"Feature","geometry":{"type":"LineString","coordinates":[[571521.0,4671874.0],[571518.0,4671873.9],[571513.3,4671873.8]]},"properties":{"kind":"trail","name":null,"osmId":1079085538}},{"type":"Feature","geometry":{"type":"LineString","coordinates":[[571546.4,4671874.5],[571521.0,4671874.0]]},"properties":{"kind":"trail","name":null,"osmId":1079085539}},{"type":"Feature","geometry":{"type":"LineString","coordinates":[[571554.9,4671874.7],[571551.2,4671874.6],[571546.4,4671874.5]]},"properties":{"kind":"trail","name":null,"osmId":1079085540}},{"type":"Feature","geometry":{"type":"LineString","coordinates":[[571716.3,4671896.5],[571716.6,4671883.6],[571716.3,4671881.8],[571715.7,4671880.7],[571714.5,4671879.5],[571713.5,4671878.8],[571712.3,4671878.4],[571706.2,4671878.2]]},"properties":{"kind":"trail","name":null,"osmId":1079085541}},{"type":"Feature","geometry":{"type":"LineString","coordinates":[[571706.2,4671878.2],[571684.9,4671877.7]]},"properties":{"kind":"trail","name":null,"osmId":1079085542}},{"type":"Feature","geometry":{"type":"LineString","coordinates":[[571684.9,4671877.7],[571678.0,4671877.5],[571664.3,4671877.2],[571655.2,4671877.0]]},"properties":{"kind":"trail","name":null,"osmId":1079085543}},{"type":"Feature","geometry":{"type":"LineString","coordinates":[[571655.2,4671877.0],[571652.3,4671876.9],[571650.5,4671876.9]]},"properties":{"kind":"trail","name":null,"osmId":1079085544}},{"type":"Feature","geometry":{"type":"LineString","coordinates":[[571677.9,4671871.4],[571678.0,4671877.5],[571676.0,4671915.4],[571675.0,4671917.1],[571673.6,4671918.1],[571671.5,4671918.5],[571661.9,4671918.2],[571653.8,4671918.0],[571652.5,4671917.4],[571651.8,4671916.2],[571651.4,4671914.1],[571652.5,4671879.3],[571652.3,4671876.9],[571651.6,4671870.9]]},"properties":{"kind":"road","name":null,"osmId":1079085545}},{"type":"Feature","geometry":{"type":"LineString","coordinates":[[571661.4,4671934.6],[571661.9,4671918.2]]},"properties":{"kind":"road","name":null,"osmId":1079085546}},{"type":"Feature","geometry":{"type":"LineString","coordinates":[[571336.4,4671907.7],[571331.6,4671898.3],[571327.8,4671890.2],[571324.2,4671881.1],[571322.1,4671875.8],[571321.2,4671874.3],[571319.8,4671872.9],[571319.1,4671872.5],[571318.3,4671872.1],[571317.0,4671871.7],[571299.2,4671870.5]]},"properties":{"kind":"trail","name":null,"osmId":1079085547}},{"type":"Feature","geometry":{"type":"LineString","coordinates":[[571406.1,4671817.5],[571438.3,4671817.1]]},"properties":{"kind":"road","name":null,"osmId":1079085548}},{"type":"Feature","geometry":{"type":"LineString","coordinates":[[571375.3,4671836.7],[571391.7,4671836.8],[571397.3,4671836.8]]},"properties":{"kind":"road","name":null,"osmId":1079085549}},{"type":"Feature","geometry":{"type":"LineString","coordinates":[[571714.5,4671879.5],[571720.4,4671879.6],[571729.0,4671879.8]]},"properties":{"kind":"trail","name":null,"osmId":1079085550}},{"type":"Feature","geometry":{"type":"LineString","coordinates":[[571595.0,4671820.3],[571601.7,4671789.2]]},"properties":{"kind":"road","name":null,"osmId":1079085560}},{"type":"Feature","geometry":{"type":"LineString","coordinates":[[571617.0,4671819.8],[571622.9,4671794.2]]},"properties":{"kind":"road","name":null,"osmId":1079085561}},{"type":"Feature","geometry":{"type":"LineString","coordinates":[[571561.5,4671781.0],[571559.1,4671791.9],[571554.3,4671814.9],[571554.0,4671817.1],[571554.2,4671818.5],[571555.1,4671819.7],[571556.4,4671820.4],[571568.6,4671822.8],[571570.6,4671822.6],[571572.1,4671821.6],[571573.2,4671820.2],[571581.1,4671785.0]]},"properties":{"kind":"road","name":null,"osmId":1079085562}},{"type":"Feature","geometry":{"type":"LineString","coordinates":[[571603.8,4671863.5],[571582.3,4671863.0],[571538.2,4671862.1],[571514.8,4671861.6],[571513.2,4671861.5],[571512.4,4671861.2],[571511.5,4671860.4],[571511.0,4671859.6],[571510.9,4671858.6],[571513.2,4671842.5]]},"properties":{"kind":"trail","name":null,"osmId":1079085563}},{"type":"Feature","geometry":{"type":"LineString","coordinates":[[571518.7,4671776.8],[571517.1,4671786.7],[571513.9,4671806.4],[571509.8,4671831.6],[571505.4,4671857.2],[571504.8,4671859.1],[571504.0,4671860.4],[571503.1,4671861.2],[571502.0,4671861.5],[571472.7,4671861.1]]},"properties":{"kind":"trail","name":null,"osmId":1079085564}},{"type":"Feature","geometry":{"type":"LineString","coordinates":[[571341.0,4671873.1],[571343.9,4671866.9],[571347.3,4671859.4]]},"properties":{"kind":"trail","name":null,"osmId":1079085565}},{"type":"Feature","geometry":{"type":"LineString","coordinates":[[571341.0,4671873.1],[571331.6,4671873.0],[571319.8,4671872.9]]},"properties":{"kind":"trail","name":null,"osmId":1079085566}},{"type":"Feature","geometry":{"type":"LineString","coordinates":[[571338.8,4671845.0],[571333.4,4671845.0],[571327.9,4671845.1],[571324.7,4671845.0],[571323.0,4671843.8],[571322.1,4671842.4],[571321.9,4671840.6],[571321.9,4671834.1]]},"properties":{"kind":"road","name":null,"osmId":1079085567}},{"type":"Feature","geometry":{"type":"LineString","coordinates":[[571339.3,4671834.1],[571321.9,4671834.1],[571319.0,4671833.6],[571316.3,4671832.3],[571314.6,4671830.3],[571313.2,4671827.3],[571311.1,4671822.6],[571308.6,4671815.5],[571307.6,4671811.3],[571307.0,4671806.8],[571307.0,4671803.9]]},"properties":{"kind":"road","name":null,"osmId":1079085568}},{"type":"Feature","geometry":{"type":"LineString","coordinates":[[571226.1,4671847.7],[571203.2,4671843.5],[571198.5,4671842.6],[571157.7,4671836.2],[571147.8,4671834.8],[571125.1,4671831.6],[571086.9,4671827.6],[571079.6,4671826.9],[571066.7,4671825.7],[571035.1,4671823.7],[571017.9,4671822.4],[570997.9,4671821.0],[570976.8,4671819.5],[570971.6,4671819.1],[570935.8,4671816.9],[570904.1,4671815.1],[570897.7,4671814.7],[570867.2,4671813.8],[570854.3,4671813.8],[570823.1,4671815.1],[570804.1,4671816.5],[570802.4,4671816.5],[570800.4,4671815.9],[570799.3,4671814.9],[570798.2,4671813.4],[570797.8,4671811.5],[570797.8,4671809.5],[570799.0,4671796.5]]},"properties":{"kind":"trail","name":null,"osmId":1079085569}},{"type":"Feature","geometry":{"type":"LineString","coordinates":[[570802.4,4671816.5],[570793.2,4671817.3],[570788.1,4671817.8]]},"properties":{"kind":"trail","name":null,"osmId":1079085570}},{"type":"Feature","geometry":{"type":"LineString","coordinates":[[570788.1,4671817.8],[570766.6,4671821.0],[570733.9,4671826.4],[570715.0,4671830.7],[570678.1,4671839.6],[570636.7,4671851.7],[570629.1,4671854.0]]},"properties":{"kind":"trail","name":null,"osmId":1079085571}},{"type":"Feature","geometry":{"type":"LineString","coordinates":[[570615.8,4671824.3],[570624.6,4671855.4],[570626.0,4671860.6]]},"properties":{"kind":"road","name":null,"osmId":1079085572}},{"type":"Feature","geometry":{"type":"LineString","coordinates":[[570620.1,4671856.7],[570606.9,4671860.6],[570600.3,4671862.6],[570577.2,4671869.3],[570572.0,4671870.8],[570565.1,4671872.5]]},"properties":{"kind":"trail","name":null,"osmId":1079085573}},{"type":"Feature","geometry":{"type":"LineString","coordinates":[[570629.1,4671854.0],[570624.6,4671855.4],[570620.1,4671856.7]]},"properties":{"kind":"trail","name":null,"osmId":1079085574}},{"type":"Feature","geometry":{"type":"LineString","coordinates":[[570903.4,4671820.7],[570904.1,4671815.1],[570906.5,4671795.1],[570907.2,4671793.0],[570908.6,4671792.0],[570910.3,4671791.7],[570931.2,4671793.5]]},"properties":{"kind":"road","name":null,"osmId":1079085575}},{"type":"Feature","geometry":{"type":"LineString","coordinates":[[571333.3,4671848.2],[571333.3,4671853.0],[571333.0,4671855.4],[571332.2,4671857.1],[571331.2,4671858.4],[571329.8,4671859.3],[571328.1,4671860.1],[571326.1,4671860.3],[571306.7,4671860.3],[571296.6,4671859.7],[571280.8,4671858.1],[571271.6,4671856.3],[571267.2,4671855.4],[571253.9,4671852.9],[571246.6,4671851.6]]},"properties":{"kind":"trail","name":null,"osmId":1079085576}},{"type":"Feature","geometry":{"type":"LineString","coordinates":[[571246.6,4671851.6],[571237.5,4671849.9],[571226.1,4671847.7]]},"properties":{"kind":"trail","name":null,"osmId":1079085577}},{"type":"Feature","geometry":{"type":"LineString","coordinates":[[571226.1,4671847.7],[571227.2,4671853.8],[571228.2,4671859.6]]},"properties":{"kind":"trail","name":null,"osmId":1079085578}},{"type":"Feature","geometry":{"type":"LineString","coordinates":[[571240.2,4671804.9],[571238.3,4671836.1]]},"properties":{"kind":"road","name":null,"osmId":1079085579}},{"type":"Feature","geometry":{"type":"LineString","coordinates":[[571202.2,4671849.0],[571203.2,4671843.5],[571204.2,4671839.7],[571206.4,4671836.6],[571208.8,4671835.2],[571212.4,4671834.2],[571215.7,4671834.1],[571238.3,4671836.1]]},"properties":{"kind":"road","name":null,"osmId":1079085580}},{"type":"Feature","geometry":{"type":"LineString","coordinates":[[571238.3,4671836.1],[571237.5,4671849.9],[571237.2,4671855.6]]},"properties":{"kind":"road","name":null,"osmId":1079085581}},{"type":"Feature","geometry":{"type":"LineString","coordinates":[[571210.1,4671857.2],[571209.2,4671856.1],[571207.9,4671855.3],[571205.9,4671854.7],[571203.7,4671854.4],[571162.1,4671847.5],[571129.7,4671842.8],[571095.5,4671839.1],[571082.2,4671837.9],[571070.0,4671836.7],[571032.8,4671834.1],[571017.0,4671833.1],[570978.8,4671830.6],[570974.4,4671830.3],[570954.8,4671829.1]]},"properties":{"kind":"trail","name":null,"osmId":1079085582}},{"type":"Feature","geometry":{"type":"LineString","coordinates":[[569887.8,4671736.8],[569887.9,4671729.2],[569888.0,4671722.0]]},"properties":{"kind":"trail","name":null,"osmId":1079085583}},{"type":"Feature","geometry":{"type":"LineString","coordinates":[[569888.0,4671722.0],[569887.8,4671721.1],[569886.9,4671720.3],[569883.7,4671718.8],[569874.0,4671715.0],[569868.3,4671712.4],[569862.3,4671709.5],[569858.0,4671706.8],[569854.0,4671704.2],[569848.5,4671700.8],[569843.5,4671698.2],[569810.1,4671680.6],[569769.1,4671658.9]]},"properties":{"kind":"trail","name":null,"osmId":1079085584}},{"type":"Feature","geometry":{"type":"LineString","coordinates":[[569758.5,4671671.1],[569765.5,4671657.1],[569775.1,4671637.8]]},"properties":{"kind":"road","name":null,"osmId":1079085585}},{"type":"Feature","geometry":{"type":"LineString","coordinates":[[569775.1,4671637.8],[569819.0,4671664.5]]},"properties":{"kind":"road","name":null,"osmId":1079085586}},{"type":"Feature","geometry":{"type":"LineString","coordinates":[[569775.1,4671637.8],[569776.3,4671634.2],[569776.8,4671630.4],[569777.2,4671627.1],[569778.6,4671623.8],[569785.1,4671611.5]]},"properties":{"kind":"road","name":null,"osmId":1079085587}},{"type":"Feature","geometry":{"type":"LineString","coordinates":[[569769.1,4671658.9],[569765.5,4671657.1]]},"properties":{"kind":"trail","name":null,"osmId":1079085588}},{"type":"Feature","geometry":{"type":"LineString","coordinates":[[569810.1,4671680.6],[569819.0,4671664.5],[569825.4,4671652.9]]},"properties":{"kind":"trail","name":null,"osmId":1079085589}},{"type":"Feature","geometry":{"type":"LineString","coordinates":[[570102.4,4671822.1],[570041.8,4671799.7],[570010.2,4671787.3],[569984.9,4671777.3],[569921.5,4671750.7],[569887.8,4671736.8]]},"properties":{"kind":"trail","name":null,"osmId":1079085590}},{"type":"Feature","geometry":{"type":"LineString","coordinates":[[570142.7,4671834.7],[570136.7,4671832.8]]},"properties":{"kind":"trail","name":null,"osmId":1079085591}},{"type":"Feature","geometry":{"type":"LineString","coordinates":[[570136.7,4671832.8],[570130.7,4671830.9],[570125.3,4671829.2]]},"properties":{"kind":"trail","name":null,"osmId":1079085592}},{"type":"Feature","geometry":{"type":"LineString","coordinates":[[570125.3,4671829.2],[570119.2,4671827.3]]},"properties":{"kind":"trail","name":null,"osmId":1079085593}},{"type":"Feature","geometry":{"type":"LineString","coordinates":[[570119.2,4671827.3],[570111.1,4671824.8],[570102.4,4671822.1]]},"properties":{"kind":"trail","name":null,"osmId":1079085594}},{"type":"Feature","geometry":{"type":"LineString","coordinates":[[570155.7,4671838.2],[570148.4,4671836.3],[570142.7,4671834.7]]},"properties":{"kind":"trail","name":null,"osmId":1079085595}},{"type":"Feature","geometry":{"type":"LineString","coordinates":[[570212.9,4671853.8],[570155.7,4671838.2]]},"properties":{"kind":"trail","name":null,"osmId":1079085596}},{"type":"Feature","geometry":{"type":"LineString","coordinates":[[570232.7,4671859.4],[570222.1,4671856.4],[570212.9,4671853.8]]},"properties":{"kind":"trail","name":null,"osmId":1079085597}},{"type":"Feature","geometry":{"type":"LineString","coordinates":[[570275.7,4671871.4],[570232.7,4671859.4]]},"properties":{"kind":"trail","name":null,"osmId":1079085598}},{"type":"Feature","geometry":{"type":"LineString","coordinates":[[570304.0,4671880.0],[570289.6,4671875.6],[570275.7,4671871.4]]},"properties":{"kind":"trail","name":null,"osmId":1079085599}},{"type":"Feature","geometry":{"type":"LineString","coordinates":[[570325.2,4671884.7],[570319.6,4671883.3],[570307.1,4671879.8],[570305.9,4671879.7],[570304.7,4671879.8],[570304.0,4671880.0]]},"properties":{"kind":"trail","name":null,"osmId":1079085600}},{"type":"Feature","geometry":{"type":"LineString","coordinates":[[570337.1,4671887.6],[570331.8,4671886.3],[570325.2,4671884.7]]},"properties":{"kind":"trail","name":null,"osmId":1079085601}},{"type":"Feature","geometry":{"type":"LineString","coordinates":[[570330.4,4671892.1],[570324.0,4671917.9],[570322.3,4671920.9],[570319.6,4671923.2],[570316.4,4671924.6],[570311.7,4671924.7],[570305.5,4671923.5]]},"properties":{"kind":"road","name":null,"osmId":1079085602}},{"type":"Feature","geometry":{"type":"LineString","coordinates":[[570305.5,4671923.5],[570301.4,4671921.6],[570299.2,4671919.3],[570297.4,4671915.7],[570297.5,4671913.1],[570298.3,4671906.4],[570299.0,4671901.0],[570298.8,4671897.0],[570297.8,4671895.1],[570295.9,4671893.7],[570293.3,4671892.7],[570287.4,4671891.3]]},"properties":{"kind":"road","name":null,"osmId":1079085603}},{"type":"Feature","geometry":{"type":"LineString","coordinates":[[570333.4,4671880.0],[570331.8,4671886.3],[570330.4,4671892.1]]},"properties":{"kind":"road","name":null,"osmId":1079085604}},{"type":"Feature","geometry":{"type":"LineString","coordinates":[[570374.2,4671894.9],[570362.2,4671893.0],[570341.2,4671888.6],[570337.1,4671887.6]]},"properties":{"kind":"trail","name":null,"osmId":1079085606}},{"type":"Feature","geometry":{"type":"LineString","coordinates":[[570410.1,4671899.0],[570399.2,4671897.8],[570394.6,4671897.2]]},"properties":{"kind":"trail","name":null,"osmId":1079085607}},{"type":"Feature","geometry":{"type":"LineString","coordinates":[[570394.6,4671897.2],[570384.4,4671896.1]]},"properties":{"kind":"trail","name":null,"osmId":1079085608}},{"type":"Feature","geometry":{"type":"LineString","coordinates":[[570384.4,4671896.1],[570378.8,4671895.5],[570374.2,4671894.9]]},"properties":{"kind":"trail","name":null,"osmId":1079085609}},{"type":"Feature","geometry":{"type":"LineString","coordinates":[[570468.8,4671899.4],[570458.6,4671900.3],[570447.6,4671900.4],[570425.0,4671900.0],[570410.1,4671899.0]]},"properties":{"kind":"trail","name":null,"osmId":1079085610}},{"type":"Feature","geometry":{"type":"LineString","coordinates":[[570476.0,4671898.6],[570472.3,4671899.0],[570468.8,4671899.4]]},"properties":{"kind":"trail","name":null,"osmId":1079085611}},{"type":"Feature","geometry":{"type":"LineString","coordinates":[[570565.1,4671872.5],[570564.5,4671877.0],[570563.5,4671884.3]]},"properties":{"kind":"trail","name":null,"osmId":1079085612}},{"type":"Feature","geometry":{"type":"LineString","coordinates":[[570585.2,4671878.8],[570563.5,4671884.3],[570559.2,4671885.4],[570540.3,4671889.8],[570537.1,4671890.5],[570519.8,4671893.6],[570506.7,4671895.2],[570484.8,4671897.7],[570476.0,4671898.6]]},"properties":{"kind":"trail","name":null,"osmId":1079085613}},{"type":"Feature","geometry":{"type":"LineString","coordinates":[[570597.5,4671874.9],[570585.2,4671878.8]]},"properties":{"kind":"trail","name":null,"osmId":1079085614}},{"type":"Feature","geometry":{"type":"LineString","coordinates":[[570622.0,4671867.9],[570597.5,4671874.9]]},"properties":{"kind":"trail","name":null,"osmId":1079085615}},{"type":"Feature","geometry":{"type":"LineString","coordinates":[[570630.8,4671865.4],[570626.2,4671866.7],[570622.0,4671867.9]]},"properties":{"kind":"trail","name":null,"osmId":1079085616}},{"type":"Feature","geometry":{"type":"LineString","coordinates":[[570639.7,4671862.8],[570630.8,4671865.4]]},"properties":{"kind":"trail","name":null,"osmId":1079085617}},{"type":"Feature","geometry":{"type":"LineString","coordinates":[[570659.9,4671856.9],[570648.3,4671860.3]]},"properties":{"kind":"trail","name":null,"osmId":1079085618}},{"type":"Feature","geometry":{"type":"LineString","coordinates":[[570667.6,4671854.7],[570663.3,4671856.0],[570659.9,4671856.9]]},"properties":{"kind":"trail","name":null,"osmId":1079085619}},{"type":"Feature","geometry":{"type":"LineString","coordinates":[[570648.3,4671860.3],[570644.1,4671861.5],[570639.7,4671862.8]]},"properties":{"kind":"trail","name":null,"osmId":1079085620}},{"type":"Feature","geometry":{"type":"LineString","coordinates":[[570744.5,4671835.7],[570731.3,4671838.2],[570724.7,4671839.4],[570698.9,4671845.5],[570678.8,4671851.4],[570673.6,4671853.0],[570667.6,4671854.7]]},"properties":{"kind":"trail","name":null,"osmId":1079085621}},{"type":"Feature","geometry":{"type":"LineString","coordinates":[[570804.0,4671828.1],[570794.1,4671828.9],[570787.4,4671829.5]]},"properties":{"kind":"trail","name":null,"osmId":1079085622}},{"type":"Feature","geometry":{"type":"LineString","coordinates":[[570787.4,4671829.5],[570775.8,4671830.9]]},"properties":{"kind":"trail","name":null,"osmId":1079085623}},{"type":"Feature","geometry":{"type":"LineString","coordinates":[[570775.8,4671830.9],[570767.1,4671832.0]]},"properties":{"kind":"trail","name":null,"osmId":1079085624}},{"type":"Feature","geometry":{"type":"LineString","coordinates":[[570767.1,4671832.0],[570755.2,4671834.0]]},"properties":{"kind":"trail","name":null,"osmId":1079085625}},{"type":"Feature","geometry":{"type":"LineString","coordinates":[[570755.2,4671834.0],[570744.5,4671835.7]]},"properties":{"kind":"trail","name":null,"osmId":1079085626}},{"type":"Feature","geometry":{"type":"LineString","coordinates":[[570895.1,4671825.5],[570877.3,4671824.9],[570874.8,4671824.9],[570862.3,4671824.7],[570846.7,4671824.9],[570834.2,4671825.9],[570817.4,4671826.9],[570804.0,4671828.1]]},"properties":{"kind":"trail","name":null,"osmId":1079085627}},{"type":"Feature","geometry":{"type":"LineString","coordinates":[[570915.6,4671826.7],[570905.8,4671826.1],[570895.1,4671825.5]]},"properties":{"kind":"trail","name":null,"osmId":1079085628}},{"type":"Feature","geometry":{"type":"LineString","coordinates":[[570943.8,4671828.5],[570915.6,4671826.7]]},"properties":{"kind":"trail","name":null,"osmId":1079085629}},{"type":"Feature","geometry":{"type":"LineString","coordinates":[[570954.8,4671829.1],[570949.2,4671828.8],[570943.8,4671828.5]]},"properties":{"kind":"trail","name":null,"osmId":1079085630}},{"type":"Feature","geometry":{"type":"LineString","coordinates":[[571226.4,4671860.3],[571218.6,4671858.8],[571210.1,4671857.2]]},"properties":{"kind":"trail","name":null,"osmId":1079085631}},{"type":"Feature","geometry":{"type":"LineString","coordinates":[[571319.1,4671872.5],[571323.7,4671866.8],[571329.8,4671859.3]]},"properties":{"kind":"trail","name":null,"osmId":1079085632}},{"type":"Feature","geometry":{"type":"LineString","coordinates":[[571329.8,4671859.3],[571337.8,4671858.8],[571345.7,4671858.3]]},"properties":{"kind":"trail","name":null,"osmId":1079085633}},{"type":"Feature","geometry":{"type":"LineString","coordinates":[[571392.8,4671860.1],[571389.4,4671860.1],[571351.5,4671859.9],[571349.1,4671859.8],[571347.3,4671859.4],[571345.7,4671858.3],[571344.6,4671857.0],[571343.8,4671855.5],[571343.4,4671853.5],[571343.1,4671851.7]]},"properties":{"kind":"trail","name":null,"osmId":1079085634}},{"type":"Feature","geometry":{"type":"LineString","coordinates":[[571402.3,4671860.2],[571397.1,4671860.2],[571392.8,4671860.1]]},"properties":{"kind":"trail","name":null,"osmId":1079085635}},{"type":"Feature","geometry":{"type":"LineString","coordinates":[[571461.9,4671861.0],[571402.3,4671860.2]]},"properties":{"kind":"trail","name":null,"osmId":1079085636}},{"type":"Feature","geometry":{"type":"LineString","coordinates":[[571472.7,4671861.1],[571461.9,4671861.0]]},"properties":{"kind":"trail","name":null,"osmId":1079085637}},{"type":"Feature","geometry":{"type":"LineString","coordinates":[[571503.1,4671861.2],[571507.7,4671861.3],[571513.2,4671861.5]]},"properties":{"kind":"trail","name":null,"osmId":1079085638}},{"type":"Feature","geometry":{"type":"LineString","coordinates":[[571650.6,4671814.8],[571650.8,4671817.0],[571650.7,4671819.3],[571650.4,4671825.0],[571648.5,4671857.7],[571648.2,4671859.9],[571647.5,4671861.7],[571646.6,4671863.0],[571645.5,4671863.8],[571644.6,4671864.2],[571643.4,4671864.3],[571624.6,4671863.9],[571613.5,4671863.7]]},"properties":{"kind":"trail","name":null,"osmId":1079085639}},{"type":"Feature","geometry":{"type":"LineString","coordinates":[[571613.5,4671863.7],[571608.1,4671863.6],[571603.8,4671863.5]]},"properties":{"kind":"trail","name":null,"osmId":1079085640}},{"type":"Feature","geometry":{"type":"LineString","coordinates":[[571647.7,4671876.8],[571647.3,4671870.8],[571646.6,4671863.0]]},"properties":{"kind":"trail","name":null,"osmId":1079085641}},{"type":"Feature","geometry":{"type":"LineString","coordinates":[[571646.6,4671863.0],[571652.1,4671863.8],[571657.5,4671864.6]]},"properties":{"kind":"trail","name":null,"osmId":1079085642}},{"type":"Feature","geometry":{"type":"LineString","coordinates":[[571733.2,4671866.8],[571657.5,4671864.6]]},"properties":{"kind":"trail","name":null,"osmId":1079085643}},{"type":"Feature","geometry":{"type":"LineString","coordinates":[[571333.4,4671845.0],[571333.3,4671848.2]]},"properties":{"kind":"trail","name":null,"osmId":1079085645}},{"type":"Feature","geometry":{"type":"LineString","coordinates":[[571408.6,4671913.1],[571407.8,4671872.1],[571407.7,4671866.9]]},"properties":{"kind":"road","name":null,"osmId":1079085647}},{"type":"Feature","geometry":{"type":"LineString","coordinates":[[571290.8,4671895.0],[571293.2,4671870.0],[571293.6,4671865.4]]},"properties":{"kind":"road","name":null,"osmId":1079085648}},{"type":"Feature","geometry":{"type":"LineString","coordinates":[[571201.3,4671899.5],[571199.6,4671896.8],[571198.7,4671894.6],[571198.1,4671891.9],[571198.0,4671889.4],[571198.3,4671886.8],[571203.7,4671854.4]]},"properties":{"kind":"trail","name":null,"osmId":1079085649}},{"type":"Feature","geometry":{"type":"LineString","coordinates":[[571221.0,4671902.9],[571223.7,4671901.1],[571226.2,4671898.0],[571227.6,4671895.2],[571228.7,4671891.1],[571233.8,4671860.2]]},"properties":{"kind":"trail","name":null,"osmId":1079085650}},{"type":"Feature","geometry":{"type":"LineString","coordinates":[[571215.0,4671906.9],[571218.4,4671904.6],[571221.0,4671902.9]]},"properties":{"kind":"trail","name":null,"osmId":1079085651}},{"type":"Feature","geometry":{"type":"LineString","coordinates":[[571205.4,4671905.7],[571203.0,4671902.1],[571201.3,4671899.5]]},"properties":{"kind":"trail","name":null,"osmId":1079085652}},{"type":"Feature","geometry":{"type":"LineString","coordinates":[[571203.8,4671915.5],[571204.5,4671911.3],[571204.8,4671909.5]]},"properties":{"kind":"trail","name":null,"osmId":1079085653}},{"type":"Feature","geometry":{"type":"LineString","coordinates":[[571214.2,4671911.3],[571215.0,4671906.9]]},"properties":{"kind":"trail","name":null,"osmId":1079085654}},{"type":"Feature","geometry":{"type":"LineString","coordinates":[[571203.8,4671915.5],[571203.2,4671919.8],[571204.4,4671922.4],[571207.2,4671922.9],[571209.9,4671923.4],[571212.3,4671922.0],[571213.2,4671917.0]]},"properties":{"kind":"trail","name":null,"osmId":1079085655}},{"type":"Feature","geometry":{"type":"LineString","coordinates":[[571213.2,4671917.0],[571203.8,4671915.5]]},"properties":{"kind":"trail","name":null,"osmId":1079085656}},{"type":"Feature","geometry":{"type":"LineString","coordinates":[[571204.8,4671909.5],[571205.4,4671905.7]]},"properties":{"kind":"trail","name":null,"osmId":1079085657}},{"type":"Feature","geometry":{"type":"LineString","coordinates":[[571213.2,4671917.0],[571213.9,4671913.0],[571214.2,4671911.3]]},"properties":{"kind":"trail","name":null,"osmId":1079085658}},{"type":"Feature","geometry":{"type":"LineString","coordinates":[[571207.2,4671922.9],[571203.1,4671946.9]]},"properties":{"kind":"trail","name":null,"osmId":1079085659}},{"type":"Feature","geometry":{"type":"LineString","coordinates":[[571201.8,4671954.4],[571201.4,4671962.3],[571201.3,4671966.6]]},"properties":{"kind":"trail","name":null,"osmId":1079085660}},{"type":"Feature","geometry":{"type":"LineString","coordinates":[[571203.1,4671946.9],[571202.2,4671951.7],[571201.8,4671954.4]]},"properties":{"kind":"trail","name":null,"osmId":1079085661}},{"type":"Feature","geometry":{"type":"LineString","coordinates":[[571608.0,4671869.9],[571608.1,4671863.6],[571608.4,4671842.3],[571607.9,4671839.1],[571606.9,4671836.8],[571605.2,4671835.3],[571603.2,4671834.3],[571599.7,4671834.1]]},"properties":{"kind":"road","name":null,"osmId":1079085662}},{"type":"Feature","geometry":{"type":"LineString","coordinates":[[571739.5,4671834.7],[571738.0,4671830.8],[571732.8,4671825.0],[571728.7,4671821.9],[571724.5,4671820.3],[571718.3,4671819.2],[571710.5,4671819.7],[571706.0,4671820.6],[571702.9,4671821.9],[571700.4,4671823.9],[571698.0,4671826.3]]},"properties":{"kind":"road","name":null,"osmId":1079085663}},{"type":"Feature","geometry":{"type":"LineString","coordinates":[[571286.3,4671869.4],[571282.3,4671868.8],[571275.7,4671867.7],[571261.1,4671865.5],[571233.8,4671860.2],[571230.8,4671859.6],[571229.7,4671859.5],[571228.2,4671859.6],[571226.4,4671860.3]]},"properties":{"kind":"trail","name":null,"osmId":1079085665}},{"type":"Feature","geometry":{"type":"LineString","coordinates":[[571299.2,4671870.5],[571293.2,4671870.0],[571286.3,4671869.4]]},"properties":{"kind":"trail","name":null,"osmId":1079085666}},{"type":"Feature","geometry":{"type":"LineString","coordinates":[[570892.7,4671990.0],[570855.5,4671991.5]]},"properties":{"kind":"road","name":null,"osmId":1079085667}},{"type":"Feature","geometry":{"type":"LineString","coordinates":[[570858.6,4671884.6],[570859.2,4671848.7]]},"properties":{"kind":"road","name":null,"osmId":1079085668}},{"type":"Feature","geometry":{"type":"LineString","coordinates":[[570863.0,4671884.7],[570864.1,4671848.8]]},"properties":{"kind":"road","name":null,"osmId":1079085669}},{"type":"Feature","geometry":{"type":"LineString","coordinates":[[570867.8,4671884.8],[570868.7,4671848.8]]},"properties":{"kind":"road","name":null,"osmId":1079085670}},{"type":"Feature","geometry":{"type":"LineString","coordinates":[[570902.7,4671885.6],[570867.8,4671884.8],[570863.0,4671884.7],[570858.6,4671884.6]]},"properties":{"kind":"road","name":null,"osmId":1079085671}},{"type":"Feature","geometry":{"type":"LineString","coordinates":[[570858.6,4671884.6],[570857.5,4671884.5],[570856.0,4671884.1],[570854.8,4671883.2],[570854.0,4671881.5],[570853.9,4671879.9],[570854.4,4671853.5],[570854.8,4671851.3],[570855.5,4671849.9],[570856.7,4671849.1],[570858.4,4671848.7],[570859.2,4671848.7]]},"properties":{"kind":"road","name":null,"osmId":1079085672}},{"type":"Feature","geometry":{"type":"LineString","coordinates":[[570933.3,4671897.0],[570939.6,4671848.9],[570941.2,4671843.5],[570943.4,4671840.5],[570946.0,4671838.0],[570947.5,4671835.6],[570948.8,4671832.6],[570949.2,4671828.8],[570949.8,4671823.0]]},"properties":{"kind":"road","name":null,"osmId":1079085673}},{"type":"Feature","geometry":{"type":"LineString","coordinates":[[571538.2,4671862.1],[571538.4,4671855.2]]},"properties":{"kind":"trail","name":null,"osmId":1079118820}},{"type":"Feature","geometry":{"type":"LineString","coordinates":[[571541.0,4671852.0],[571536.0,4671851.9],[571536.0,4671853.0],[571536.1,4671853.6],[571536.4,4671854.2],[571536.9,4671854.7],[571537.6,4671855.1],[571538.4,4671855.2],[571539.1,4671855.2],[571539.8,4671855.0],[571540.4,4671854.6],[571540.7,4671854.1],[571540.9,4671853.4],[571541.0,4671852.0]]},"properties":{"kind":"trail","name":null,"osmId":1079118821}},{"type":"Feature","geometry":{"type":"LineString","coordinates":[[571541.0,4671852.0],[571541.8,4671851.9],[571542.5,4671851.4],[571543.0,4671850.7],[571543.4,4671849.5],[571543.7,4671848.3],[571547.4,4671830.6],[571548.9,4671823.1]]},"properties":{"kind":"trail","name":null,"osmId":1079118822}},{"type":"Feature","geometry":{"type":"LineString","coordinates":[[571522.2,4671787.1],[571547.1,4671789.4]]},"properties":{"kind":"trail","name":null,"osmId":1079118824}},{"type":"Feature","geometry":{"type":"LineString","coordinates":[[571547.1,4671789.4],[571559.1,4671791.9]]},"properties":{"kind":"trail","name":null,"osmId":1079118825}},{"type":"Feature","geometry":{"type":"LineString","coordinates":[[571517.1,4671786.7],[571520.2,4671787.0],[571522.2,4671787.1]]},"properties":{"kind":"trail","name":null,"osmId":1079118826}},{"type":"Feature","geometry":{"type":"LineString","coordinates":[[571582.3,4671863.0],[571580.8,4671822.0]]},"properties":{"kind":"trail","name":null,"osmId":1079118827}},{"type":"Feature","geometry":{"type":"LineString","coordinates":[[571628.1,4671819.8],[571650.4,4671825.0]]},"properties":{"kind":"trail","name":null,"osmId":1079118828}},{"type":"Feature","geometry":{"type":"LineString","coordinates":[[571514.3,4671821.2],[571521.4,4671819.1],[571523.6,4671817.7],[571524.9,4671815.3],[571525.6,4671812.0],[571525.4,4671808.7],[571523.9,4671804.9],[571522.5,4671802.8],[571518.4,4671797.4]]},"properties":{"kind":"road","name":null,"osmId":1079118829}},{"type":"Feature","geometry":{"type":"LineString","coordinates":[[571624.5,4671870.3],[571624.6,4671863.9],[571625.0,4671846.3]]},"properties":{"kind":"road","name":null,"osmId":1079118831}},{"type":"Feature","geometry":{"type":"LineString","coordinates":[[571618.5,4671892.3],[571619.0,4671876.2],[571619.2,4671870.2]]},"properties":{"kind":"road","name":null,"osmId":1079118832}},{"type":"Feature","geometry":{"type":"LineString","coordinates":[[570491.9,4671884.7],[570495.7,4671866.5],[570501.5,4671826.8],[570486.5,4671777.1],[570425.6,4671691.6],[570395.9,4671673.2],[570391.9,4671666.3],[570374.1,4671635.9],[570374.2,4671561.6],[570358.8,4671519.0],[570332.3,4671488.3],[570318.7,4671442.0],[570288.9,4671397.2],[570290.1,4671380.3],[570290.4,4671374.5],[570309.7,4671364.0],[570329.2,4671360.5],[570354.2,4671342.3],[570369.9,4671315.1],[570366.6,4671297.0],[570363.3,4671278.9],[570362.7,4671232.0],[570347.3,4671227.2],[570317.7,4671235.6],[570283.5,4671233.9],[570265.6,4671206.3],[570266.1,4671191.6],[570279.5,4671164.0],[570283.1,4671131.9],[570309.7,4671091.4],[570328.1,4671069.1],[570339.7,4671044.9]]},"properties":{"kind":"stream","name":"Allen Brook","osmId":1079509688}},{"type":"Feature","geometry":{"type":"LineString","coordinates":[[570137.5,4672929.7],[570155.7,4672884.6],[570154.3,4672846.6],[570149.2,4672793.7],[570169.8,4672757.7],[570161.5,4672723.5],[570152.8,4672690.7],[570157.5,4672672.7],[570175.3,4672654.7],[570197.1,4672647.4],[570216.9,4672634.0],[570228.8,4672602.5],[570239.1,4672589.0],[570275.0,4672577.8],[570289.7,4672570.9],[570302.1,4672543.9],[570307.9,4672515.8],[570324.7,4672505.4],[570336.0,4672484.4],[570349.3,4672466.0],[570374.1,4672409.9],[570376.5,4672363.3],[570396.1,4672324.5],[570418.7,4672253.9],[570408.4,4672222.7],[570424.5,4672165.3],[570450.2,4672135.1],[570497.3,4672105.3],[570494.3,4672076.6],[570502.5,4672055.6],[570491.7,4671996.6],[570482.3,4671962.1],[570482.6,4671934.3],[570487.9,4671904.2],[570489.2,4671898.2]]},"properties":{"kind":"stream","name":"Allen Brook","osmId":1079509689}},{"type":"Feature","geometry":{"type":"LineString","coordinates":[[570489.2,4671898.2],[570491.9,4671884.7]]},"properties":{"kind":"stream","name":"Allen Brook","osmId":1079509690}},{"type":"Feature","geometry":{"type":"LineString","coordinates":[[570232.6,4671789.5],[570238.9,4671788.0],[570272.6,4671786.0],[570291.9,4671786.4],[570313.1,4671767.2],[570317.2,4671771.6],[570343.6,4671750.6],[570345.5,4671735.6],[570359.0,4671722.8],[570374.5,4671704.4],[570388.4,4671688.3],[570391.2,4671674.7],[570391.9,4671666.3]]},"properties":{"kind":"stream","name":null,"osmId":1079509692}},{"type":"Feature","geometry":{"type":"LineString","coordinates":[[569966.3,4672224.6],[569949.6,4672190.9],[569939.3,4672169.2],[569946.0,4672152.7],[569950.7,4672142.6],[569960.0,4672135.2],[569972.4,4672112.8],[569982.1,4672103.4],[569982.6,4672093.5],[569988.9,4672084.1],[570000.7,4672077.6],[570011.9,4672066.6],[570018.8,4672059.2],[570026.8,4672054.4],[570041.3,4672050.2],[570048.7,4672036.8],[570051.4,4672030.4],[570047.9,4672027.3],[570042.4,4672026.8],[570042.4,4672021.9],[570041.7,4672006.3],[570033.7,4671991.2],[570036.1,4671971.8],[570039.3,4671964.3],[570034.7,4671957.4],[570030.2,4671958.0],[570027.4,4671957.8],[570023.2,4671939.6],[570022.8,4671922.0],[570022.3,4671909.5],[570020.8,4671898.5],[570027.7,4671888.1],[570056.3,4671885.8],[570071.0,4671882.3],[570079.6,4671877.3],[570083.1,4671873.6],[570084.6,4671861.7],[570088.0,4671858.3]]},"properties":{"kind":"stream","name":null,"osmId":1079509693}},{"type":"Feature","geometry":{"type":"LineString","coordinates":[[570223.9,4671791.6],[570232.6,4671789.5]]},"properties":{"kind":"stream","name":null,"osmId":1079509694}},{"type":"Feature","geometry":{"type":"LineString","coordinates":[[567933.4,4671519.2],[567892.4,4671511.0],[567888.2,4671509.6],[567885.4,4671502.8],[567824.4,4671392.7],[567795.2,4671349.8]]},"properties":{"kind":"stream","name":null,"osmId":1079509697}},{"type":"Feature","geometry":{"type":"Polygon","coordinates":[[[564735.7,4673018.6],[564662.1,4673057.5],[564646.7,4673062.0],[564628.8,4673061.4],[564615.1,4673056.1],[564612.1,4673051.4],[564612.5,4673046.3],[564618.3,4673042.1],[564625.3,4673038.1],[564634.9,4673029.6],[564641.4,4673020.3],[564646.8,4673010.4],[564650.8,4673000.1],[564656.4,4672992.5],[564679.5,4672981.7],[564718.3,4672972.8],[564727.8,4672972.9],[564736.1,4672975.5],[564745.3,4672983.4],[564747.9,4672987.6],[564749.6,4672993.0],[564749.7,4673002.3],[564749.8,4673008.5],[564748.4,4673010.6],[564745.3,4673011.0],[564743.1,4673012.2],[564742.6,4673014.6],[564740.9,4673017.8],[564738.4,4673018.0],[564735.7,4673018.6]]]},"properties":{"kind":"lake","name":null,"osmId":1080314290}},{"type":"Feature","geometry":{"type":"LineString","coordinates":[[565778.2,4672903.4],[565782.3,4672909.7],[565791.9,4672924.3],[565793.2,4672925.4],[565794.5,4672925.5],[565796.1,4672924.9],[565813.6,4672913.1],[565814.5,4672911.9],[565814.7,4672910.3],[565814.2,4672908.7],[565804.9,4672893.9],[565800.8,4672887.5]]},"properties":{"kind":"road","name":null,"osmId":1080332247}},{"type":"Feature","geometry":{"type":"LineString","coordinates":[[565808.0,4672891.8],[565817.5,4672885.2],[565825.8,4672878.9],[565832.4,4672873.8],[565856.8,4672856.6],[565862.8,4672852.2],[565874.9,4672844.6],[565882.8,4672839.7],[565886.9,4672837.1],[565908.1,4672823.6],[565932.7,4672806.3],[565967.2,4672782.4],[566004.4,4672756.4],[566022.9,4672743.6]]},"properties":{"kind":"trail","name":null,"osmId":1080332248}},{"type":"Feature","geometry":{"type":"LineString","coordinates":[[565797.1,4672899.3],[565804.9,4672893.9],[565808.0,4672891.8]]},"properties":{"kind":"trail","name":null,"osmId":1080332249}},{"type":"Feature","geometry":{"type":"LineString","coordinates":[[565787.4,4672906.1],[565797.1,4672899.3]]},"properties":{"kind":"trail","name":null,"osmId":1080332250}},{"type":"Feature","geometry":{"type":"LineString","coordinates":[[565778.8,4672912.2],[565782.3,4672909.7],[565787.4,4672906.1]]},"properties":{"kind":"trail","name":null,"osmId":1080332251}},{"type":"Feature","geometry":{"type":"LineString","coordinates":[[564995.9,4672885.7],[565002.5,4672882.5],[565005.5,4672881.1],[565078.9,4672845.5]]},"properties":{"kind":"road","name":null,"osmId":1080379465}},{"type":"Feature","geometry":{"type":"LineString","coordinates":[[565081.8,4672856.5],[565014.3,4672889.8],[565012.5,4672890.4],[565011.0,4672890.4],[565009.8,4672889.5],[565009.1,4672888.2],[565005.5,4672881.1],[564996.6,4672863.2],[564996.5,4672861.8],[564996.7,4672860.5],[564997.8,4672859.7],[565069.7,4672826.9]]},"properties":{"kind":"road","name":null,"osmId":1080379466}},{"type":"Feature","geometry":{"type":"LineString","coordinates":[[565239.6,4672817.0],[565256.5,4672849.9]]},"properties":{"kind":"road","name":"King James Court","osmId":1086710443}},{"type":"Feature","geometry":{"type":"Polygon","coordinates":[[[570266.8,4671882.7],[570237.6,4671875.2],[570235.8,4671874.1],[570234.7,4671872.7],[570234.4,4671871.4],[570234.6,4671870.3],[570235.2,4671869.0],[570236.3,4671868.4],[570237.9,4671868.1],[570239.8,4671868.2],[570267.6,4671876.3],[570269.3,4671877.4],[570269.8,4671878.9],[570270.1,4671880.4],[570269.6,4671881.3],[570268.8,4671882.1],[570266.8,4671882.7]]]},"properties":{"kind":"lake","name":null,"osmId":1095063920}},{"type":"Feature","geometry":{"type":"LineString","coordinates":[[572635.9,4674098.0],[572609.1,4674095.6],[572557.5,4674083.7],[572518.4,4674082.7],[572495.4,4674087.1],[572453.8,4674090.7],[572419.4,4674080.8],[572395.6,4674067.0],[572371.9,4674054.9],[572359.0,4674039.9],[572344.6,4674016.8],[572329.6,4673993.1],[572331.2,4673971.8],[572337.0,4673946.7],[572331.3,4673920.4],[572330.8,4673884.6],[572298.8,4673867.9],[572292.0,4673855.6],[572292.8,4673817.7],[572264.1,4673811.0],[572251.3,4673796.2],[572190.9,4673790.9],[572164.0,4673777.5],[572135.6,4673767.0],[572102.2,4673756.7],[572049.7,4673742.3],[572010.8,4673726.6],[571987.6,4673721.5],[571968.2,4673701.9],[571936.2,4673689.8],[571931.8,4673647.5],[571910.1,4673617.6],[571888.2,4673618.5],[571853.0,4673654.0],[571833.7,4673666.2],[571816.6,4673693.4],[571755.8,4673701.2],[571660.9,4673681.8],[571610.0,4673652.1],[571594.8,4673649.5],[571572.4,4673645.6],[571464.6,4673687.6],[571365.6,4673688.3],[571329.6,4673687.9],[571292.3,4673706.0],[571259.1,4673708.5],[571233.9,4673707.6]]},"properties":{"kind":"trail","name":"Hathaway to 23C","osmId":1095470229}},{"type":"Feature","geometry":{"type":"LineString","coordinates":[[572196.0,4674769.3],[572192.2,4674762.7],[572185.3,4674758.3],[572167.4,4674751.8],[572154.0,4674750.0],[572139.9,4674755.2],[572135.7,4674756.7],[572127.7,4674755.0],[572121.2,4674755.6],[572114.4,4674753.6],[572099.6,4674748.2],[572076.2,4674744.6],[572062.1,4674741.5],[572051.4,4674733.5],[572045.7,4674733.5],[572037.8,4674733.5],[572029.9,4674726.6],[572017.9,4674714.2],[572013.7,4674709.3],[572008.9,4674704.2],[572004.4,4674703.9],[571998.4,4674703.1],[571994.2,4674696.6],[571984.4,4674687.8],[571984.3,4674676.7],[571982.0,4674669.1],[571977.0,4674663.4],[571974.8,4674656.2],[571968.8,4674649.8],[571968.8,4674644.1],[571967.4,4674639.6],[571958.4,4674635.9],[571952.7,4674629.1],[571948.0,4674619.5],[571941.5,4674613.1],[571935.6,4674605.9],[571926.5,4674600.6],[571912.8,4674584.1],[571906.1,4674574.0],[571898.4,4674570.5],[571887.8,4674553.9],[571876.1,4674545.6],[571854.9,4674546.3],[571843.8,4674544.2],[571828.5,4674539.3],[571824.4,4674533.7],[571809.6,4674531.7],[571796.6,4674520.5],[571788.3,4674512.8],[571787.2,4674500.0],[571778.1,4674487.3],[571773.1,4674475.0],[571768.6,4674466.5],[571754.4,4674461.4],[571736.1,4674459.2],[571730.2,4674446.0],[571724.4,4674436.1],[571714.7,4674429.2],[571709.9,4674409.2],[571703.7,4674394.1],[571695.1,4674364.4],[571688.4,4674343.5],[571690.6,4674331.3],[571673.8,4674316.8],[571672.7,4674314.8],[571670.8,4674313.3],[571667.6,4674313.1],[571666.3,4674309.8],[571664.5,4674306.0],[571659.9,4674304.4],[571658.4,4674302.4],[571658.3,4674296.1],[571655.8,4674292.3],[571656.2,4674288.8],[571656.7,4674285.3],[571656.8,4674282.4],[571658.5,4674280.2],[571659.7,4674275.0],[571659.7,4674270.5],[571660.6,4674268.4],[571662.3,4674266.2],[571663.8,4674263.8],[571666.8,4674261.7],[571669.9,4674260.7],[571671.5,4674259.0],[571674.0,4674256.9],[571674.7,4674254.8],[571673.6,4674252.8],[571672.6,4674249.9],[571671.7,4674245.8],[571670.4,4674243.1],[571667.9,4674241.1],[571665.0,4674238.9],[571661.6,4674235.8],[571659.2,4674234.9],[571657.6,4674235.4],[571655.7,4674234.4],[571652.6,4674233.2],[571644.7,4674232.4],[571643.2,4674233.8],[571640.3,4674234.7],[571637.4,4674234.0],[571635.9,4674230.0],[571634.2,4674225.3],[571635.3,4674221.0],[571637.6,4674218.2],[571637.7,4674214.8],[571634.7,4674213.7],[571632.2,4674211.6],[571630.1,4674208.7],[571626.3,4674208.8],[571621.6,4674208.4],[571619.3,4674205.4],[571617.2,4674202.3],[571616.9,4674198.3],[571618.7,4674196.1],[571623.2,4674193.2],[571626.3,4674190.5],[571626.6,4674186.0],[571624.9,4674183.2],[571619.3,4674179.7],[571614.6,4674176.9],[571605.2,4674175.2],[571596.5,4674175.7],[571594.2,4674173.7],[571592.0,4674165.5],[571592.7,4674155.7],[571596.0,4674146.3],[571601.8,4674137.1],[571607.8,4674129.6],[571610.9,4674129.0],[571614.1,4674127.0],[571616.1,4674127.5],[571620.0,4674128.4],[571621.2,4674130.7],[571621.8,4674134.1],[571624.2,4674137.0],[571628.2,4674137.3],[571631.9,4674134.8],[571633.4,4674130.2],[571633.5,4674124.9],[571635.4,4674119.3],[571636.0,4674114.8],[571634.6,4674111.3],[571632.0,4674110.9],[571627.5,4674110.9],[571623.3,4674109.3],[571621.8,4674107.0],[571622.7,4674104.0],[571620.8,4674100.5],[571620.7,4674094.7],[571618.5,4674091.9],[571619.2,4674088.1],[571617.9,4674084.1],[571614.6,4674081.3],[571610.7,4674082.2],[571606.4,4674081.4],[571600.1,4674080.3],[571597.4,4674075.6],[571596.8,4674068.2],[571597.6,4674059.8],[571599.0,4674052.6],[571595.6,4674046.3],[571589.8,4674033.3],[571584.9,4674026.4],[571582.9,4674019.8],[571579.5,4674017.4],[571574.8,4674014.9],[571569.1,4674009.4],[571561.8,4674005.5],[571554.8,4673998.6],[571549.9,4673985.8],[571547.1,4673974.8],[571540.5,4673963.9],[571532.8,4673960.0],[571529.9,4673958.9],[571528.8,4673955.6],[571530.6,4673953.5],[571536.4,4673948.7],[571542.5,4673936.7],[571545.2,4673928.0],[571547.7,4673916.8],[571546.0,4673908.6],[571545.4,4673905.5],[571543.7,4673901.4],[571539.6,4673895.6],[571537.8,4673890.3],[571539.6,4673886.1],[571544.1,4673885.5],[571547.8,4673885.0],[571550.1,4673878.8],[571554.8,4673871.0],[571557.9,4673866.7],[571559.1,4673860.5],[571556.0,4673851.8],[571552.0,4673845.4],[571550.9,4673841.3],[571553.2,4673830.7],[571556.2,4673814.7],[571567.0,4673796.5],[571573.7,4673779.6],[571577.0,4673759.9],[571578.6,4673750.7],[571578.6,4673743.7],[571576.4,4673739.7],[571576.6,4673736.2],[571574.7,4673732.8],[571577.2,4673730.5],[571580.9,4673730.0],[571583.0,4673726.0],[571586.7,4673723.1],[571589.6,4673721.2],[571589.1,4673712.6],[571586.7,4673705.7],[571587.0,4673702.0],[571589.8,4673694.6],[571591.5,4673685.8],[571590.5,4673677.8],[571587.2,4673667.9],[571587.4,4673662.5],[571588.8,4673658.6],[571589.8,4673654.1],[571594.8,4673649.5],[571595.1,4673648.8],[571599.1,4673647.1],[571603.5,4673641.7],[571606.9,4673633.3],[571605.5,4673627.6],[571601.0,4673623.5],[571596.6,4673620.7],[571592.3,4673621.3],[571588.5,4673621.1],[571588.0,4673618.3],[571587.9,4673613.5],[571587.9,4673603.5],[571591.2,4673595.5],[571593.7,4673589.6],[571595.1,4673582.1],[571595.6,4673579.2],[571597.4,4673571.8],[571599.4,4673562.2],[571604.6,4673554.2],[571612.3,4673546.5],[571618.2,4673543.2],[571627.5,4673540.5],[571637.8,4673541.7],[571646.6,4673541.5],[571652.9,4673542.4],[571656.9,4673537.7],[571661.3,4673529.1],[571662.5,4673522.1],[571663.2,4673508.1],[571659.7,4673500.3],[571651.4,4673492.0],[571641.5,4673487.5],[571633.5,4673483.3],[571632.8,4673479.4],[571635.7,4673472.0],[571644.5,4673466.3],[571651.6,4673461.2],[571656.4,4673457.6],[571657.5,4673453.2],[571654.9,4673448.0],[571652.6,4673440.9],[571654.2,4673436.2],[571654.8,4673429.3],[571650.6,4673421.1],[571647.3,4673414.3],[571647.0,4673403.2],[571650.6,4673394.7],[571657.7,4673385.1],[571671.4,4673380.3],[571682.9,4673378.2],[571695.5,4673376.3],[571703.2,4673374.4],[571711.4,4673368.7],[571718.1,4673360.4],[571727.6,4673349.4],[571734.7,4673337.6],[571742.9,4673323.9],[571748.8,4673315.9],[571752.6,4673306.8],[571752.9,4673291.5],[571749.7,4673282.5],[571742.7,4673266.9],[571736.6,4673256.6],[571735.3,4673244.3],[571738.2,4673227.9],[571742.1,4673205.1],[571744.6,4673194.9],[571747.7,4673186.3],[571753.5,4673180.5],[571760.4,4673173.1],[571766.9,4673163.6],[571768.5,4673154.4],[571765.9,4673145.4],[571759.5,4673131.1],[571753.4,4673121.8],[571746.6,4673112.4],[571740.0,4673106.6],[571736.3,4673098.2],[571732.8,4673089.4],[571733.3,4673084.1],[571733.4,4673074.0],[571731.1,4673067.6],[571726.1,4673059.8],[571720.7,4673053.6],[571716.7,4673047.4],[571718.4,4673036.4],[571721.4,4673027.6],[571721.9,4673018.9],[571720.1,4673009.0],[571716.4,4673003.0],[571714.8,4672999.1],[571715.2,4672992.4],[571716.6,4672987.0],[571716.4,4672978.8],[571716.6,4672969.5],[571720.2,4672962.5],[571727.9,4672959.5],[571733.1,4672951.6],[571736.3,4672943.8],[571736.1,4672938.1],[571734.1,4672926.4],[571735.5,4672916.0],[571740.1,4672907.4],[571742.5,4672897.8],[571742.4,4672888.0],[571740.8,4672874.1],[571740.0,4672860.0],[571740.1,4672852.8],[571743.0,4672842.7],[571745.4,4672835.0],[571748.9,4672828.9],[571758.4,4672825.4],[571766.8,4672823.4],[571772.7,4672820.2],[571774.1,4672814.9],[571775.3,4672804.6],[571777.9,4672800.1],[571784.6,4672793.9],[571785.3,4672788.1],[571782.1,4672774.8],[571781.0,4672767.3],[571783.7,4672756.5],[571787.4,4672751.8],[571793.7,4672748.4],[571802.7,4672744.3],[571806.6,4672738.5],[571808.1,4672734.3],[571809.0,4672729.9],[571811.0,4672726.2],[571814.5,4672723.1],[571817.2,4672718.3],[571819.9,4672716.0],[571824.6,4672712.2],[571827.5,4672708.3],[571834.5,4672703.2],[571838.9,4672702.8],[571848.4,4672698.6],[571854.0,4672696.2],[571860.0,4672689.1],[571862.3,4672685.3],[571862.8,4672680.9],[571869.1,4672674.4],[571873.7,4672670.7],[571881.1,4672666.4],[571886.5,4672660.5],[571892.9,4672653.4],[571900.8,4672644.6]]},"properties":{"kind":"stream","name":null,"osmId":1095471543}},{"type":"Feature","geometry":{"type":"LineString","coordinates":[[569928.2,4671225.9],[569955.6,4671232.4],[569953.1,4671277.5],[569955.5,4671332.5],[569990.1,4671336.4],[569996.2,4671321.1],[570019.3,4671318.2],[570036.8,4671348.9],[570039.5,4671373.1],[570053.2,4671385.7],[570054.4,4671403.3],[570046.2,4671416.3],[570024.7,4671423.7],[570006.1,4671422.9],[570020.1,4671405.4],[570023.9,4671387.8],[570005.3,4671393.5],[569985.7,4671412.9],[569986.9,4671434.5],[570010.9,4671449.6],[570043.6,4671448.5],[570071.3,4671429.4],[570098.2,4671413.2],[570094.4,4671397.4],[570077.3,4671393.9],[570058.7,4671369.3],[570051.0,4671361.0],[570047.4,4671346.8],[570033.9,4671317.8],[570000.0,4671270.7],[569976.6,4671248.9],[569974.3,4671227.5],[569964.6,4671162.6]]},"properties":{"kind":"trail","name":"Goof Ball","osmId":1095494907}},{"type":"Feature","geometry":{"type":"LineString","coordinates":[[570307.3,4671336.4],[570282.8,4671339.8],[570269.5,4671351.6],[570264.7,4671367.4],[570255.6,4671377.0],[570245.4,4671375.2],[570229.4,4671363.0],[570186.8,4671356.9],[570160.9,4671342.5],[570153.9,4671333.9],[570148.6,4671323.0],[570144.4,4671287.4],[570113.0,4671236.8],[570112.6,4671213.0],[570112.7,4671206.9],[570113.8,4671156.8],[570115.0,4671087.2],[570104.7,4671044.6],[570103.6,4671037.7],[570109.9,4671027.8],[570122.1,4671023.8],[570161.7,4671038.2],[570202.6,4671056.0],[570223.0,4671051.1],[570233.5,4671046.7],[570252.4,4671042.9]]},"properties":{"kind":"road","name":"Driving Range Access Road","osmId":1095494908}},{"type":"Feature","geometry":{"type":"LineString","coordinates":[[570306.4,4671334.4],[570289.2,4671333.6],[570268.5,4671325.8],[570259.8,4671310.2],[570246.7,4671295.0],[570236.2,4671261.7],[570226.8,4671231.6],[570228.9,4671210.5],[570230.3,4671182.8],[570225.0,4671174.2],[570213.2,4671177.8],[570198.6,4671199.8],[570205.6,4671217.1],[570195.6,4671248.3],[570188.4,4671261.8],[570196.4,4671282.1],[570192.2,4671292.3],[570179.8,4671274.5],[570164.9,4671236.1],[570150.2,4671190.8],[570139.3,4671162.7],[570131.1,4671156.2],[570113.8,4671156.8],[570090.3,4671160.2],[570080.9,4671136.2],[570062.6,4671130.1],[570026.6,4671125.8],[570012.9,4671117.8],[570007.6,4671102.7],[570012.6,4671094.6],[570029.3,4671107.9],[570042.3,4671105.4],[570052.5,4671087.7],[570053.0,4671058.0],[570070.1,4671039.5]]},"properties":{"kind":"trail","name":"Giddy Up","osmId":1095494909}},{"type":"Feature","geometry":{"type":"LineString","coordinates":[[570112.7,4671206.9],[570091.0,4671222.4],[570062.9,4671223.0],[570045.2,4671192.5],[570003.7,4671177.0],[569975.9,4671176.4],[569964.6,4671162.6]]},"properties":{"kind":"trail","name":"Birch Grove","osmId":1095494910}},{"type":"Feature","geometry":{"type":"LineString","coordinates":[[570103.6,4671037.7],[570070.1,4671039.5],[570035.2,4671041.9],[569993.9,4671065.6],[569975.3,4671092.1],[569973.9,4671125.1],[569969.2,4671148.0],[569964.6,4671162.6],[569953.6,4671179.0],[569921.3,4671210.9],[569928.2,4671225.9],[569928.5,4671273.2],[569932.0,4671322.5],[569929.2,4671347.2],[569917.6,4671349.9],[569899.5,4671329.2],[569886.0,4671331.3],[569855.4,4671357.1],[569833.3,4671368.7],[569815.9,4671397.3],[569793.6,4671408.6],[569753.8,4671422.0],[569748.2,4671415.7]]},"properties":{"kind":"trail","name":"Middle Trail","osmId":1095494911}},{"type":"Feature","geometry":{"type":"LineString","coordinates":[[569748.2,4671415.7],[569772.2,4671386.3],[569798.8,4671360.3],[569818.7,4671330.1],[569834.0,4671318.7],[569835.7,4671304.9],[569865.5,4671321.0],[569874.6,4671300.6],[569898.2,4671284.2],[569897.1,4671240.3],[569855.9,4671255.7],[569787.6,4671294.2],[569785.5,4671329.3],[569764.0,4671360.0],[569746.9,4671368.7],[569733.9,4671356.2],[569758.4,4671317.9],[569762.3,4671285.9],[569729.8,4671250.5],[569716.0,4671268.1],[569701.2,4671293.3],[569693.0,4671287.7],[569691.9,4671265.9],[569660.5,4671257.8],[569655.0,4671247.7],[569667.9,4671213.1],[569639.3,4671142.3],[569655.4,4671099.8],[569642.8,4671057.0],[569604.0,4671037.9],[569584.0,4671002.3],[569544.5,4670975.9],[569558.0,4670943.6],[569554.3,4670916.4],[569537.1,4670895.1],[569519.1,4670887.1],[569521.9,4670868.9],[569551.6,4670867.9],[569562.5,4670851.5],[569560.5,4670831.5],[569578.1,4670827.4]]},"properties":{"kind":"trail","name":"Bear Skull","osmId":1095494912}},{"type":"Feature","geometry":{"type":"LineString","coordinates":[[569921.3,4671210.9],[569882.1,4671222.7],[569835.8,4671229.8],[569816.4,4671247.9],[569805.5,4671247.3],[569779.9,4671211.3],[569770.1,4671209.4],[569755.2,4671223.0],[569733.0,4671219.0],[569718.7,4671197.5],[569698.3,4671180.4],[569686.1,4671144.5],[569684.7,4671113.5],[569673.6,4671083.2],[569672.7,4671061.8],[569660.7,4671048.4],[569614.3,4671028.8],[569609.9,4671018.9],[569617.7,4670997.2],[569608.6,4670944.8],[569603.9,4670927.0],[569605.2,4670911.2],[569592.5,4670881.5],[569582.4,4670842.1],[569578.1,4670827.4],[569564.8,4670805.6]]},"properties":{"kind":"trail","name":"Old Logging Path","osmId":1095494913}},{"type":"Feature","geometry":{"type":"LineString","coordinates":[[569578.1,4670827.4],[569639.2,4670822.7],[569650.1,4670829.2],[569651.1,4670842.1],[569683.8,4670828.4],[569689.6,4670844.8],[569685.0,4670863.0],[569683.4,4670869.1],[569679.0,4670894.8],[569703.9,4670909.3],[569719.6,4670935.3],[569738.4,4670946.7],[569764.6,4670936.9],[569764.8,4670923.1],[569761.2,4670912.4],[569777.0,4670910.6],[569800.5,4670921.0],[569813.8,4670941.5],[569812.6,4670952.7],[569797.0,4670964.4],[569797.0,4670968.8],[569813.2,4670971.0],[569814.1,4670994.2],[569824.5,4671001.4],[569829.7,4671011.5],[569848.3,4671009.4],[569865.1,4670993.6],[569874.9,4671017.5],[569885.6,4671019.9],[569901.5,4671064.9],[569884.1,4671091.6],[569903.7,4671127.7],[569932.7,4671151.8],[569964.6,4671162.6]]},"properties":{"kind":"trail","name":"Narnia","osmId":1095494914}},{"type":"Feature","geometry":{"type":"LineString","coordinates":[[569685.0,4670863.0],[569692.6,4670875.6],[569707.8,4670880.9],[569730.9,4670871.8],[569756.4,4670859.9],[569772.2,4670862.8],[569792.7,4670871.9],[569784.3,4670880.8],[569789.6,4670886.4],[569804.4,4670896.6],[569818.5,4670923.5],[569831.6,4670944.1],[569865.2,4670976.5],[569895.8,4671006.4],[569901.1,4671019.3],[569919.9,4671028.9],[569963.2,4671034.1],[569983.4,4671036.8],[570015.0,4671027.3],[570025.2,4671019.0],[570024.5,4670999.5],[570036.2,4670991.6],[570059.8,4671007.3],[570078.7,4671019.7],[570078.2,4671025.6],[570070.1,4671039.5]]},"properties":{"kind":"trail","name":"Pancho VIlla","osmId":1095494915}},{"type":"Feature","geometry":{"type":"LineString","coordinates":[[570233.1,4670988.2],[570243.6,4670997.5],[570247.2,4671003.3],[570249.6,4671011.6],[570250.5,4671026.3],[570250.7,4671034.7],[570252.4,4671042.9],[570253.8,4671050.1],[570264.1,4671077.5],[570272.8,4671108.8],[570271.6,4671125.6],[570256.1,4671184.3],[570253.5,4671199.2],[570253.5,4671213.1],[570258.2,4671227.5],[570278.9,4671271.0],[570294.3,4671306.9],[570306.4,4671334.4],[570307.3,4671336.4],[570316.1,4671357.8]]},"properties":{"kind":"road","name":"Allen Lane","osmId":1095495005}},{"type":"Feature","geometry":{"type":"LineString","coordinates":[[570316.1,4671357.8],[570320.3,4671368.7]]},"properties":{"kind":"road","name":"Allen Lane","osmId":1095495006}},{"type":"Feature","geometry":{"type":"LineString","coordinates":[[569094.6,4668037.1],[568965.3,4668014.0],[568917.6,4667967.3],[568875.3,4667937.2],[568839.9,4667860.2],[568813.9,4667796.3],[568815.9,4667778.3],[568800.7,4667733.7],[568836.8,4667633.7],[568805.1,4667545.4],[568800.7,4667522.1],[568791.7,4667464.4],[568777.9,4667416.6],[568781.8,4667388.0],[568803.6,4667371.3],[568856.0,4667375.0],[568922.5,4667388.3],[568943.5,4667380.8],[568949.5,4667353.3],[568917.3,4667307.0],[568947.1,4667270.9],[568962.9,4667244.6],[568958.7,4667229.4],[568930.7,4667225.0],[568917.8,4667188.2],[568894.8,4667125.8],[568841.6,4667091.0],[568821.8,4667014.2],[568790.2,4666948.5],[568761.7,4666887.8],[568758.4,4666865.5],[568754.1,4666830.9],[568728.8,4666803.4],[568738.5,4666762.8],[568666.4,4666731.7],[568613.1,4666709.0],[568562.4,4666652.3],[568498.0,4666591.7],[568429.5,4666531.1],[568426.0,4666508.5],[568369.8,4666481.7],[568327.9,4666437.6],[568298.3,4666387.7],[568269.2,4666329.7],[568233.0,4666302.4],[568215.6,4666258.5],[568206.1,4666207.4]]},"properties":{"kind":"trail","name":null,"osmId":1095507795}},{"type":"Feature","geometry":{"type":"LineString","coordinates":[[560451.5,4671294.2],[560438.0,4671286.0],[560426.4,4671276.5],[560416.8,4671276.7],[560400.6,4671292.2],[560376.5,4671323.3],[560353.6,4671328.9],[560346.2,4671347.0],[560328.5,4671354.6],[560309.8,4671365.4],[560294.3,4671394.1],[560274.2,4671407.6],[560265.4,4671422.7],[560255.1,4671449.8],[560225.3,4671478.1],[560194.3,4671515.6],[560178.1,4671559.2],[560172.2,4671580.1],[560160.0,4671606.1],[560145.6,4671625.0],[560143.5,4671649.3],[560122.3,4671681.8],[560104.7,4671717.8],[560101.7,4671732.7],[560095.8,4671745.9],[560075.9,4671753.0],[560068.0,4671767.4],[560058.4,4671790.1],[560055.2,4671816.6],[560042.1,4671846.2],[560019.0,4671886.2],[560013.8,4671898.5],[559994.1,4671959.1],[559979.5,4671975.6],[559967.0,4671985.6],[559946.4,4672002.2],[559944.7,4672018.6],[559935.8,4672031.8],[559924.5,4672052.8],[559903.4,4672072.7],[559903.8,4672087.4],[559894.0,4672106.1],[559881.0,4672124.1],[559879.0,4672142.3],[559858.0,4672162.5],[559841.8,4672176.4],[559821.3,4672204.5],[559807.1,4672211.4],[559797.9,4672208.2],[559786.7,4672208.4],[559774.7,4672216.5],[559773.9,4672230.6],[559767.5,4672240.4],[559718.3,4672234.4],[559710.5,4672245.5],[559705.7,4672259.5],[559699.9,4672275.7],[559692.2,4672302.7],[559690.9,4672324.6],[559668.9,4672334.7],[559645.4,4672339.4],[559615.6,4672343.1],[559575.6,4672385.4],[559548.7,4672414.9],[559524.3,4672430.6],[559478.8,4672483.3],[559454.0,4672515.6],[559430.6,4672525.1],[559388.0,4672534.9],[559375.5,4672532.1]]},"properties":{"kind":"trail","name":"Rusk Herd Path","osmId":1095614799}},{"type":"Feature","geometry":{"type":"LineString","coordinates":[[562032.3,4671377.5],[561987.4,4671391.9],[561961.8,4671394.3],[561946.4,4671404.9],[561922.5,4671416.7],[561906.6,4671419.1],[561884.1,4671434.7],[561851.4,4671451.0],[561825.5,4671469.8],[561814.6,4671486.2],[561796.1,4671498.4],[561771.7,4671518.6],[561746.4,4671553.5],[561734.1,4671573.3],[561720.7,4671591.8],[561703.2,4671603.0],[561691.2,4671616.4],[561684.7,4671636.0],[561677.6,4671649.6],[561666.0,4671655.3],[561657.9,4671666.5],[561651.6,4671681.1],[561645.3,4671694.3],[561632.3,4671710.1],[561617.5,4671718.4],[561595.9,4671734.2],[561583.6,4671753.3],[561561.3,4671787.5],[561519.8,4671832.5],[561510.8,4671846.2],[561478.8,4671879.7],[561461.1,4671884.3],[561439.3,4671906.5],[561397.5,4671925.4],[561379.3,4671926.9],[561360.9,4671933.2],[561338.5,4671966.3],[561319.1,4671976.2],[561306.5,4671993.3],[561286.5,4672006.7],[561254.9,4672045.8],[561234.0,4672064.3],[561215.7,4672090.4],[561201.1,4672113.2],[561191.4,4672136.4],[561181.1,4672159.1],[561156.8,4672177.9],[561147.3,4672191.9],[561126.4,4672205.7],[561117.3,4672219.1],[561129.4,4672240.8],[561120.1,4672263.8],[561111.2,4672290.0],[561091.2,4672302.4],[561076.4,4672321.4],[561065.5,4672329.6],[561046.1,4672328.5],[561011.3,4672347.6],[560995.2,4672358.7],[560982.4,4672357.8],[560966.4,4672348.2],[560942.6,4672341.9],[560922.2,4672348.8],[560904.6,4672348.2],[560885.7,4672360.1],[560843.4,4672377.5],[560827.5,4672392.7],[560811.5,4672412.2],[560797.6,4672428.5],[560773.3,4672435.0],[560754.8,4672439.5],[560731.8,4672433.6],[560707.0,4672439.4],[560675.5,4672444.1],[560655.2,4672461.4],[560639.5,4672467.2],[560620.0,4672464.8],[560586.4,4672472.8],[560546.1,4672483.6],[560501.7,4672483.7],[560481.2,4672486.8],[560468.6,4672492.8],[560457.8,4672505.3],[560440.4,4672499.8],[560402.4,4672497.6],[560378.5,4672488.4],[560362.3,4672488.7],[560345.2,4672492.7],[560321.1,4672486.7],[560290.0,4672481.9],[560263.1,4672462.3],[560227.6,4672455.1],[560210.7,4672445.9],[560185.7,4672441.4],[560172.1,4672430.3],[560160.1,4672429.8],[560139.5,4672438.1],[560117.9,4672429.8],[560093.6,4672424.4],[560065.4,4672428.7],[560044.3,4672437.5],[560013.9,4672423.8],[559997.1,4672411.6],[559976.3,4672402.6],[559935.2,4672392.0],[559901.9,4672400.3],[559886.3,4672401.6],[559863.8,4672390.4],[559834.0,4672391.7],[559820.8,4672381.0],[559801.3,4672375.2],[559787.9,4672387.0],[559773.7,4672394.2],[559747.8,4672380.2],[559726.1,4672375.3],[559705.9,4672356.6],[559698.6,4672341.0],[559690.9,4672324.6]]},"properties":{"kind":"trail","name":"Rusk Herd Path","osmId":1095616130}},{"type":"Feature","geometry":{"type":"LineString","coordinates":[[561308.9,4669471.5],[561308.2,4669468.2]]},"properties":{"kind":"trail","name":null,"osmId":1102748723}},{"type":"Feature","geometry":{"type":"LineString","coordinates":[[561309.4,4669486.9],[561308.9,4669471.5]]},"properties":{"kind":"trail","name":null,"osmId":1102748724}},{"type":"Feature","geometry":{"type":"Polygon","coordinates":[[[571330.5,4671677.8],[571320.7,4671675.8],[571317.8,4671673.9],[571317.3,4671660.5],[571315.7,4671655.6],[571315.8,4671650.4],[571316.6,4671645.2],[571323.4,4671637.2],[571328.2,4671634.5],[571334.0,4671633.8],[571337.1,4671634.9],[571340.9,4671637.7],[571342.3,4671645.7],[571340.1,4671653.3],[571333.9,4671666.2],[571333.1,4671674.1],[571330.5,4671677.8]]]},"properties":{"kind":"lake","name":null,"osmId":1112561399}},{"type":"Feature","geometry":{"type":"Polygon","coordinates":[[[569639.5,4670063.7],[569634.9,4670061.5],[569631.8,4670056.6],[569630.6,4670051.7],[569630.8,4670046.9],[569632.7,4670042.2],[569639.0,4670032.4],[569641.7,4670027.5],[569644.9,4670018.5],[569648.1,4670004.0],[569651.5,4669995.0],[569654.2,4669990.6],[569658.9,4669990.6],[569663.3,4669993.5],[569673.6,4670004.9],[569676.4,4670008.7],[569675.2,4670013.7],[569672.5,4670017.9],[569661.1,4670028.6],[569658.4,4670033.2],[569656.6,4670038.1],[569655.4,4670048.0],[569653.2,4670052.8],[569647.8,4670055.4],[569643.1,4670058.9],[569639.5,4670063.7]]]},"properties":{"kind":"lake","name":null,"osmId":1112561409}},{"type":"Feature","geometry":{"type":"Polygon","coordinates":[[[565486.6,4672826.0],[565481.4,4672826.1],[565479.2,4672824.9],[565477.0,4672820.5],[565477.5,4672815.8],[565488.8,4672806.8],[565493.4,4672806.6],[565495.6,4672807.6],[565496.8,4672809.7],[565495.8,4672817.1],[565493.0,4672821.2],[565486.6,4672826.0]]]},"properties":{"kind":"lake","name":null,"osmId":1112587246}},{"type":"Feature","geometry":{"type":"Polygon","coordinates":[[[565604.4,4672608.3],[565601.9,4672608.9],[565599.6,4672607.8],[565598.7,4672605.6],[565605.2,4672589.4],[565629.8,4672566.4],[565636.1,4672562.9],[565641.0,4672562.5],[565643.2,4672563.9],[565644.5,4672566.0],[565645.0,4672568.4],[565642.7,4672572.7],[565608.0,4672606.3],[565605.6,4672608.1],[565604.4,4672608.3]]]},"properties":{"kind":"lake","name":null,"osmId":1112587250}},{"type":"Feature","geometry":{"type":"Polygon","coordinates":[[[565585.5,4672616.6],[565580.4,4672617.1],[565575.5,4672615.3],[565569.1,4672607.6],[565568.7,4672605.3],[565573.6,4672596.8],[565595.2,4672570.6],[565599.2,4672567.7],[565606.2,4672568.4],[565607.9,4672569.9],[565608.0,4672574.9],[565603.5,4672581.2],[565596.6,4672588.6],[565594.1,4672593.0],[565592.8,4672597.8],[565592.7,4672610.3],[565592.0,4672612.7],[565588.3,4672616.2],[565585.5,4672616.6]]]},"properties":{"kind":"lake","name":null,"osmId":1112587251}},{"type":"Feature","geometry":{"type":"Polygon","coordinates":[[[565635.5,4672545.3],[565636.7,4672542.6],[565642.2,4672534.8],[565650.6,4672526.3],[565667.1,4672512.2],[565673.1,4672508.0],[565677.6,4672506.1],[565680.0,4672506.1],[565684.0,4672508.8],[565685.0,4672511.0],[565685.0,4672519.4],[565680.5,4672526.7],[565668.9,4672541.3],[565654.9,4672552.2],[565644.9,4672555.3],[565639.8,4672556.0],[565637.3,4672555.5],[565635.5,4672553.6],[565634.7,4672551.3],[565635.0,4672548.0],[565635.5,4672545.3]]]},"properties":{"kind":"lake","name":null,"osmId":1112587252}},{"type":"Feature","geometry":{"type":"LineString","coordinates":[[563782.5,4668226.4],[563809.6,4668160.4],[563833.0,4668102.4],[563851.7,4668047.2],[563861.8,4668006.6],[563872.8,4667932.4],[563885.6,4667832.3],[563900.2,4667717.4],[563906.1,4667688.6],[563919.5,4667625.5],[563937.7,4667582.5],[563940.1,4667548.0],[563939.2,4667514.4],[563932.7,4667476.9],[563937.5,4667446.6],[563949.3,4667425.5],[563963.8,4667377.3],[563974.6,4667332.4],[563974.0,4667262.7],[563976.4,4667200.8],[563982.3,4667144.3],[563980.1,4667078.0],[563980.0,4667064.9],[563977.5,4667036.3],[563983.8,4667024.8],[563973.3,4666969.0],[563968.3,4666930.1],[563973.9,4666910.5],[563965.4,4666863.8],[563957.5,4666798.0],[563943.3,4666776.9],[563939.5,4666766.1]]},"properties":{"kind":"trail","name":null,"osmId":1119991436}},{"type":"Feature","geometry":{"type":"LineString","coordinates":[[565805.6,4667800.6],[565817.9,4667790.8]]},"properties":{"kind":"road","name":null,"osmId":1120703082}},{"type":"Feature","geometry":{"type":"LineString","coordinates":[[563462.3,4672648.4],[563398.3,4672629.1]]},"properties":{"kind":"cliff","name":null,"osmId":1126134274}},{"type":"Feature","geometry":{"type":"LineString","coordinates":[[563843.7,4672557.5],[563869.4,4672573.9],[563897.2,4672611.8],[563905.1,4672628.4]]},"properties":{"kind":"cliff","name":null,"osmId":1126134275}},{"type":"Feature","geometry":{"type":"LineString","coordinates":[[562446.3,4673933.6],[562440.9,4673903.8],[562450.1,4673873.1],[562453.5,4673850.4],[562449.3,4673831.4],[562454.0,4673765.0],[562440.2,4673695.9],[562412.0,4673653.7],[562387.8,4673590.5],[562379.7,4673564.7],[562371.3,4673537.8],[562340.0,4673499.5],[562334.6,4673466.3],[562321.1,4673460.5],[562303.4,4673421.5],[562274.5,4673391.1],[562265.7,4673331.3],[562284.5,4673296.7],[562269.0,4673237.0],[562256.0,4673182.3],[562244.4,4673119.5],[562244.2,4673067.0],[562244.1,4673051.4],[562244.1,4673025.0],[562245.8,4672984.1],[562248.1,4672935.8],[562233.1,4672891.3],[562212.2,4672823.1],[562201.2,4672772.8],[562178.9,4672729.0],[562142.0,4672651.3],[562120.7,4672603.0],[562087.2,4672556.1],[562059.9,4672515.8]]},"properties":{"kind":"trail","name":"NYS DEC access road","osmId":1127633957}},{"type":"Feature","geometry":{"type":"LineString","coordinates":[[563526.8,4671313.2],[563529.6,4671336.6],[563535.8,4671347.4],[563539.7,4671376.0],[563549.8,4671400.2],[563565.8,4671452.2],[563576.2,4671470.6],[563575.8,4671497.1],[563581.1,4671526.5],[563588.8,4671563.4],[563599.2,4671587.5],[563611.4,4671611.7],[563620.6,4671647.4],[563636.0,4671665.2],[563646.1,4671687.2],[563666.9,4671701.0],[563678.8,4671726.4],[563699.7,4671740.2],[563739.0,4671764.1],[563760.6,4671784.7],[563809.0,4671797.9],[563833.0,4671813.1],[563851.8,4671817.5],[563860.0,4671829.6],[563862.7,4671843.9],[563879.4,4671851.1],[563895.2,4671852.6],[563918.1,4671874.7],[563931.5,4671893.2],[563986.1,4671907.1],[563997.7,4671918.1],[564014.6,4671910.0],[564026.4,4671918.9],[564037.0,4671933.2],[564063.6,4671935.8],[564107.0,4671959.6],[564121.2,4671979.0],[564141.8,4671984.5],[564160.0,4672000.7],[564177.7,4672013.4],[564198.9,4672018.9],[564221.1,4672035.9],[564234.5,4672035.7],[564255.2,4672030.5],[564278.2,4672047.1],[564320.1,4672060.2],[564339.4,4672068.3],[564353.4,4672086.9],[564385.9,4672110.4],[564410.9,4672135.4],[564426.5,4672137.7],[564445.1,4672139.6],[564457.1,4672150.9],[564474.7,4672154.4],[564496.4,4672130.7],[564512.2,4672131.3],[564528.1,4672129.5],[564549.8,4672145.5],[564567.1,4672141.6],[564574.7,4672136.1],[564594.6,4672151.7],[564626.9,4672158.2],[564657.7,4672147.0],[564670.5,4672126.1],[564684.1,4672108.2],[564684.8,4672107.0],[564694.0,4672097.8],[564700.6,4672086.3],[564711.5,4672079.1],[564760.3,4672082.5],[564778.6,4672080.7],[564789.1,4672079.8],[564797.2,4672079.5],[564827.5,4672087.8],[564846.8,4672101.5],[564852.0,4672102.3],[564861.4,4672109.6],[564876.6,4672136.4],[564886.5,4672162.6],[564909.7,4672175.8],[564926.8,4672179.0],[564968.3,4672215.2],[565004.1,4672236.6],[565020.8,4672312.8],[565026.4,4672331.8],[565033.4,4672356.1],[565073.1,4672425.3],[565118.1,4672458.9],[565122.2,4672470.7],[565115.4,4672504.3],[565152.7,4672569.2],[565156.7,4672585.6],[565173.1,4672595.8],[565181.7,4672599.7],[565184.1,4672605.1]]},"properties":{"kind":"stream","name":"Mossy Brook","osmId":1133530564}},{"type":"Feature","geometry":{"type":"LineString","coordinates":[[565378.3,4672946.5],[565341.5,4672986.9],[565334.7,4672992.1]]},"properties":{"kind":"road","name":"Ski Bowl Road","osmId":1133530565}},{"type":"Feature","geometry":{"type":"LineString","coordinates":[[565382.7,4672942.2],[565378.3,4672946.5]]},"properties":{"kind":"road","name":"Ski Bowl Road","osmId":1133530566}},{"type":"Feature","geometry":{"type":"LineString","coordinates":[[564177.4,4670944.0],[564192.3,4670978.7],[564210.9,4670998.3],[564253.2,4671039.1],[564306.7,4671091.0],[564358.8,4671148.5],[564379.5,4671202.3],[564405.9,4671244.3],[564410.4,4671292.0],[564410.8,4671332.5],[564437.5,4671344.8],[564424.6,4671373.6],[564432.1,4671390.1],[564433.8,4671440.6],[564455.9,4671485.4],[564482.5,4671533.8],[564487.9,4671577.7],[564500.3,4671621.9],[564519.9,4671671.4],[564560.8,4671704.0],[564558.2,4671756.9],[564590.2,4671805.9],[564589.2,4671833.3],[564638.7,4671866.4],[564644.5,4671880.4],[564668.2,4671900.7],[564668.8,4671902.3],[564680.1,4671930.8],[564702.5,4671942.7],[564725.9,4671966.5],[564729.9,4671968.5],[564756.1,4671997.7],[564764.2,4672032.4],[564772.7,4672055.4],[564786.0,4672058.5],[564789.1,4672079.8]]},"properties":{"kind":"stream","name":null,"osmId":1133530567}},{"type":"Feature","geometry":{"type":"LineString","coordinates":[[564821.2,4672189.5],[564813.3,4672185.8],[564783.2,4672168.9],[564753.1,4672157.6],[564743.1,4672148.6],[564739.3,4672136.1],[564712.6,4672119.2],[564684.1,4672108.2],[564680.5,4672107.0],[564667.3,4672118.6],[564658.6,4672132.7],[564648.6,4672138.2],[564631.1,4672130.9],[564606.3,4672117.8],[564545.7,4672096.7],[564498.5,4672079.7],[564459.8,4672081.5],[564405.2,4672068.8],[564370.0,4672054.7],[564334.7,4672035.5],[564317.3,4672027.1],[564281.3,4672011.7],[564260.8,4672008.4],[564236.3,4672000.4],[564230.3,4671998.5],[564221.5,4672000.8],[564211.2,4672001.4],[564199.8,4672003.1],[564174.2,4671984.0],[564140.8,4671957.6],[564128.1,4671957.3],[564112.1,4671952.4],[564099.9,4671939.0],[564070.1,4671927.1],[564061.7,4671917.9]]},"properties":{"kind":"trail","name":null,"osmId":1133541834}},{"type":"Feature","geometry":{"type":"LineString","coordinates":[[566451.5,4671525.9],[566436.8,4671504.3],[566413.3,4671461.7],[566403.4,4671447.5]]},"properties":{"kind":"trail","name":null,"osmId":1133544887}},{"type":"Feature","geometry":{"type":"LineString","coordinates":[[565062.1,4672089.5],[565056.6,4672089.7],[565002.6,4672087.6],[564967.6,4672078.6],[564927.8,4672006.4],[564896.4,4671944.7],[564850.6,4671925.4],[564817.0,4671896.8],[564803.7,4671888.8],[564758.4,4671887.0],[564724.0,4671893.5],[564681.2,4671900.4],[564668.8,4671902.3],[564664.5,4671903.0],[564652.7,4671899.1],[564623.8,4671880.8],[564607.9,4671884.5],[564591.1,4671889.7],[564560.1,4671915.9],[564505.4,4671923.1],[564464.9,4671931.2],[564448.2,4671942.4],[564448.3,4671968.0],[564442.2,4671993.6],[564426.3,4672009.6],[564362.8,4672023.8],[564334.7,4672035.5]]},"properties":{"kind":"trail","name":null,"osmId":1133576887}},{"type":"Feature","geometry":{"type":"LineString","coordinates":[[564649.0,4672060.8],[564659.3,4672056.4],[564675.7,4672057.0],[564678.7,4672050.9],[564683.6,4672040.5],[564720.3,4672023.8],[564740.5,4672010.9],[564737.4,4671994.1],[564725.9,4671979.9],[564725.9,4671966.5],[564729.3,4671955.8],[564753.9,4671960.6],[564779.7,4671980.2],[564790.8,4671993.9],[564802.1,4672028.8],[564810.1,4672025.2],[564809.5,4671973.8],[564812.5,4671973.2],[564847.7,4671965.7],[564867.0,4671965.8],[564873.3,4671996.6],[564893.4,4672020.1],[564910.9,4672047.6],[564924.8,4672074.1],[564931.8,4672091.6],[564950.2,4672088.8],[564967.6,4672078.6]]},"properties":{"kind":"trail","name":null,"osmId":1133578589}},{"type":"Feature","geometry":{"type":"LineString","coordinates":[[562541.5,4672765.9],[562536.7,4672767.2],[562507.8,4672763.3],[562483.4,4672764.9],[562458.0,4672771.8],[562457.8,4672781.3],[562455.7,4672816.1],[562453.5,4672849.0],[562449.8,4672877.3],[562449.2,4672881.6],[562446.9,4672912.1],[562445.4,4672938.7],[562448.6,4672971.5],[562446.8,4672994.8],[562471.3,4673047.8],[562473.3,4673052.3],[562486.9,4673082.9],[562528.0,4673162.0],[562496.0,4673223.5],[562475.4,4673260.4],[562468.3,4673341.1],[562456.6,4673384.4],[562431.8,4673430.1],[562407.2,4673482.1],[562385.2,4673522.2],[562379.7,4673564.7]]},"properties":{"kind":"trail","name":null,"osmId":1133580962}},{"type":"Feature","geometry":{"type":"LineString","coordinates":[[565586.2,4667205.2],[565571.7,4667207.3],[565554.1,4667209.1],[565541.5,4667205.4],[565528.1,4667213.3],[565511.6,4667222.7],[565487.6,4667237.6],[565469.9,4667249.7],[565465.3,4667258.0],[565448.5,4667268.4],[565443.5,4667270.6],[565428.2,4667268.2]]},"properties":{"kind":"trail","name":null,"osmId":1134282650}},{"type":"Feature","geometry":{"type":"LineString","coordinates":[[565422.9,4673151.6],[565420.2,4673144.6],[565417.5,4673137.6]]},"properties":{"kind":"trail","name":null,"osmId":1137940123}},{"type":"Feature","geometry":{"type":"Polygon","coordinates":[[[571663.0,4669845.0],[571661.7,4669846.4],[571659.7,4669846.7],[571658.5,4669845.2],[571658.2,4669842.5],[571660.2,4669837.0],[571662.9,4669831.7],[571665.0,4669826.0],[571665.7,4669820.1],[571663.2,4669808.3],[571660.9,4669800.1],[571656.5,4669792.1],[571654.8,4669786.4],[571653.7,4669780.4],[571653.3,4669774.5],[571654.1,4669768.7],[571656.3,4669763.2],[571659.5,4669758.4],[571663.9,4669754.5],[571668.6,4669751.2],[571678.4,4669745.3],[571688.1,4669744.1],[571693.7,4669744.2],[571698.6,4669744.7],[571703.2,4669747.3],[571706.9,4669752.6],[571712.7,4669756.9],[571718.0,4669759.6],[571722.6,4669762.3],[571726.4,4669763.1],[571728.3,4669764.8],[571728.9,4669768.3],[571727.6,4669771.0],[571725.5,4669776.7],[571728.6,4669781.6],[571733.6,4669784.8],[571739.2,4669786.4],[571745.1,4669786.9],[571751.1,4669786.5],[571757.4,4669785.9],[571760.6,4669784.9],[571763.6,4669782.9],[571763.8,4669779.0],[571765.0,4669776.3],[571768.4,4669772.5],[571772.4,4669767.9],[571776.8,4669765.1],[571781.9,4669762.0],[571786.4,4669759.8],[571789.6,4669760.1],[571792.7,4669761.5],[571794.9,4669763.7],[571795.0,4669765.0],[571795.6,4669765.5],[571797.0,4669765.5],[571798.3,4669768.0],[571798.3,4669769.7],[571798.4,4669770.8],[571799.9,4669771.7],[571801.2,4669772.5],[571801.9,4669773.9],[571797.1,4669778.7],[571795.1,4669779.3],[571792.7,4669779.2],[571791.7,4669779.9],[571791.1,4669781.4],[571787.9,4669782.5],[571783.7,4669784.8],[571781.9,4669786.8],[571782.2,4669790.2],[571783.1,4669793.2],[571787.7,4669795.9],[571792.7,4669798.4],[571794.7,4669800.9],[571794.8,4669803.5],[571792.6,4669807.5],[571790.6,4669809.1],[571788.3,4669810.0],[571782.5,4669810.2],[571779.4,4669808.5],[571777.3,4669806.2],[571776.0,4669803.8],[571774.3,4669802.0],[571772.9,4669800.6],[571770.9,4669799.6],[571766.6,4669799.7],[571760.2,4669799.2],[571755.3,4669798.0],[571750.3,4669794.5],[571745.2,4669791.6],[571739.3,4669790.1],[571733.9,4669790.4],[571730.3,4669789.8],[571728.1,4669788.0],[571724.9,4669783.2],[571720.4,4669782.1],[571717.6,4669787.0],[571713.8,4669794.0],[571710.9,4669799.3],[571699.0,4669813.8],[571695.9,4669819.0],[571685.8,4669826.0],[571680.7,4669829.0],[571677.9,4669829.1],[571675.4,4669829.7],[571672.6,4669831.7],[571670.0,4669834.4],[571666.5,4669837.1],[571664.1,4669840.7],[571663.0,4669845.0]]]},"properties":{"kind":"lake","name":null,"osmId":1165009179}},{"type":"Feature","geometry":{"type":"Polygon","coordinates":[[[571608.1,4669497.9],[571602.2,4669497.6],[571598.1,4669492.7],[571596.7,4669484.1],[571598.5,4669479.4],[571604.6,4669472.9],[571613.7,4669469.2],[571618.8,4669468.8],[571625.0,4669474.1],[571627.9,4669482.9],[571627.4,4669488.9],[571622.6,4669492.7],[571619.2,4669494.3],[571615.4,4669495.8],[571613.9,4669496.4],[571608.1,4669497.9]]]},"properties":{"kind":"lake","name":null,"osmId":1165009180}},{"type":"Feature","geometry":{"type":"LineString","coordinates":[[563932.7,4667476.9],[563980.5,4667490.3],[564013.5,4667513.9],[564044.2,4667570.6],[564065.8,4667633.2],[564081.5,4667691.3],[564122.9,4667783.3],[564174.3,4667868.6],[564204.8,4667927.7],[564233.5,4668017.7],[564244.0,4668064.1],[564289.9,4668136.2],[564374.3,4668190.4]]},"properties":{"kind":"trail","name":null,"osmId":1167999826}},{"type":"Feature","geometry":{"type":"LineString","coordinates":[[563805.6,4666466.5],[563807.2,4666841.8],[563814.3,4667177.4],[563808.8,4667343.5],[563778.9,4667482.5],[563719.1,4667680.1],[563643.6,4667931.1],[563600.9,4668059.8],[563525.1,4668309.2],[563501.7,4668381.2]]},"properties":{"kind":"trail","name":"Old Fenwick Railroad Bed","osmId":1167999827}},{"type":"Feature","geometry":{"type":"LineString","coordinates":[[563939.5,4666766.1],[563931.1,4666742.5],[563925.3,4666724.2],[563921.6,4666685.3],[563919.2,4666646.0],[563914.4,4666610.9],[563912.5,4666596.4],[563913.6,4666575.5],[563907.4,4666549.5],[563900.9,4666519.2],[563894.3,4666496.1],[563886.6,4666469.2],[563874.7,4666443.1],[563868.0,4666425.1],[563861.4,4666411.0],[563851.2,4666391.6],[563849.5,4666363.8],[563850.6,4666360.0]]},"properties":{"kind":"trail","name":null,"osmId":1168000717}},{"type":"Feature","geometry":{"type":"LineString","coordinates":[[563850.6,4666360.0],[563860.9,4666324.1],[563871.6,4666311.9],[563892.2,4666278.0],[563904.6,4666251.9],[563911.4,4666225.1],[563904.7,4666199.9],[563890.4,4666150.4],[563876.5,4666117.0],[563860.7,4666087.2],[563852.0,4666063.4],[563837.7,4666026.3],[563832.6,4666014.8],[563800.0,4665993.5],[563782.5,4665988.4]]},"properties":{"kind":"trail","name":null,"osmId":1168000718}},{"type":"Feature","geometry":{"type":"LineString","coordinates":[[568964.0,4668640.1],[568950.9,4668639.5],[568933.4,4668624.2],[568907.6,4668596.4],[568879.9,4668568.5],[568853.8,4668538.1],[568837.3,4668515.0],[568830.8,4668509.6],[568794.7,4668442.9],[568775.5,4668409.9],[568751.8,4668370.7],[568740.1,4668356.1],[568708.5,4668339.3],[568667.1,4668324.2],[568644.9,4668317.4],[568626.4,4668317.1],[568599.2,4668322.9],[568575.1,4668339.4],[568553.6,4668361.2],[568536.3,4668381.2],[568530.3,4668402.0],[568523.9,4668418.3],[568516.9,4668429.3],[568492.2,4668452.6],[568484.1,4668472.3],[568481.5,4668493.4],[568484.8,4668525.9],[568485.6,4668559.5],[568482.8,4668598.4],[568484.9,4668625.5],[568485.6,4668634.2],[568488.0,4668666.3],[568498.4,4668699.2],[568504.9,4668729.5],[568515.4,4668774.5],[568525.7,4668809.4],[568545.3,4668847.5],[568558.0,4668873.0],[568569.9,4668913.8],[568579.8,4668938.2],[568595.1,4668976.7],[568594.1,4668998.5],[568594.9,4669040.7],[568590.0,4669072.0],[568598.2,4669101.0],[568609.9,4669109.2],[568626.5,4669112.7],[568647.6,4669108.6],[568680.2,4669085.8],[568705.1,4669057.4],[568720.2,4669038.1],[568742.4,4669019.9],[568768.4,4668993.4],[568789.8,4668969.2],[568788.3,4668941.1],[568777.7,4668917.2],[568773.9,4668903.7],[568772.0,4668896.8],[568772.6,4668870.2],[568771.5,4668854.4],[568775.9,4668809.8],[568782.3,4668788.6],[568800.1,4668770.8]]},"properties":{"kind":"trail","name":null,"osmId":1173847282}},{"type":"Feature","geometry":{"type":"LineString","coordinates":[[568484.9,4668625.5],[568475.6,4668616.7],[568468.5,4668604.5],[568461.0,4668567.9],[568450.1,4668543.6],[568434.2,4668504.0],[568412.8,4668460.5],[568396.9,4668433.3],[568385.6,4668423.8]]},"properties":{"kind":"trail","name":null,"osmId":1173847283}},{"type":"Feature","geometry":{"type":"LineString","coordinates":[[568773.9,4668903.7],[568738.9,4668893.2],[568719.6,4668869.0],[568687.7,4668837.6],[568660.2,4668817.9],[568648.0,4668801.2],[568639.9,4668778.3],[568643.3,4668749.4],[568651.8,4668713.6],[568637.2,4668672.2],[568634.5,4668655.2],[568637.5,4668644.3],[568650.0,4668626.6]]},"properties":{"kind":"trail","name":null,"osmId":1173847284}},{"type":"Feature","geometry":{"type":"LineString","coordinates":[[568865.2,4668906.0],[568862.3,4668906.9],[568860.3,4668916.3],[568857.6,4668926.2],[568854.4,4668935.2],[568851.9,4668939.8],[568850.5,4668942.5],[568845.3,4668949.4],[568842.0,4668953.9],[568838.3,4668997.4],[568832.2,4669030.2],[568802.7,4669088.4],[568783.9,4669157.8],[568774.3,4669197.2],[568774.7,4669218.6],[568760.2,4669245.1],[568760.6,4669273.6],[568750.6,4669305.3],[568739.8,4669333.5],[568723.9,4669376.9],[568720.4,4669410.9],[568737.3,4669445.3],[568748.2,4669471.6],[568757.4,4669511.3],[568767.4,4669537.7],[568784.0,4669564.0],[568797.0,4669603.6],[568807.2,4669640.5],[568818.9,4669666.8],[568836.5,4669687.3],[568852.1,4669703.7],[568869.0,4669705.4],[568892.8,4669699.5],[568908.9,4669682.6],[568918.0,4669660.9],[568922.8,4669641.7],[568932.5,4669626.4],[568954.0,4669598.8],[568971.9,4669579.7],[568994.3,4669561.8],[569027.4,4669529.5],[569049.3,4669510.5]]},"properties":{"kind":"trail","name":null,"osmId":1173847285}},{"type":"Feature","geometry":{"type":"LineString","coordinates":[[569218.7,4668911.2],[569232.8,4668944.5],[569259.0,4668998.7],[569292.3,4669051.1],[569314.4,4669100.6],[569331.1,4669133.8],[569348.5,4669166.6],[569378.1,4669223.2],[569399.5,4669274.6],[569411.2,4669312.8],[569429.6,4669368.2],[569439.8,4669392.5],[569470.8,4669427.1],[569482.5,4669447.1],[569482.5,4669458.8],[569475.9,4669479.8],[569469.9,4669500.2],[569467.7,4669527.8],[569475.0,4669555.9],[569489.3,4669575.5],[569506.4,4669598.6],[569527.5,4669615.2],[569552.0,4669629.8],[569570.5,4669641.1],[569584.2,4669651.4],[569594.6,4669662.2],[569598.1,4669680.2],[569608.4,4669705.7],[569610.9,4669710.5],[569618.8,4669719.7],[569625.8,4669726.4],[569632.8,4669737.8],[569641.7,4669747.0],[569658.9,4669769.4],[569673.6,4669784.4],[569683.6,4669789.2],[569690.1,4669788.1],[569695.9,4669784.2],[569709.2,4669775.7],[569726.5,4669769.9],[569744.7,4669769.3],[569760.1,4669770.1]]},"properties":{"kind":"trail","name":null,"osmId":1173847286}},{"type":"Feature","geometry":{"type":"LineString","coordinates":[[565350.5,4673005.0],[565361.7,4672998.7],[565373.5,4672989.7],[565381.1,4672981.7],[565381.3,4672977.3],[565380.7,4672973.7],[565379.8,4672970.0],[565377.3,4672966.6],[565376.5,4672965.0],[565376.1,4672963.0],[565376.2,4672960.0],[565377.5,4672956.6],[565379.6,4672953.4]]},"properties":{"kind":"trail","name":null,"osmId":1183495936}},{"type":"Feature","geometry":{"type":"LineString","coordinates":[[565379.6,4672953.4],[565386.0,4672946.7]]},"properties":{"kind":"trail","name":null,"osmId":1183495937}},{"type":"Feature","geometry":{"type":"LineString","coordinates":[[569629.3,4671607.0],[569674.2,4671629.3],[569701.9,4671643.2],[569751.8,4671668.1],[569758.5,4671671.1],[569797.5,4671688.6],[569842.0,4671709.4],[569881.5,4671726.4],[569886.6,4671728.7],[569887.9,4671729.2],[569896.5,4671732.9],[569914.5,4671741.0]]},"properties":{"kind":"road","name":"State Route 23A","osmId":1190045379}},{"type":"Feature","geometry":{"type":"LineString","coordinates":[[559459.8,4662497.2],[559476.9,4662542.4],[559485.1,4662561.6],[559491.8,4662575.6],[559505.7,4662600.6],[559518.2,4662620.0],[559531.9,4662638.9],[559558.3,4662669.3],[559611.7,4662723.4],[559682.9,4662794.3],[559714.0,4662825.1],[559732.9,4662846.6],[559747.7,4662864.6],[559759.6,4662881.2],[559773.2,4662902.8],[559785.9,4662925.0],[559824.1,4662997.9],[559834.5,4663016.9],[559846.5,4663037.0],[559867.4,4663066.9],[559886.4,4663089.0],[559904.4,4663107.5],[559923.7,4663125.2],[559939.4,4663137.9],[559951.5,4663146.6],[559981.8,4663165.9],[559994.1,4663172.7],[560010.9,4663181.3],[560049.8,4663199.3],[560096.2,4663219.7],[560129.3,4663235.6],[560148.8,4663245.9]]},"properties":{"kind":"road","name":"State Route 214","osmId":1190045380}},{"type":"Feature","geometry":{"type":"LineString","coordinates":[[563513.2,4672345.1],[563502.4,4672334.5],[563490.1,4672312.9],[563481.3,4672298.4],[563477.7,4672292.5],[563465.3,4672273.5],[563457.3,4672246.2],[563454.5,4672196.1],[563451.2,4672168.4],[563449.8,4672138.9],[563446.2,4672127.1],[563440.7,4672116.7],[563425.8,4672107.9],[563418.0,4672103.2],[563393.4,4672079.2]]},"properties":{"kind":"trail","name":"Fire Tower Trail","osmId":1208192601}},{"type":"Feature","geometry":{"type":"LineString","coordinates":[[561921.4,4672326.9],[561925.0,4672320.2],[561946.7,4672286.2],[562013.8,4672203.8],[562010.6,4672064.9],[561983.6,4671932.2],[561979.7,4671913.2],[561965.3,4671842.2],[561955.8,4671767.4],[561949.7,4671719.5],[561956.6,4671670.2],[561965.9,4671646.1],[561992.7,4671577.2],[562012.3,4671530.4],[562034.7,4671458.0],[562038.0,4671409.8],[562035.8,4671389.7],[562032.3,4671377.5]]},"properties":{"kind":"trail","name":"NYS DEC access road","osmId":1210114236}},{"type":"Feature","geometry":{"type":"LineString","coordinates":[[561529.2,4672199.7],[561642.7,4672245.2],[561737.3,4672297.6],[561822.5,4672307.3],[561861.6,4672324.1],[561915.0,4672329.2],[561936.1,4672333.2],[562012.8,4672338.7]]},"properties":{"kind":"stream","name":null,"osmId":1210121559}},{"type":"Feature","geometry":{"type":"LineString","coordinates":[[562125.4,4671724.1],[562145.5,4671768.3],[562154.2,4671849.8],[562178.5,4671916.9],[562218.0,4672007.4],[562269.9,4672097.3],[562307.6,4672145.8]]},"properties":{"kind":"stream","name":null,"osmId":1210121560}},{"type":"Feature","geometry":{"type":"LineString","coordinates":[[562497.8,4672768.9],[562500.8,4672785.1],[562544.2,4672876.7],[562584.9,4672968.7],[562600.8,4673035.5],[562600.0,4673122.7],[562631.7,4673172.8],[562670.8,4673247.8],[562717.7,4673281.1],[562724.5,4673328.4],[562742.0,4673369.4],[562745.8,4673399.7],[562768.8,4673470.4],[562757.9,4673487.4],[562761.8,4673506.1],[562797.8,4673524.2],[562804.6,4673586.1],[562802.1,4673638.1],[562831.2,4673652.6],[562842.5,4673712.3],[562805.4,4673753.0],[562807.9,4673795.2],[562781.7,4673850.1],[562816.3,4673873.3],[562813.2,4673942.0],[562799.4,4673992.5],[562806.6,4674016.1]]},"properties":{"kind":"stream","name":null,"osmId":1210121561}},{"type":"Feature","geometry":{"type":"LineString","coordinates":[[562012.8,4672338.7],[562106.7,4672372.5],[562166.5,4672382.3],[562201.2,4672391.5],[562264.3,4672419.7],[562316.1,4672500.6],[562337.1,4672501.0],[562346.1,4672521.4]]},"properties":{"kind":"stream","name":null,"osmId":1210121562}},{"type":"Feature","geometry":{"type":"LineString","coordinates":[[562791.2,4671446.7],[562748.2,4671503.2],[562715.6,4671564.0],[562636.7,4671665.9],[562581.3,4671737.7],[562531.4,4671812.3],[562467.9,4671896.4],[562397.8,4672004.8],[562339.4,4672090.3],[562307.6,4672145.8],[562263.0,4672213.3],[562254.5,4672275.2],[562266.0,4672333.8],[562270.7,4672360.6],[562297.5,4672421.0],[562316.8,4672447.7],[562337.1,4672501.0]]},"properties":{"kind":"stream","name":null,"osmId":1210121563}},{"type":"Feature","geometry":{"type":"LineString","coordinates":[[563222.7,4673502.3],[563233.2,4673494.5],[563239.9,4673489.9],[563288.3,4673471.3],[563308.0,4673465.6],[563322.6,4673461.2],[563342.0,4673457.8],[563369.1,4673456.7],[563385.2,4673455.7],[563404.2,4673453.0],[563426.0,4673449.6],[563455.7,4673443.8],[563473.5,4673440.8],[563497.4,4673437.7],[563528.8,4673436.4],[563545.8,4673434.7],[563556.7,4673432.3],[563568.0,4673427.8],[563577.5,4673422.5],[563585.7,4673416.3],[563594.9,4673408.6],[563616.5,4673390.4],[563626.8,4673382.7],[563645.5,4673370.2],[563675.6,4673352.1],[563687.2,4673346.6],[563697.7,4673343.0],[563707.6,4673340.4],[563720.4,4673337.7],[563734.0,4673335.6],[563746.1,4673335.4],[563823.9,4673340.4],[563836.9,4673340.9],[563912.8,4673341.4],[563920.5,4673341.5],[563947.7,4673342.6],[563995.9,4673345.3],[564028.2,4673350.8],[564059.8,4673357.2]]},"properties":{"kind":"road","name":"Rusk Hollow Road","osmId":1210121564}},{"type":"Feature","geometry":{"type":"LineString","coordinates":[[562536.9,4672756.2],[562530.6,4672739.1],[562518.3,4672715.9],[562505.6,4672687.4],[562495.8,4672663.8],[562480.1,4672638.8],[562464.0,4672620.3],[562443.8,4672616.6],[562419.3,4672611.5],[562407.4,4672615.2],[562401.4,4672626.0]]},"properties":{"kind":"trail","name":null,"osmId":1210121565}},{"type":"Feature","geometry":{"type":"LineString","coordinates":[[562346.1,4672521.4],[562360.2,4672549.1],[562360.8,4672612.2],[562403.7,4672660.4],[562448.3,4672683.6],[562465.9,4672692.8],[562489.7,4672726.3],[562492.3,4672756.5]]},"properties":{"kind":"stream","name":null,"osmId":1210121566}},{"type":"Feature","geometry":{"type":"LineString","coordinates":[[562492.3,4672756.5],[562497.8,4672768.9]]},"properties":{"kind":"stream","name":null,"osmId":1210121567}},{"type":"Feature","geometry":{"type":"LineString","coordinates":[[562449.8,4672877.3],[562434.6,4672865.0],[562428.9,4672860.9],[562418.7,4672863.1],[562400.7,4672870.6],[562385.5,4672876.9],[562365.1,4672886.3],[562349.6,4672904.4],[562327.0,4672919.0],[562320.8,4672940.6],[562318.0,4672952.4],[562313.3,4672982.6],[562287.7,4673023.2],[562274.8,4673039.7],[562244.1,4673051.4]]},"properties":{"kind":"trail","name":null,"osmId":1210121568}},{"type":"Feature","geometry":{"type":"LineString","coordinates":[[562059.9,4672515.8],[562025.8,4672491.0],[561998.9,4672454.7],[561964.4,4672413.5],[561935.4,4672355.4],[561911.7,4672341.1],[561918.3,4672332.6]]},"properties":{"kind":"trail","name":"NYS DEC access road","osmId":1210121569}},{"type":"Feature","geometry":{"type":"LineString","coordinates":[[561918.3,4672332.6],[561921.4,4672326.9]]},"properties":{"kind":"trail","name":null,"osmId":1210121570}},{"type":"Feature","geometry":{"type":"LineString","coordinates":[[562458.0,4672771.8],[562450.9,4672760.3],[562435.3,4672735.5],[562415.7,4672705.8],[562407.0,4672687.9],[562392.2,4672661.3],[562395.0,4672634.7],[562401.4,4672626.0]]},"properties":{"kind":"trail","name":null,"osmId":1210121571}},{"type":"Feature","geometry":{"type":"LineString","coordinates":[[563513.2,4672345.1],[563516.7,4672350.8],[563520.8,4672371.3],[563515.5,4672383.5],[563499.8,4672399.7],[563495.2,4672410.3],[563500.6,4672428.0],[563531.6,4672442.4],[563553.6,4672451.6],[563601.0,4672477.3],[563609.9,4672492.1],[563609.9,4672503.9],[563591.4,4672517.3],[563564.3,4672533.2],[563527.6,4672538.7],[563484.1,4672535.0],[563455.3,4672530.0],[563415.6,4672532.7],[563378.8,4672533.8],[563360.0,4672533.0],[563314.7,4672518.5],[563291.3,4672514.6],[563283.8,4672524.6],[563290.6,4672542.9],[563335.2,4672597.5],[563359.1,4672618.2],[563389.1,4672638.9],[563442.3,4672663.3],[563449.5,4672696.3],[563449.7,4672735.1],[563482.0,4672767.0],[563509.9,4672807.1],[563538.1,4672840.0],[563545.6,4672848.8],[563611.3,4672875.1],[563663.6,4672880.4],[563747.0,4672888.8],[563754.7,4672890.2],[563770.5,4672892.9],[563826.4,4672919.7],[563884.1,4672937.4],[563933.7,4672945.9],[563995.9,4672967.9],[564058.5,4672985.6],[564087.2,4672984.2],[564162.9,4672968.0],[564230.3,4672940.7],[564261.0,4672906.6],[564268.9,4672897.9],[564310.4,4672851.9],[564336.1,4672831.6],[564403.2,4672794.4],[564458.2,4672766.3],[564557.8,4672716.6],[564621.4,4672693.4],[564677.3,4672680.2],[564738.5,4672679.7],[564802.6,4672690.3]]},"properties":{"kind":"trail","name":null,"osmId":1210126940}},{"type":"Feature","geometry":{"type":"LineString","coordinates":[[563619.7,4672437.2],[563632.1,4672423.6],[563638.0,4672413.4],[563633.1,4672398.3],[563633.2,4672392.6],[563633.4,4672384.1],[563636.6,4672365.8],[563623.2,4672332.8],[563610.5,4672313.9],[563606.4,4672307.8],[563590.8,4672271.2],[563579.9,4672239.8],[563563.5,4672205.2],[563557.7,4672178.7],[563554.4,4672160.9],[563550.2,4672131.3],[563547.4,4672102.7],[563558.5,4672115.5],[563599.6,4672150.2],[563642.5,4672174.6],[563717.4,4672191.6],[563760.5,4672205.6],[563860.4,4672256.3],[563898.7,4672279.8],[563917.4,4672301.1],[563936.7,4672316.8],[563960.8,4672330.2],[563976.1,4672336.2],[564002.6,4672344.1],[564004.6,4672344.7],[564026.0,4672355.5],[564059.5,4672374.6],[564073.9,4672387.4],[564088.2,4672405.4],[564097.1,4672424.3],[564106.3,4672447.8],[564104.4,4672473.6],[564098.6,4672495.1],[564086.4,4672524.8],[564076.1,4672535.1],[564073.9,4672537.2],[564058.9,4672542.5],[564051.0,4672553.7],[564044.0,4672567.1],[564032.8,4672568.6],[564023.5,4672561.3],[564017.1,4672541.5],[564009.0,4672524.2],[563994.0,4672511.2],[563977.9,4672502.8],[563958.6,4672489.9],[563918.9,4672471.7],[563880.8,4672466.8],[563862.0,4672466.1],[563855.0,4672465.8]]},"properties":{"kind":"trail","name":null,"osmId":1210128904}},{"type":"Feature","geometry":{"type":"LineString","coordinates":[[565213.3,4672713.6],[565210.3,4672711.8],[565192.9,4672696.8],[565175.8,4672689.9],[565159.4,4672681.5],[565143.3,4672667.3],[565111.1,4672633.7],[565079.5,4672599.2],[565048.7,4672566.0],[565041.8,4672558.0],[565019.4,4672532.0],[564987.8,4672488.6],[564981.9,4672475.0],[564981.9,4672454.7],[564981.9,4672450.7],[564981.8,4672443.7],[564978.9,4672419.2],[564976.9,4672413.1],[564970.3,4672394.1],[564940.8,4672310.2],[564929.3,4672270.9],[564914.9,4672245.5]]},"properties":{"kind":"trail","name":null,"osmId":1210132926}},{"type":"Feature","geometry":{"type":"LineString","coordinates":[[565190.2,4672738.1],[565198.7,4672729.0],[565211.8,4672715.2],[565213.3,4672713.6],[565228.5,4672704.0],[565252.7,4672686.5],[565274.6,4672676.6],[565293.9,4672667.8],[565325.9,4672665.0],[565342.6,4672655.7],[565365.6,4672637.7],[565381.4,4672629.2],[565395.0,4672630.1],[565407.7,4672606.6],[565412.3,4672581.0],[565421.5,4672552.4],[565423.6,4672537.1],[565416.5,4672524.6],[565376.9,4672456.5],[565349.8,4672404.9],[565322.7,4672355.9],[565307.3,4672317.6],[565276.7,4672296.1],[565259.4,4672287.4],[565241.5,4672289.1],[565226.9,4672302.1],[565212.7,4672308.2],[565200.9,4672313.2],[565178.7,4672328.2],[565183.9,4672366.5],[565196.4,4672393.9],[565218.1,4672452.3],[565226.5,4672489.5],[565236.5,4672524.3],[565242.8,4672550.3],[565242.1,4672572.7],[565259.7,4672615.6],[565267.0,4672648.7],[565274.6,4672676.6]]},"properties":{"kind":"trail","name":null,"osmId":1210132927}},{"type":"Feature","geometry":{"type":"LineString","coordinates":[[563663.6,4672880.4],[563654.0,4672887.0],[563623.7,4672899.7],[563591.4,4672919.1],[563573.2,4672925.1],[563530.0,4672922.8],[563490.1,4672914.8],[563466.2,4672884.7],[563447.6,4672863.9],[563408.6,4672849.6],[563364.7,4672834.7],[563329.8,4672823.3],[563313.8,4672816.7],[563296.1,4672807.8],[563259.2,4672801.1],[563231.9,4672799.0],[563214.8,4672797.0],[563194.1,4672795.1],[563175.4,4672791.2],[563147.4,4672780.0],[563129.8,4672765.2],[563071.8,4672747.2],[563043.4,4672734.8],[562988.6,4672705.3],[562959.6,4672698.0],[562900.7,4672701.2],[562862.3,4672698.7],[562810.9,4672685.9],[562757.3,4672651.4],[562730.6,4672635.4],[562688.5,4672625.7],[562668.8,4672624.3],[562610.8,4672656.8],[562589.5,4672654.6],[562550.3,4672644.6],[562531.6,4672642.3],[562511.4,4672651.7],[562495.8,4672663.8]]},"properties":{"kind":"trail","name":null,"osmId":1210171983}},{"type":"Feature","geometry":{"type":"LineString","coordinates":[[563351.2,4672685.6],[563328.6,4672675.8],[563295.5,4672660.5],[563272.2,4672646.5],[563251.5,4672631.3],[563229.1,4672607.1],[563202.3,4672575.0],[563187.8,4672556.4],[563163.3,4672528.2],[563124.4,4672481.1]]},"properties":{"kind":"trail","name":null,"osmId":1210171984}},{"type":"Feature","geometry":{"type":"LineString","coordinates":[[563754.7,4672890.2],[563775.1,4672882.8],[563832.0,4672877.9],[563887.0,4672866.7],[563956.0,4672836.4],[564010.1,4672808.9],[564062.2,4672782.0],[564099.7,4672753.4],[564118.7,4672729.6],[564125.7,4672711.7],[564127.5,4672692.1],[564127.2,4672671.5]]},"properties":{"kind":"trail","name":null,"osmId":1210171985}},{"type":"Feature","geometry":{"type":"LineString","coordinates":[[563951.8,4672249.1],[563963.5,4672234.5],[563986.2,4672230.5],[564032.6,4672260.9],[564038.6,4672266.4],[564050.5,4672279.9],[564074.6,4672295.8],[564101.6,4672310.6],[564130.3,4672327.6],[564160.5,4672349.7],[564191.9,4672360.4],[564224.9,4672360.4],[564264.8,4672365.4],[564286.8,4672360.2]]},"properties":{"kind":"trail","name":null,"osmId":1210171986}},{"type":"Feature","geometry":{"type":"LineString","coordinates":[[564076.1,4672535.1],[564087.4,4672549.6],[564098.8,4672575.1],[564111.2,4672602.5],[564125.0,4672626.6],[564128.0,4672640.4],[564129.1,4672645.7],[564128.0,4672665.3],[564127.2,4672671.5]]},"properties":{"kind":"trail","name":null,"osmId":1210171988}},{"type":"Feature","geometry":{"type":"LineString","coordinates":[[564599.2,4672837.5],[564602.5,4672830.2],[564617.4,4672809.4],[564644.5,4672783.4],[564672.2,4672759.5],[564684.2,4672747.6],[564696.7,4672727.6],[564706.7,4672713.4],[564716.5,4672706.0],[564734.0,4672699.2],[564755.6,4672697.6],[564768.4,4672694.1],[564802.6,4672690.3],[564824.6,4672686.3],[564855.5,4672663.6],[564878.4,4672640.4],[564890.5,4672632.7],[564928.3,4672626.2],[564955.8,4672616.0],[564959.1,4672613.7],[564964.4,4672609.8],[564976.7,4672603.0],[564998.8,4672590.3],[565017.4,4672581.0],[565037.0,4672570.8],[565041.1,4672566.9],[565041.8,4672558.0],[565041.8,4672556.8],[565043.1,4672521.5],[565043.7,4672494.9],[565042.2,4672486.2]]},"properties":{"kind":"trail","name":null,"osmId":1210171989}},{"type":"Feature","geometry":{"type":"LineString","coordinates":[[564855.5,4672663.6],[564853.8,4672643.8],[564856.0,4672620.1],[564863.3,4672595.6],[564870.9,4672571.2],[564882.5,4672554.4],[564890.5,4672544.8],[564901.1,4672532.0],[564920.4,4672511.3],[564942.7,4672489.7],[564963.6,4672473.2],[564981.9,4672454.7]]},"properties":{"kind":"trail","name":null,"osmId":1210171990}},{"type":"Feature","geometry":{"type":"LineString","coordinates":[[565129.9,4672590.6],[565110.3,4672565.5],[565088.0,4672532.8],[565078.1,4672511.6],[565055.4,4672499.9],[565042.2,4672486.2],[565037.9,4672477.1],[565024.3,4672467.9],[564981.9,4672450.7]]},"properties":{"kind":"trail","name":null,"osmId":1210171991}},{"type":"Feature","geometry":{"type":"LineString","coordinates":[[565213.2,4671971.1],[565201.4,4671974.6],[565178.4,4671984.8],[565162.6,4671986.8],[565147.3,4671981.6],[565136.0,4671979.7],[565123.1,4671980.1],[565096.4,4671982.4],[565086.2,4671985.7],[565070.4,4671997.1],[565060.0,4672010.7],[565058.1,4672033.8],[565060.2,4672061.2],[565062.1,4672089.5],[565066.7,4672111.3],[565084.8,4672133.4],[565100.2,4672154.4],[565114.8,4672189.1],[565114.1,4672202.0],[565102.8,4672234.8],[565102.9,4672254.0],[565109.6,4672263.8],[565126.1,4672285.3],[565126.0,4672311.8],[565124.2,4672339.1],[565129.4,4672352.9],[565138.1,4672359.6],[565140.3,4672361.4],[565164.7,4672361.2],[565183.9,4672366.5]]},"properties":{"kind":"trail","name":null,"osmId":1210171992}},{"type":"Feature","geometry":{"type":"LineString","coordinates":[[564002.6,4672344.1],[564000.5,4672334.3],[563994.0,4672316.8],[563986.0,4672297.5],[563972.5,4672283.2],[563957.9,4672264.9],[563951.8,4672249.1],[563930.1,4672192.8]]},"properties":{"kind":"trail","name":null,"osmId":1210171993}},{"type":"Feature","geometry":{"type":"LineString","coordinates":[[564128.0,4672640.4],[564111.6,4672653.0],[564091.8,4672666.9],[564081.2,4672674.4],[564032.5,4672712.8],[563998.7,4672731.1],[563916.3,4672752.7],[563808.1,4672780.1],[563744.5,4672777.7],[563685.5,4672761.7],[563641.4,4672750.5],[563635.8,4672739.8],[563641.8,4672728.7],[563664.2,4672719.9],[563707.5,4672695.1],[563738.9,4672684.3],[563773.1,4672682.9],[563796.1,4672670.1],[563809.2,4672652.7],[563808.4,4672638.4],[563777.0,4672625.0],[563763.8,4672618.1],[563734.0,4672594.9],[563712.6,4672565.7],[563693.2,4672529.4],[563682.7,4672514.8],[563645.6,4672487.2],[563642.7,4672482.9],[563640.8,4672480.3],[563632.2,4672452.3],[563619.7,4672437.2],[563587.5,4672427.8],[563566.4,4672422.2],[563547.0,4672406.9],[563528.3,4672382.3],[563520.8,4672371.3]]},"properties":{"kind":"trail","name":null,"osmId":1210175399}},{"type":"Feature","geometry":{"type":"LineString","coordinates":[[565293.9,4672667.8],[565309.4,4672675.2],[565329.4,4672695.4],[565349.1,4672724.5],[565364.9,4672752.7],[565378.1,4672783.2],[565384.5,4672803.7],[565377.5,4672822.0],[565371.6,4672837.6],[565369.3,4672847.2]]},"properties":{"kind":"trail","name":null,"osmId":1210175400}},{"type":"Feature","geometry":{"type":"LineString","coordinates":[[565384.5,4672803.7],[565397.8,4672801.1],[565436.2,4672781.9],[565463.2,4672766.8],[565468.3,4672762.9],[565450.1,4672733.5],[565430.9,4672697.5],[565410.6,4672656.5],[565395.0,4672630.1]]},"properties":{"kind":"trail","name":null,"osmId":1210175401}},{"type":"Feature","geometry":{"type":"LineString","coordinates":[[565468.3,4672762.9],[565475.1,4672762.1],[565491.2,4672760.4],[565509.2,4672756.1],[565514.2,4672757.6],[565514.5,4672764.1]]},"properties":{"kind":"trail","name":null,"osmId":1210175402}},{"type":"Feature","geometry":{"type":"LineString","coordinates":[[564437.1,4672329.4],[564428.1,4672342.9],[564406.8,4672353.8],[564383.7,4672367.7],[564359.1,4672391.1],[564331.2,4672417.8],[564297.5,4672448.7],[564288.6,4672463.5],[564280.8,4672498.7],[564277.2,4672510.8],[564260.3,4672512.1],[564233.3,4672516.0],[564224.3,4672523.5],[564218.0,4672531.3],[564217.0,4672544.9],[564218.8,4672560.7],[564216.1,4672578.4],[564213.2,4672585.0],[564203.6,4672592.8],[564193.6,4672604.5],[564173.5,4672619.2],[564151.4,4672628.2],[564135.4,4672635.5],[564128.0,4672640.4]]},"properties":{"kind":"trail","name":null,"osmId":1210175405}},{"type":"Feature","geometry":{"type":"LineString","coordinates":[[564477.2,4672289.7],[564486.8,4672282.7],[564490.1,4672279.7]]},"properties":{"kind":"trail","name":null,"osmId":1210176350}},{"type":"Feature","geometry":{"type":"LineString","coordinates":[[564376.0,4672337.6],[564380.1,4672316.0],[564374.7,4672300.6],[564359.5,4672282.3],[564346.9,4672269.3],[564350.2,4672251.6],[564378.9,4672244.0],[564418.1,4672255.0],[564436.0,4672259.0],[564449.8,4672260.2],[564466.3,4672265.0],[564490.1,4672279.7],[564512.1,4672284.2],[564565.5,4672280.4],[564630.8,4672279.1],[564684.4,4672280.0],[564704.1,4672261.8],[564728.0,4672231.4],[564734.7,4672211.6],[564740.6,4672202.4],[564765.0,4672190.7],[564801.9,4672187.1],[564821.2,4672189.5],[564828.9,4672192.8],[564868.2,4672209.6],[564890.6,4672219.2],[564907.1,4672234.9],[564914.9,4672245.5]]},"properties":{"kind":"trail","name":null,"osmId":1210176351}},{"type":"Feature","geometry":{"type":"LineString","coordinates":[[564441.5,4672328.8],[564453.9,4672333.3],[564473.0,4672328.9],[564503.3,4672323.0],[564546.0,4672315.8],[564571.0,4672310.6],[564598.1,4672309.5],[564616.0,4672310.5],[564639.2,4672310.5],[564652.8,4672308.2],[564665.8,4672300.5],[564679.3,4672287.5],[564684.4,4672280.0]]},"properties":{"kind":"trail","name":null,"osmId":1210176353}},{"type":"Feature","geometry":{"type":"LineString","coordinates":[[564868.2,4672209.6],[564870.4,4672207.8],[564887.9,4672210.0],[564900.8,4672216.7],[564909.3,4672213.9],[564898.1,4672196.4],[564884.4,4672177.5],[564882.0,4672166.2],[564891.2,4672172.0],[564936.9,4672201.3],[564956.0,4672217.6],[564980.9,4672243.6],[564986.7,4672272.1],[564985.1,4672308.6],[564990.0,4672350.3],[564987.2,4672386.0],[564976.9,4672413.1]]},"properties":{"kind":"trail","name":null,"osmId":1210176354}},{"type":"Feature","geometry":{"type":"LineString","coordinates":[[564680.5,4672107.0],[564656.8,4672092.7],[564644.1,4672072.8],[564649.0,4672060.8]]},"properties":{"kind":"trail","name":null,"osmId":1214917024}},{"type":"Feature","geometry":{"type":"LineString","coordinates":[[565227.5,4672619.9],[565181.0,4672574.8],[565173.1,4672504.0],[565162.0,4672459.3],[565140.0,4672411.7],[565038.2,4672346.5]]},"properties":{"kind":"trail","name":null,"osmId":1214918199}},{"type":"Feature","geometry":{"type":"LineString","coordinates":[[562675.2,4673411.5],[562658.2,4673358.7],[562639.4,4673323.5],[562603.3,4673238.6],[562578.2,4673187.6],[562546.1,4673126.3],[562516.5,4673075.6],[562473.3,4673052.3]]},"properties":{"kind":"trail","name":null,"osmId":1214918200}},{"type":"Feature","geometry":{"type":"LineString","coordinates":[[563513.2,4672345.1],[563527.6,4672339.5],[563539.3,4672338.6],[563550.2,4672336.9]]},"properties":{"kind":"trail","name":null,"osmId":1214927312}},{"type":"Feature","geometry":{"type":"LineString","coordinates":[[563456.6,4671197.3],[563460.4,4671220.7],[563468.1,4671245.4],[563492.3,4671254.8],[563515.4,4671273.3],[563524.7,4671293.6],[563526.8,4671313.2]]},"properties":{"kind":"stream","name":"Mossy Brook","osmId":1214927313}},{"type":"Feature","geometry":{"type":"LineString","coordinates":[[564019.0,4670564.7],[564034.9,4670671.9],[564065.6,4670757.4],[564073.2,4670776.2],[564101.4,4670846.3],[564177.4,4670944.0]]},"properties":{"kind":"stream","name":null,"osmId":1214927314}},{"type":"Feature","geometry":{"type":"LineString","coordinates":[[563765.0,4670654.9],[563888.3,4670705.9],[563995.9,4670756.2],[564073.2,4670776.2]]},"properties":{"kind":"stream","name":null,"osmId":1214927315}},{"type":"Feature","geometry":{"type":"LineString","coordinates":[[561659.7,4672951.5],[561684.2,4672972.8],[561711.1,4672988.5],[561730.0,4673001.7],[561747.6,4673016.8],[561752.7,4673026.6],[561763.6,4673031.0],[561771.3,4673039.5],[561788.7,4673047.4],[561799.7,4673051.7],[561814.8,4673065.2],[561830.4,4673099.7],[561844.3,4673118.0],[561862.0,4673128.5],[561872.2,4673140.8],[561884.8,4673160.2],[561909.6,4673188.5],[561917.7,4673191.5],[561923.6,4673193.8],[561942.8,4673197.9],[562073.1,4673248.9],[562146.7,4673312.2],[562219.7,4673379.1],[562282.5,4673451.3],[562310.3,4673488.0],[562343.0,4673522.1],[562370.5,4673589.5],[562397.2,4673629.9],[562424.0,4673654.0],[562442.4,4673684.8],[562459.4,4673734.8],[562494.2,4673787.6],[562503.6,4673831.2],[562493.3,4673888.5],[562495.7,4673918.3],[562532.2,4673928.4],[562549.9,4673945.9]]},"properties":{"kind":"stream","name":null,"osmId":1214927316}},{"type":"Feature","geometry":{"type":"LineString","coordinates":[[571151.5,4671994.5],[571148.7,4671994.3],[571148.1,4671993.1],[571148.1,4671991.3],[571150.1,4671976.7],[571153.6,4671957.7],[571154.4,4671956.1],[571155.5,4671955.0],[571156.7,4671954.7],[571157.8,4671954.7],[571165.3,4671956.0],[571201.4,4671962.3],[571236.5,4671968.3],[571245.9,4671969.9],[571234.5,4672038.0],[571233.0,4672037.7]]},"properties":{"kind":"trail","name":null,"osmId":1216070976}},{"type":"Feature","geometry":{"type":"LineString","coordinates":[[571236.5,4671968.3],[571235.2,4671973.4]]},"properties":{"kind":"trail","name":null,"osmId":1216070977}},{"type":"Feature","geometry":{"type":"LineString","coordinates":[[571165.3,4671956.0],[571164.3,4671960.8]]},"properties":{"kind":"trail","name":null,"osmId":1216070978}},{"type":"Feature","geometry":{"type":"LineString","coordinates":[[570874.4,4671855.0],[570891.4,4671855.3],[570890.8,4671875.8],[570885.4,4671875.9],[570885.4,4671874.7]]},"properties":{"kind":"trail","name":null,"osmId":1216070980}},{"type":"Feature","geometry":{"type":"LineString","coordinates":[[568136.9,4671458.8],[568144.7,4671473.7],[568161.9,4671509.0],[568189.9,4671556.7],[568215.3,4671604.5],[568251.6,4671655.0]]},"properties":{"kind":"road","name":null,"osmId":1216070985}},{"type":"Feature","geometry":{"type":"LineString","coordinates":[[566865.4,4672316.7],[566860.8,4672301.9],[566899.7,4672286.5],[566900.3,4672281.7],[566912.6,4672275.8],[566920.4,4672296.3]]},"properties":{"kind":"road","name":null,"osmId":1216070987}},{"type":"Feature","geometry":{"type":"LineString","coordinates":[[571081.7,4665736.4],[571068.1,4665739.5],[571059.8,4665753.5],[571056.1,4665786.7],[571043.6,4665805.8],[571029.0,4665830.2],[571023.7,4665838.6],[570992.7,4665861.0]]},"properties":{"kind":"trail","name":null,"osmId":1222111726}},{"type":"Feature","geometry":{"type":"LineString","coordinates":[[570375.1,4675053.8],[570363.9,4675055.9],[570312.2,4675049.2],[570277.9,4675063.9],[570258.5,4675063.9],[570229.4,4675060.8],[570200.6,4675039.4],[570188.5,4675022.5],[570160.7,4675013.2],[570138.5,4674992.1],[570128.0,4674973.3],[570115.3,4674947.9],[570095.9,4674931.5],[570076.8,4674913.0],[570070.5,4674886.2],[570058.7,4674851.0],[570046.3,4674839.2],[570037.7,4674831.6],[569989.3,4674800.0],[569952.2,4674772.3],[569911.0,4674762.9],[569873.8,4674754.3],[569852.9,4674748.4],[569841.7,4674726.5],[569822.4,4674696.8],[569797.4,4674682.1],[569784.0,4674668.8],[569770.4,4674637.2],[569749.4,4674626.6],[569723.0,4674603.8],[569710.9,4674586.2],[569698.7,4674561.2],[569687.7,4674545.3],[569664.6,4674524.0],[569642.7,4674519.9],[569621.7,4674507.8],[569616.7,4674496.1],[569616.1,4674477.9],[569608.2,4674454.5],[569605.4,4674423.6],[569611.2,4674393.3],[569616.7,4674356.7],[569628.7,4674313.4],[569623.2,4674288.6],[569633.8,4674260.3],[569642.7,4674233.0],[569639.0,4674217.5],[569608.2,4674185.7],[569575.6,4674142.9],[569565.2,4674128.5],[569569.2,4674094.2],[569612.1,4674055.3],[569634.8,4674035.2],[569649.0,4674013.2],[569676.4,4673992.5],[569702.6,4673983.5],[569717.3,4673962.7],[569715.9,4673942.6],[569696.9,4673910.8],[569698.6,4673897.3],[569706.4,4673868.4],[569698.1,4673851.7],[569670.5,4673825.5],[569654.2,4673801.8],[569634.2,4673772.1],[569612.2,4673762.2],[569584.6,4673752.8],[569555.7,4673754.8]]},"properties":{"kind":"trail","name":"Heiner's trail (Blue)","osmId":1227255414}},{"type":"Feature","geometry":{"type":"LineString","coordinates":[[569474.7,4673491.9],[569473.1,4673475.1],[569495.2,4673447.8],[569513.4,4673411.8],[569524.7,4673384.1],[569554.5,4673346.0],[569585.9,4673322.6],[569634.2,4673297.9],[569671.2,4673276.7],[569712.0,4673249.6],[569737.5,4673242.3],[569781.8,4673240.0],[569813.7,4673235.7],[569829.1,4673219.9],[569842.8,4673184.1],[569857.0,4673173.3]]},"properties":{"kind":"trail","name":null,"osmId":1227255417}},{"type":"Feature","geometry":{"type":"LineString","coordinates":[[569943.9,4673013.3],[569946.2,4673046.5],[569934.1,4673074.4],[569923.1,4673104.9],[569911.3,4673112.5],[569863.7,4673120.3],[569840.2,4673129.8],[569839.7,4673141.9],[569853.5,4673162.6],[569855.6,4673167.1]]},"properties":{"kind":"road","name":null,"osmId":1227255418}},{"type":"Feature","geometry":{"type":"LineString","coordinates":[[569855.6,4673167.1],[569857.0,4673173.3],[569875.0,4673202.4],[569889.1,4673229.6],[569890.4,4673269.4],[569883.5,4673299.7],[569883.6,4673316.2]]},"properties":{"kind":"trail","name":null,"osmId":1227255419}},{"type":"Feature","geometry":{"type":"LineString","coordinates":[[561477.5,4673509.3],[561509.3,4673515.7],[561545.7,4673513.4],[561581.5,4673506.8],[561606.0,4673510.4],[561624.1,4673508.5],[561640.5,4673497.8],[561661.1,4673483.6],[561673.0,4673467.2],[561687.4,4673447.6],[561698.8,4673420.6],[561703.1,4673404.5]]},"properties":{"kind":"trail","name":null,"osmId":1227930134}},{"type":"Feature","geometry":{"type":"LineString","coordinates":[[561705.4,4673320.7],[561709.3,4673290.5],[561718.4,4673272.9],[561750.1,4673262.4],[561767.1,4673269.7],[561773.2,4673297.1],[561780.6,4673312.1],[561794.4,4673310.8],[561810.4,4673297.7],[561830.6,4673266.5],[561861.9,4673232.0],[561888.7,4673201.1],[561912.8,4673161.2],[561948.4,4673141.3],[561998.7,4673120.2],[562032.3,4673130.1],[562053.3,4673126.8],[562102.3,4673112.9],[562151.5,4673094.9],[562173.9,4673078.9],[562192.2,4673068.5],[562211.4,4673063.7],[562244.1,4673051.4]]},"properties":{"kind":"trail","name":null,"osmId":1227930136}},{"type":"Feature","geometry":{"type":"LineString","coordinates":[[559708.1,4665010.4],[559730.2,4664996.9],[559741.7,4664958.4],[559756.2,4664918.3],[559789.6,4664895.7],[559801.0,4664868.6],[559807.0,4664805.9],[559817.9,4664741.0],[559883.7,4664667.5],[559939.8,4664577.8],[559965.7,4664532.7],[559985.8,4664453.4],[560016.9,4664389.7],[560025.4,4664346.2],[560057.0,4664297.5],[560061.4,4664254.6],[560078.7,4664226.5],[560073.4,4664169.7],[560055.9,4664156.5],[560053.3,4664134.1],[560068.9,4664088.3],[560095.1,4664055.2],[560089.6,4664021.2],[560098.9,4663973.7],[560113.0,4663953.0],[560154.9,4663884.0],[560142.1,4663862.7],[560154.6,4663816.8],[560153.1,4663784.9],[560172.6,4663754.1],[560178.1,4663740.7],[560173.5,4663717.3],[560189.3,4663692.8],[560200.5,4663678.8],[560206.4,4663663.7],[560197.5,4663648.4],[560196.0,4663624.5],[560224.4,4663602.8],[560253.0,4663580.2],[560258.2,4663566.8],[560297.0,4663522.4],[560300.5,4663514.8],[560305.3,4663465.6],[560304.5,4663417.5],[560305.0,4663413.0]]},"properties":{"kind":"stream","name":null,"osmId":1228746254}},{"type":"Feature","geometry":{"type":"LineString","coordinates":[[560308.9,4663389.6],[560308.7,4663385.0],[560301.6,4663357.0],[560314.7,4663316.9],[560335.8,4663296.0]]},"properties":{"kind":"stream","name":null,"osmId":1228746255}},{"type":"Feature","geometry":{"type":"LineString","coordinates":[[560305.0,4663413.0],[560308.9,4663389.6]]},"properties":{"kind":"stream","name":null,"osmId":1228746256}},{"type":"Feature","geometry":{"type":"LineString","coordinates":[[560266.9,4663348.8],[560252.3,4663367.2],[560249.2,4663372.8],[560247.9,4663377.5],[560247.8,4663384.4],[560250.6,4663406.7],[560262.1,4663461.3],[560270.7,4663487.0],[560281.6,4663513.6],[560287.6,4663524.2]]},"properties":{"kind":"road","name":"Beecher Road","osmId":1228746257}},{"type":"Feature","geometry":{"type":"LineString","coordinates":[[560287.6,4663524.2],[560293.5,4663532.7]]},"properties":{"kind":"road","name":"Beecher Road","osmId":1228746258}},{"type":"Feature","geometry":{"type":"LineString","coordinates":[[566243.4,4668004.3],[566266.1,4668005.0],[566272.0,4667991.5],[566280.1,4667976.7],[566276.9,4667967.7]]},"properties":{"kind":"cliff","name":null,"osmId":1245345351}},{"type":"Feature","geometry":{"type":"LineString","coordinates":[[566203.9,4668311.9],[566196.9,4668296.2],[566186.1,4668279.8],[566179.7,4668259.2],[566170.1,4668242.2],[566173.2,4668228.4]]},"properties":{"kind":"cliff","name":null,"osmId":1245345352}},{"type":"Feature","geometry":{"type":"LineString","coordinates":[[566143.6,4668524.1],[566122.4,4668488.7],[566091.5,4668437.1],[566077.7,4668375.7],[566063.4,4668310.7],[566054.8,4668268.0],[566049.4,4668218.9],[566049.0,4668195.4]]},"properties":{"kind":"cliff","name":null,"osmId":1245345353}},{"type":"Feature","geometry":{"type":"LineString","coordinates":[[566510.4,4671077.2],[566497.0,4671061.7],[566482.2,4671052.3],[566455.2,4671054.7],[566431.8,4671057.2]]},"properties":{"kind":"trail","name":null,"osmId":1252074588}},{"type":"Feature","geometry":{"type":"LineString","coordinates":[[566176.6,4670763.9],[566195.3,4670805.6],[566245.9,4670849.5],[566268.5,4670886.3],[566280.4,4670904.7],[566297.0,4670918.1],[566311.9,4670949.1],[566333.8,4670971.4],[566366.5,4670990.1],[566387.4,4671001.6],[566416.1,4671020.7],[566436.4,4671029.4],[566458.9,4671039.0],[566482.2,4671052.3]]},"properties":{"kind":"trail","name":null,"osmId":1252074589}},{"type":"Feature","geometry":{"type":"Polygon","coordinates":[[[566375.4,4671097.2],[566371.5,4671093.4],[566372.8,4671087.4],[566378.3,4671088.8],[566381.0,4671092.7],[566380.8,4671095.3],[566375.4,4671097.2]]]},"properties":{"kind":"lake","name":null,"osmId":1252074590}},{"type":"Feature","geometry":{"type":"LineString","coordinates":[[565481.3,4662534.5],[565503.3,4662544.3],[565544.2,4662558.8],[565578.2,4662567.7],[565578.4,4662579.8]]},"properties":{"kind":"cliff","name":null,"osmId":1252138921}},{"type":"Feature","geometry":{"type":"LineString","coordinates":[[567192.1,4671459.6],[567186.9,4671468.5],[567167.9,4671502.1],[567150.1,4671533.2],[567123.3,4671575.8],[567087.6,4671630.5],[567070.8,4671656.7],[567052.5,4671675.5],[567020.8,4671708.7],[566984.9,4671728.5],[566940.3,4671742.0],[566883.7,4671741.0],[566837.2,4671734.6],[566773.0,4671717.1],[566675.5,4671705.9],[566599.0,4671718.7],[566576.6,4671722.9],[566512.8,4671749.0],[566468.6,4671773.5],[566424.1,4671800.9],[566350.1,4671866.3],[566328.1,4671890.4],[566267.1,4671951.5],[566251.4,4671948.8]]},"properties":{"kind":"road","name":"Hunter Branch Rail Trail","osmId":1256161970}},{"type":"Feature","geometry":{"type":"LineString","coordinates":[[567237.7,4671378.9],[567213.9,4671422.8],[567196.7,4671451.6]]},"properties":{"kind":"road","name":"Hunter Branch Rail Trail","osmId":1256161971}},{"type":"Feature","geometry":{"type":"LineString","coordinates":[[567196.7,4671451.6],[567192.1,4671459.6]]},"properties":{"kind":"road","name":"Hunter Branch Rail Trail","osmId":1256161972}},{"type":"Feature","geometry":{"type":"LineString","coordinates":[[567952.6,4668658.9],[567958.6,4668673.9],[567963.5,4668674.7],[567972.8,4668696.2],[567970.7,4668698.3],[567972.6,4668713.8],[567980.5,4668728.7]]},"properties":{"kind":"cliff","name":null,"osmId":1256326301}},{"type":"Feature","geometry":{"type":"LineString","coordinates":[[561703.1,4673404.5],[561705.6,4673395.2],[561709.4,4673371.7],[561708.1,4673345.3],[561705.4,4673320.7]]},"properties":{"kind":"trail","name":null,"osmId":1258446096}},{"type":"Feature","geometry":{"type":"LineString","coordinates":[[561234.2,4672661.8],[561162.1,4672668.7],[561084.6,4672661.0],[561008.4,4672662.7],[560893.4,4672706.9],[560834.7,4672743.6],[560831.1,4672775.3],[560858.0,4672800.2],[560909.5,4672851.4],[560947.4,4672894.1],[560968.7,4672919.4],[560987.4,4672971.8],[561001.6,4673010.6],[561050.8,4673103.2],[561113.3,4673173.6],[561161.5,4673227.1],[561163.8,4673242.0],[561219.1,4673348.2],[561243.4,4673394.8],[561265.8,4673415.7],[561291.4,4673435.2],[561316.0,4673457.3],[561335.8,4673475.0],[561358.4,4673486.6],[561373.6,4673496.4],[561395.4,4673496.2],[561436.8,4673498.4],[561467.8,4673507.3],[561477.5,4673509.3]]},"properties":{"kind":"trail","name":null,"osmId":1258446097}},{"type":"Feature","geometry":{"type":"LineString","coordinates":[[561852.3,4673407.6],[561850.7,4673431.4],[561837.9,4673456.7]]},"properties":{"kind":"cliff","name":null,"osmId":1258446100}},{"type":"Feature","geometry":{"type":"LineString","coordinates":[[569380.2,4666003.4],[569373.7,4666023.5],[569353.2,4666069.9],[569339.5,4666062.7],[569323.2,4666064.4],[569302.8,4666088.9],[569278.9,4666099.3],[569254.2,4666092.9],[569243.4,4666060.2],[569222.8,4666023.7],[569213.6,4665984.2],[569217.5,4665925.7],[569217.4,4665886.1],[569206.7,4665842.7],[569197.9,4665807.1],[569213.2,4665765.9],[569200.9,4665731.8],[569202.4,4665704.8],[569182.9,4665659.9],[569184.9,4665616.5],[569189.9,4665580.9]]},"properties":{"kind":"trail","name":null,"osmId":1282044080}},{"type":"Feature","geometry":{"type":"LineString","coordinates":[[569610.8,4665878.6],[569600.7,4665871.4],[569587.7,4665870.1],[569580.3,4665874.1],[569566.6,4665893.2],[569550.4,4665916.5],[569537.5,4665930.7],[569524.5,4665946.7],[569509.1,4665959.7],[569490.4,4665970.3],[569475.9,4665973.0],[569467.2,4665971.5],[569419.6,4665967.9],[569380.2,4666003.4]]},"properties":{"kind":"trail","name":null,"osmId":1282044081}},{"type":"Feature","geometry":{"type":"LineString","coordinates":[[568919.7,4665640.9],[568931.3,4665661.7],[568946.2,4665672.8],[568968.8,4665687.0],[568993.0,4665693.8],[569005.4,4665703.1],[569019.0,4665710.4],[569025.9,4665716.9]]},"properties":{"kind":"cliff","name":null,"osmId":1282293337}},{"type":"Feature","geometry":{"type":"LineString","coordinates":[[568877.6,4665654.1],[568889.0,4665658.4],[568891.8,4665667.9],[568904.8,4665667.0],[568924.1,4665681.0]]},"properties":{"kind":"cliff","name":null,"osmId":1282293338}},{"type":"Feature","geometry":{"type":"LineString","coordinates":[[567660.2,4673880.3],[567624.2,4673867.4],[567557.3,4673874.1],[567520.3,4673857.0],[567512.2,4673822.2],[567435.8,4673808.6],[567393.6,4673789.5]]},"properties":{"kind":"stream","name":null,"osmId":1282606757}},{"type":"Feature","geometry":{"type":"LineString","coordinates":[[567461.0,4674399.3],[567441.3,4674386.4],[567417.9,4674361.2],[567392.9,4674340.9],[567356.3,4674305.2],[567329.2,4674254.6],[567293.4,4674237.8],[567288.1,4674235.3],[567275.7,4674229.4],[567259.2,4674192.9],[567253.1,4674147.3],[567247.5,4674095.0],[567234.8,4674057.2],[567265.2,4674042.2],[567276.2,4674018.8],[567268.4,4673992.2],[567288.1,4673952.8],[567294.3,4673930.5],[567293.4,4673872.4],[567297.8,4673835.2],[567298.2,4673805.5],[567314.4,4673795.9],[567329.0,4673785.5],[567320.0,4673758.0],[567314.1,4673739.5],[567303.0,4673713.0],[567304.9,4673685.4],[567320.7,4673647.6],[567339.9,4673634.2],[567343.4,4673607.9],[567332.6,4673594.6],[567350.4,4673557.4],[567350.0,4673530.7],[567356.7,4673504.7],[567358.5,4673483.5],[567342.4,4673473.0],[567335.9,4673411.2],[567288.0,4673385.3]]},"properties":{"kind":"stream","name":null,"osmId":1282606758}},{"type":"Feature","geometry":{"type":"LineString","coordinates":[[567288.0,4673385.3],[567284.6,4673380.3],[567261.6,4673346.7],[567222.1,4673336.9],[567220.9,4673318.0],[567166.0,4673303.5],[567136.4,4673298.1],[567040.4,4673285.6],[566986.8,4673269.8],[566935.7,4673214.3],[566889.6,4673167.5],[566839.8,4673136.7],[566803.5,4673112.9],[566796.5,4673101.1]]},"properties":{"kind":"stream","name":null,"osmId":1282606759}},{"type":"Feature","geometry":{"type":"LineString","coordinates":[[567328.3,4673834.9],[567318.8,4673819.9],[567321.5,4673812.4],[567329.7,4673796.0],[567329.0,4673785.5]]},"properties":{"kind":"stream","name":null,"osmId":1282606764}},{"type":"Feature","geometry":{"type":"LineString","coordinates":[[567287.2,4673582.1],[567283.1,4673515.9],[567279.1,4673445.4],[567273.3,4673410.8],[567284.6,4673380.3]]},"properties":{"kind":"stream","name":null,"osmId":1282606766}},{"type":"Feature","geometry":{"type":"LineString","coordinates":[[569910.9,4673365.5],[569927.2,4673390.1],[569942.0,4673404.1],[569955.6,4673417.2],[569958.5,4673441.6],[569944.3,4673470.8],[569914.9,4673513.5],[569891.9,4673553.7],[569857.4,4673567.5],[569832.2,4673617.7],[569812.6,4673635.1],[569794.9,4673681.5],[569808.6,4673701.4],[569836.3,4673733.1],[569847.6,4673781.1],[569888.5,4673846.2],[569902.2,4673891.4],[569908.4,4673940.8],[569929.3,4673965.2],[569949.6,4673973.4],[569968.1,4673973.9]]},"properties":{"kind":"trail","name":"Wood road trail (Yellow)","osmId":1282608194}},{"type":"Feature","geometry":{"type":"LineString","coordinates":[[569584.6,4673752.8],[569639.0,4673745.3],[569680.0,4673752.7],[569717.2,4673766.1],[569739.3,4673731.6],[569749.4,4673714.3],[569774.8,4673708.8],[569808.6,4673701.4]]},"properties":{"kind":"trail","name":"Upper reservoir trail (Green)","osmId":1282626007}},{"type":"Feature","geometry":{"type":"LineString","coordinates":[[569245.2,4672975.7],[569252.3,4673015.3],[569268.3,4673090.0],[569261.8,4673136.7],[569253.6,4673213.5],[569251.9,4673262.7],[569266.5,4673353.8],[569272.6,4673420.4],[569263.5,4673542.6],[569249.4,4673588.9],[569217.1,4673669.2],[569196.3,4673758.1],[569175.0,4673831.8],[569166.3,4673906.9],[569133.7,4674001.4],[569110.7,4674078.8],[569129.3,4674092.4],[569135.6,4674097.0],[569209.6,4674117.1],[569260.5,4674125.2],[569284.2,4674138.1]]},"properties":{"kind":"trail","name":"Hills of the sky trail (Blue)","osmId":1282626008}},{"type":"Feature","geometry":{"type":"LineString","coordinates":[[569944.3,4673470.8],[569975.9,4673503.9],[570022.5,4673527.0],[570061.5,4673536.4],[570103.2,4673582.2],[570138.9,4673635.8],[570173.7,4673682.4],[570194.3,4673790.9],[570188.0,4673820.3],[570194.0,4673852.7],[570207.6,4673898.4],[570206.4,4673927.0],[570213.4,4673970.9],[570208.5,4673988.8],[570214.5,4674000.4]]},"properties":{"kind":"trail","name":"Spruce trail (Green)","osmId":1282636397}},{"type":"Feature","geometry":{"type":"LineString","coordinates":[[569533.0,4673133.2],[569331.6,4673005.5],[569285.7,4672988.5],[569245.2,4672975.7],[569200.7,4672925.0],[569204.3,4672830.7],[569148.5,4672757.5],[569021.0,4672740.5],[568995.3,4672676.8],[568925.6,4672625.2],[568863.3,4672603.2],[568793.4,4672597.6],[568725.4,4672553.7]]},"properties":{"kind":"trail","name":"Barron-Jones trail (Yellow)","osmId":1282636400}},{"type":"Feature","geometry":{"type":"LineString","coordinates":[[569272.6,4673420.4],[569380.9,4673342.1],[569409.4,4673316.9],[569491.0,4673226.0],[569533.0,4673133.2],[569582.2,4673087.5],[569598.2,4673043.0],[569657.5,4673020.0],[569726.2,4673003.1],[569770.7,4672991.4]]},"properties":{"kind":"trail","name":"Ya-Le-Wah-Hoh trail (Orange)","osmId":1282636401}},{"type":"Feature","geometry":{"type":"LineString","coordinates":[[569380.9,4673342.1],[569339.7,4673339.6],[569326.2,4673238.8],[569363.8,4673115.2],[569328.4,4673037.1],[569285.7,4672988.5]]},"properties":{"kind":"trail","name":"The quail trail (Red)","osmId":1282636402}},{"type":"Feature","geometry":{"type":"LineString","coordinates":[[569582.2,4673087.5],[569551.1,4673053.1],[569557.8,4672975.8],[569554.9,4672923.6],[569531.4,4672905.0],[569490.7,4672811.5],[569466.7,4672763.9],[569433.6,4672749.7],[569410.2,4672680.8],[569375.4,4672578.1],[569318.0,4672534.7],[569261.5,4672497.0],[569195.5,4672436.9],[569133.6,4672382.9],[569079.1,4672348.9],[569013.9,4672331.3]]},"properties":{"kind":"trail","name":"Fox and bear trail (Yellow)","osmId":1282636403}},{"type":"Feature","geometry":{"type":"LineString","coordinates":[[568719.4,4672555.8],[568797.5,4672534.3],[568915.5,4672507.1],[568968.9,4672457.9],[568998.6,4672398.0],[569013.9,4672331.3]]},"properties":{"kind":"trail","name":"Over yonder trail (Orange)","osmId":1282636404}},{"type":"Feature","geometry":{"type":"LineString","coordinates":[[569013.9,4672331.3],[568962.8,4672312.2],[568935.2,4672315.4],[568896.3,4672294.0],[568879.3,4672241.3],[568856.2,4672192.7],[568838.3,4672105.8],[568837.8,4672027.3],[568802.3,4671956.8],[568776.4,4671923.4],[568758.2,4671892.5],[568691.8,4671779.3],[568654.8,4671697.9],[568618.9,4671654.5],[568612.5,4671620.7],[568543.7,4671520.8],[568525.0,4671454.3],[568509.3,4671390.9]]},"properties":{"kind":"trail","name":"Onteora woodland trail (Yellow)","osmId":1282636405}},{"type":"Feature","geometry":{"type":"LineString","coordinates":[[569204.3,4672830.7],[569222.3,4672790.0],[569253.9,4672702.0],[569319.2,4672599.1],[569318.0,4672534.7]]},"properties":{"kind":"trail","name":"Coyote crossing trail (Green)","osmId":1282636406}},{"type":"Feature","geometry":{"type":"LineString","coordinates":[[568968.9,4672457.9],[568841.6,4672387.1],[568733.5,4672299.1],[568685.0,4672209.0],[568653.5,4672111.6],[568673.7,4671984.3],[568676.7,4671950.0],[568758.2,4671892.5]]},"properties":{"kind":"trail","name":"Owls hoot trail (Blue)","osmId":1282636407}},{"type":"Feature","geometry":{"type":"LineString","coordinates":[[568802.3,4671956.8],[568896.7,4671962.1],[568977.4,4671980.1],[569062.1,4672068.5],[569057.4,4672120.6],[569013.9,4672331.3]]},"properties":{"kind":"trail","name":"Owl loop trail (Green)","osmId":1282636408}},{"type":"Feature","geometry":{"type":"LineString","coordinates":[[569245.2,4672975.7],[569208.3,4672973.3],[569198.0,4673060.6],[569194.2,4673126.6],[569194.7,4673209.0],[569075.6,4673186.8],[569057.2,4673099.0],[569041.0,4673055.0]]},"properties":{"kind":"trail","name":"AJ's ramble trail (Red)","osmId":1282636409}},{"type":"Feature","geometry":{"type":"LineString","coordinates":[[569041.0,4673055.0],[569007.8,4672970.1],[568986.9,4672888.8],[569029.7,4672901.9],[569074.9,4672924.3],[569110.4,4672892.7],[569163.0,4672896.1],[569208.3,4672973.3]]},"properties":{"kind":"trail","name":"Clove lookout trail (Orange)","osmId":1282636410}},{"type":"Feature","geometry":{"type":"LineString","coordinates":[[569907.2,4673356.7],[569921.9,4673346.3],[569929.3,4673292.6],[569950.1,4673269.0],[569959.8,4673231.4],[569963.6,4673176.0],[569956.6,4673148.9],[569964.0,4673132.2],[569973.2,4673126.0],[569967.4,4673096.2],[569969.7,4673075.9],[569974.2,4673066.7],[569994.0,4673034.4],[570005.6,4672999.8],[570044.7,4672974.6],[570113.0,4672942.2],[570137.5,4672929.7]]},"properties":{"kind":"stream","name":"Allen Brook","osmId":1282659685}},{"type":"Feature","geometry":{"type":"LineString","coordinates":[[569457.6,4673498.3],[569457.2,4673485.3],[569441.9,4673467.7],[569391.9,4673465.0],[569383.7,4673437.3],[569430.2,4673376.9],[569439.4,4673350.2],[569471.8,4673323.4],[569481.4,4673303.6],[569512.0,4673291.7],[569527.9,4673245.7],[569547.8,4673206.9],[569561.4,4673189.7],[569579.2,4673174.0]]},"properties":{"kind":"stream","name":null,"osmId":1282659686}},{"type":"Feature","geometry":{"type":"LineString","coordinates":[[569612.2,4673131.2],[569628.3,4673121.9],[569639.8,4673119.3],[569651.0,4673124.4],[569666.5,4673125.6],[569691.2,4673116.3],[569706.9,4673105.7],[569727.5,4673103.1],[569742.9,4673101.3],[569754.7,4673098.4],[569765.5,4673095.7],[569784.6,4673091.5],[569788.0,4673084.5],[569787.3,4673074.3],[569790.8,4673066.5],[569798.0,4673063.4],[569808.2,4673066.9],[569818.4,4673067.8],[569835.0,4673067.3],[569858.2,4673060.7],[569872.6,4673054.0],[569884.9,4673052.6],[569901.1,4673045.8],[569924.5,4673047.5],[569937.2,4673056.7]]},"properties":{"kind":"stream","name":null,"osmId":1282659687}},{"type":"Feature","geometry":{"type":"LineString","coordinates":[[570055.3,4673959.2],[570057.5,4673925.7],[570035.0,4673900.1],[570023.4,4673860.6],[569996.8,4673830.1],[569929.2,4673793.7],[569910.6,4673746.5],[569884.6,4673693.9],[569852.6,4673642.1],[569832.2,4673617.7],[569820.8,4673604.1],[569779.5,4673587.9],[569791.0,4673529.6],[569810.9,4673457.6],[569825.1,4673418.4],[569850.1,4673395.9]]},"properties":{"kind":"stream","name":"Allen Brook","osmId":1282659688}},{"type":"Feature","geometry":{"type":"LineString","coordinates":[[568803.8,4672392.3],[568786.2,4672302.5],[568749.7,4672202.6],[568722.3,4672103.4],[568739.4,4672013.9],[568756.6,4671924.4]]},"properties":{"kind":"stream","name":null,"osmId":1282659689}},{"type":"Feature","geometry":{"type":"LineString","coordinates":[[569291.3,4672250.9],[569143.1,4672191.6],[569003.8,4672159.1],[568952.8,4672152.3],[568906.0,4672084.8],[568861.1,4672037.0],[568803.4,4671996.2],[568756.6,4671924.4],[568694.2,4671861.0]]},"properties":{"kind":"stream","name":null,"osmId":1282659690}},{"type":"Feature","geometry":{"type":"LineString","coordinates":[[568694.2,4671861.0],[568662.0,4671820.4],[568577.1,4671804.0],[568472.8,4671741.6],[568371.2,4671697.5],[568324.3,4671711.2],[568270.3,4671716.3],[568217.6,4671677.7],[568166.2,4671643.3],[568154.0,4671583.9],[568087.2,4671563.8],[568033.6,4671534.3],[568018.4,4671530.6],[568000.5,4671519.5]]},"properties":{"kind":"stream","name":null,"osmId":1282659691}},{"type":"Feature","geometry":{"type":"LineString","coordinates":[[570291.0,4671869.3],[570289.6,4671875.6],[570288.9,4671878.9],[570287.4,4671891.3],[570282.7,4671948.7]]},"properties":{"kind":"road","name":"Leach Road","osmId":1284157173}},{"type":"Feature","geometry":{"type":"LineString","coordinates":[[566317.3,4667679.0],[566293.3,4667672.2],[566260.0,4667655.7],[566231.3,4667642.6],[566204.9,4667636.1],[566179.4,4667620.3],[566157.8,4667605.4],[566140.4,4667594.9],[566121.1,4667577.6],[566112.0,4667569.6]]},"properties":{"kind":"stream","name":null,"osmId":1284230741}},{"type":"Feature","geometry":{"type":"LineString","coordinates":[[566778.9,4667601.9],[566748.5,4667601.2],[566720.4,4667597.8],[566684.0,4667588.6],[566661.4,4667576.8],[566633.4,4667575.3],[566618.6,4667571.5],[566581.4,4667566.5],[566544.4,4667559.3],[566523.1,4667556.4],[566503.8,4667550.8],[566487.9,4667546.2],[566467.1,4667530.6],[566444.9,4667518.6],[566428.0,4667507.8]]},"properties":{"kind":"stream","name":null,"osmId":1284230742}},{"type":"Feature","geometry":{"type":"LineString","coordinates":[[566775.4,4667392.7],[566696.7,4667404.5],[566652.5,4667426.6],[566586.1,4667463.5],[566514.4,4667491.1],[566468.3,4667498.4],[566428.0,4667507.8]]},"properties":{"kind":"stream","name":null,"osmId":1284230743}},{"type":"Feature","geometry":{"type":"LineString","coordinates":[[570511.3,4662211.0],[570435.4,4662139.5],[570419.5,4662091.7],[570415.8,4662018.7],[570374.0,4661859.4],[570351.5,4661795.8],[570343.3,4661772.7],[570305.5,4661665.1],[570296.7,4661625.5],[570280.7,4661553.7],[570277.4,4661485.8],[570270.4,4661459.1]]},"properties":{"kind":"trail","name":null,"osmId":1284532224}},{"type":"Feature","geometry":{"type":"LineString","coordinates":[[571626.3,4664363.8],[571621.1,4664348.3],[571613.5,4664335.6],[571609.1,4664321.0],[571602.1,4664311.9],[571608.2,4664290.1],[571613.5,4664279.2],[571623.4,4664268.9],[571626.9,4664250.1],[571636.9,4664233.0],[571646.5,4664212.3],[571659.5,4664201.6],[571666.2,4664185.0],[571671.5,4664169.3]]},"properties":{"kind":"cliff","name":null,"osmId":1284534321}},{"type":"Feature","geometry":{"type":"LineString","coordinates":[[570641.3,4670912.5],[570659.3,4670889.7],[570677.5,4670868.2],[570692.2,4670849.5],[570703.1,4670832.7],[570716.5,4670814.7],[570730.8,4670802.4],[570748.8,4670790.6],[570774.9,4670769.0],[570807.3,4670743.0],[570835.9,4670721.8],[570864.4,4670708.5],[570890.1,4670692.2],[570916.8,4670676.1],[570925.4,4670673.0],[570938.0,4670667.6],[570955.4,4670656.7],[570971.2,4670650.5],[570979.3,4670647.5]]},"properties":{"kind":"trail","name":null,"osmId":1286814418}},{"type":"Feature","geometry":{"type":"Polygon","coordinates":[[[570705.2,4670873.0],[570701.9,4670875.6],[570699.4,4670877.6],[570700.2,4670882.7],[570705.4,4670886.6],[570709.6,4670886.3],[570712.5,4670881.0],[570712.1,4670875.8],[570709.3,4670872.3],[570705.2,4670873.0]]]},"properties":{"kind":"lake","name":null,"osmId":1288397887}},{"type":"Feature","geometry":{"type":"LineString","coordinates":[[567252.1,4669103.4],[567260.0,4669133.3],[567305.9,4669271.1],[567336.4,4669320.7],[567346.0,4669378.5],[567397.7,4669445.2],[567430.5,4669488.1],[567478.8,4669499.8],[567522.4,4669523.8],[567546.5,4669537.4],[567563.4,4669596.5],[567608.0,4669636.1],[567641.8,4669694.8],[567640.0,4669759.8],[567689.5,4669815.2],[567718.5,4669909.7],[567775.2,4669974.1],[567797.2,4670031.5],[567801.4,4670074.3],[567802.8,4670088.7],[567872.8,4670135.2],[567898.9,4670182.2],[567897.2,4670222.0],[567895.5,4670261.7],[567912.7,4670320.1],[568003.1,4670404.8],[568065.6,4670452.2],[568101.0,4670548.8],[568119.9,4670606.4],[568123.6,4670682.3],[568098.0,4670758.0],[568085.2,4670803.8],[568079.4,4670850.5],[568102.3,4670914.1],[568103.7,4670942.4],[568105.5,4670974.8],[568117.7,4670990.3],[568145.1,4671007.7],[568156.9,4671019.4],[568171.7,4671044.2],[568163.8,4671068.1],[568153.7,4671086.6],[568154.4,4671115.6],[568137.7,4671138.3],[568125.1,4671151.2],[568122.6,4671166.4],[568142.1,4671200.2],[568160.9,4671226.0],[568147.7,4671254.8],[568132.0,4671266.0],[568126.6,4671290.1],[568122.3,4671297.4],[568110.2,4671305.7],[568093.9,4671309.3],[568084.4,4671305.0],[568051.5,4671283.2],[568009.6,4671272.9],[567980.7,4671262.4],[567933.9,4671263.5],[567888.7,4671286.7],[567853.9,4671302.6],[567801.0,4671321.2],[567771.7,4671337.9],[567763.0,4671354.8]]},"properties":{"kind":"stream","name":null,"osmId":1288750388}},{"type":"Feature","geometry":{"type":"LineString","coordinates":[[567099.5,4668434.5],[567123.5,4668535.2],[567154.6,4668686.0],[567232.2,4668784.5],[567248.7,4668825.1],[567247.5,4668967.8],[567237.2,4669047.3],[567252.1,4669103.4]]},"properties":{"kind":"stream","name":null,"osmId":1288750389}},{"type":"Feature","geometry":{"type":"LineString","coordinates":[[565155.6,4663441.2],[565232.0,4663473.0],[565297.8,4663498.8],[565352.1,4663500.6],[565415.0,4663517.3]]},"properties":{"kind":"trail","name":null,"osmId":1288759900}},{"type":"Feature","geometry":{"type":"LineString","coordinates":[[565415.0,4663517.3],[565460.1,4663512.6],[565474.6,4663507.3],[565475.2,4663497.0],[565447.4,4663482.0],[565402.0,4663456.6],[565388.8,4663431.7],[565360.9,4663413.4],[565351.9,4663398.9],[565370.9,4663404.1],[565415.4,4663403.6],[565446.6,4663402.2],[565464.1,4663396.1],[565468.8,4663377.2],[565448.6,4663328.7],[565432.6,4663310.1],[565380.8,4663284.4],[565340.2,4663255.9],[565302.1,4663234.5],[565256.4,4663197.4],[565238.3,4663183.5],[565222.4,4663162.3],[565189.9,4663137.2],[565161.0,4663107.5],[565132.9,4663075.2],[565118.2,4663037.1],[565102.8,4662974.0],[565086.7,4662914.9],[565070.3,4662863.3],[565048.5,4662828.6],[565030.4,4662807.5],[565007.7,4662799.5],[564979.9,4662776.2],[564933.6,4662748.2],[564919.6,4662730.1],[564894.5,4662708.2],[564878.3,4662686.1],[564878.6,4662646.5],[564888.8,4662623.8],[564895.4,4662578.5],[564908.0,4662529.6],[564905.0,4662503.6],[564908.6,4662482.8],[564893.6,4662457.4],[564887.9,4662425.0],[564885.0,4662389.0],[564884.4,4662368.7],[564914.7,4662354.5],[564956.6,4662355.4],[564968.1,4662337.8],[564984.1,4662314.1],[565003.4,4662294.8],[565007.2,4662286.9],[565013.2,4662272.0],[565021.2,4662239.1],[565018.2,4662215.0],[565020.1,4662189.3],[565033.5,4662194.1],[565050.6,4662213.3],[565053.2,4662227.2],[565062.7,4662242.5],[565065.6,4662258.6],[565077.1,4662277.4],[565084.2,4662298.8],[565092.1,4662307.4],[565109.1,4662330.3],[565125.4,4662332.4],[565159.0,4662360.3],[565199.4,4662354.9],[565266.1,4662355.2],[565341.0,4662331.3],[565379.9,4662338.7],[565445.9,4662359.3],[565481.2,4662375.0],[565531.8,4662374.5],[565567.2,4662383.7],[565594.7,4662382.3],[565626.6,4662388.9],[565668.9,4662390.6],[565698.0,4662409.0],[565737.5,4662408.8],[565756.5,4662423.4],[565800.8,4662434.4],[565902.6,4662389.8]]},"properties":{"kind":"trail","name":null,"osmId":1288759901}},{"type":"Feature","geometry":{"type":"LineString","coordinates":[[565501.2,4663539.0],[565527.2,4663550.6],[565558.1,4663579.2],[565582.2,4663607.9],[565597.7,4663635.5],[565615.4,4663651.9],[565666.1,4663657.4]]},"properties":{"kind":"trail","name":null,"osmId":1288759905}},{"type":"Feature","geometry":{"type":"LineString","coordinates":[[564878.3,4662686.1],[564851.5,4662679.0],[564831.2,4662640.4],[564804.9,4662585.9],[564779.2,4662543.4],[564719.3,4662498.3],[564731.4,4662577.5],[564735.1,4662636.5],[564733.9,4662681.0],[564683.6,4662695.1],[564641.2,4662685.4],[564598.9,4662676.1],[564595.9,4662663.1],[564573.9,4662640.1],[564572.3,4662595.8],[564549.3,4662578.1],[564515.2,4662554.3],[564500.3,4662536.9],[564498.9,4662524.0],[564482.0,4662507.1],[564467.0,4662485.0],[564465.6,4662469.3],[564456.5,4662443.2],[564408.5,4662411.7],[564376.9,4662413.7],[564327.9,4662426.8]]},"properties":{"kind":"trail","name":null,"osmId":1288770256}},{"type":"Feature","geometry":{"type":"LineString","coordinates":[[564328.2,4662447.2],[564327.9,4662426.8],[564327.5,4662390.8],[564329.2,4662349.0],[564327.2,4662323.0]]},"properties":{"kind":"trail","name":null,"osmId":1288770257}},{"type":"Feature","geometry":{"type":"LineString","coordinates":[[564643.7,4662876.9],[564661.7,4662833.8],[564675.2,4662797.6],[564683.7,4662775.3],[564678.8,4662764.7]]},"properties":{"kind":"road","name":null,"osmId":1288770258}},{"type":"Feature","geometry":{"type":"LineString","coordinates":[[564730.7,4663013.9],[564755.4,4662994.4],[564769.9,4662975.5],[564773.3,4662958.6],[564769.6,4662935.9],[564774.2,4662929.1],[564798.7,4662927.5],[564806.9,4662919.4],[564805.5,4662899.4],[564797.9,4662875.0],[564790.9,4662864.7]]},"properties":{"kind":"road","name":null,"osmId":1288770260}},{"type":"Feature","geometry":{"type":"LineString","coordinates":[[570351.5,4661795.8],[570393.5,4661823.9],[570447.7,4661841.7],[570485.3,4661858.1]]},"properties":{"kind":"trail","name":null,"osmId":1290305048}},{"type":"Feature","geometry":{"type":"LineString","coordinates":[[564582.3,4671570.5],[564620.7,4671615.1],[564643.7,4671657.2],[564669.8,4671712.4],[564699.6,4671775.6],[564718.0,4671807.0],[564745.9,4671826.4],[564787.2,4671866.8],[564808.5,4671881.9],[564817.0,4671896.8],[564818.2,4671898.9],[564810.4,4671916.6],[564805.1,4671956.4],[564812.5,4671973.2],[564816.6,4671982.3],[564824.6,4672006.9],[564840.8,4672013.2],[564849.0,4672052.8],[564852.0,4672102.3]]},"properties":{"kind":"stream","name":null,"osmId":1294583856}},{"type":"Feature","geometry":{"type":"LineString","coordinates":[[564461.8,4671602.5],[564467.3,4671610.7],[564469.8,4671619.5],[564463.4,4671635.4],[564459.4,4671655.5],[564458.9,4671678.9],[564465.4,4671735.5],[564485.3,4671770.1],[564503.7,4671836.5],[564492.9,4671877.1],[564464.9,4671931.2]]},"properties":{"kind":"trail","name":null,"osmId":1294583857}},{"type":"Feature","geometry":{"type":"LineString","coordinates":[[564262.8,4671708.3],[564273.4,4671721.8],[564283.2,4671748.4],[564288.1,4671756.2],[564297.5,4671769.6],[564306.4,4671774.9],[564311.9,4671773.2],[564313.7,4671766.6],[564318.8,4671746.0],[564325.4,4671732.0],[564332.2,4671721.6],[564337.7,4671710.1],[564343.8,4671700.1],[564346.2,4671690.6],[564354.1,4671679.3],[564362.3,4671673.5],[564375.8,4671667.0],[564386.6,4671662.1]]},"properties":{"kind":"trail","name":null,"osmId":1294583860}},{"type":"Feature","geometry":{"type":"LineString","coordinates":[[564061.7,4671917.9],[564041.2,4671895.5],[564020.8,4671886.6],[563982.1,4671873.8]]},"properties":{"kind":"trail","name":null,"osmId":1294583862}},{"type":"Feature","geometry":{"type":"LineString","coordinates":[[566711.1,4666743.1],[566680.6,4666745.0],[566648.4,4666744.7],[566617.8,4666751.2],[566595.2,4666754.9],[566555.7,4666751.4],[566519.5,4666751.7],[566470.7,4666748.0],[566434.2,4666747.0]]},"properties":{"kind":"stream","name":null,"osmId":1294854837}},{"type":"Feature","geometry":{"type":"LineString","coordinates":[[566340.7,4669595.4],[566322.9,4669514.9],[566300.1,4669413.6],[566278.6,4669305.5],[566251.3,4669213.1],[566233.2,4669158.7],[566226.2,4669139.7],[566207.9,4669089.9],[566179.1,4669026.1],[566123.2,4668923.7],[566112.6,4668896.5],[566105.8,4668874.0]]},"properties":{"kind":"trail","name":null,"osmId":1296448626}},{"type":"Feature","geometry":{"type":"LineString","coordinates":[[565917.5,4668098.7],[565913.2,4668062.0],[565908.7,4668011.0],[565896.9,4667893.8],[565886.4,4667821.5],[565876.0,4667799.9],[565857.0,4667780.3],[565832.1,4667760.1],[565816.0,4667747.0],[565734.6,4667655.0],[565724.7,4667633.7],[565718.0,4667591.0],[565724.8,4667534.9],[565731.8,4667480.5],[565766.2,4667389.5],[565764.2,4667342.1],[565751.0,4667310.0],[565709.8,4667223.4],[565686.1,4667171.9],[565667.9,4667126.1],[565640.0,4667062.3],[565608.2,4666976.9],[565583.1,4666918.3],[565556.0,4666847.8],[565539.5,4666818.6],[565499.7,4666759.0],[565422.3,4666676.0],[565401.8,4666636.8],[565381.5,4666586.1],[565371.3,4666509.3],[565366.1,4666458.3],[565366.4,4666442.0]]},"properties":{"kind":"trail","name":null,"osmId":1296448627}},{"type":"Feature","geometry":{"type":"LineString","coordinates":[[565923.9,4668152.8],[565917.5,4668098.7]]},"properties":{"kind":"trail","name":null,"osmId":1296448628}},{"type":"Feature","geometry":{"type":"LineString","coordinates":[[570088.0,4671858.3],[570158.8,4671816.7]]},"properties":{"kind":"stream","name":null,"osmId":1298902982}},{"type":"Feature","geometry":{"type":"LineString","coordinates":[[570158.8,4671816.7],[570183.0,4671800.5],[570207.9,4671798.1],[570223.9,4671791.6]]},"properties":{"kind":"stream","name":null,"osmId":1298902983}},{"type":"Feature","geometry":{"type":"LineString","coordinates":[[566768.8,4673985.0],[566770.4,4673982.3],[566769.3,4673961.6],[566758.1,4673933.7],[566754.1,4673924.4],[566750.8,4673913.3],[566747.8,4673899.9],[566744.1,4673891.4],[566731.1,4673862.3],[566719.6,4673844.1],[566713.0,4673825.6],[566708.8,4673797.9],[566708.0,4673756.1],[566705.4,4673739.5],[566707.0,4673712.9],[566711.0,4673700.0],[566718.3,4673651.7],[566726.4,4673631.4],[566727.8,4673614.9],[566727.0,4673595.7],[566728.3,4673582.2],[566733.9,4673574.0],[566735.1,4673568.7],[566729.5,4673553.7],[566722.0,4673534.7],[566719.9,4673523.2],[566713.0,4673500.0],[566714.6,4673481.5],[566717.8,4673475.3],[566729.7,4673465.3],[566744.4,4673451.2],[566753.1,4673436.3],[566750.1,4673421.3],[566757.8,4673404.3],[566773.3,4673384.0],[566776.9,4673359.3],[566769.4,4673345.0],[566762.0,4673334.5],[566761.8,4673323.7],[566771.3,4673311.4],[566781.0,4673301.3],[566786.9,4673290.8],[566786.1,4673282.2],[566772.1,4673266.6],[566756.2,4673243.0],[566752.0,4673227.6],[566755.7,4673205.5],[566756.8,4673180.9],[566764.5,4673163.8],[566777.6,4673139.0],[566789.1,4673118.8],[566796.5,4673101.1],[566794.3,4673076.2],[566792.6,4673054.7],[566803.1,4673030.7],[566810.1,4673018.8],[566812.8,4673000.7],[566817.3,4672989.2],[566817.3,4672977.1],[566814.0,4672961.7],[566809.1,4672947.2],[566802.1,4672938.6],[566793.9,4672922.9],[566785.9,4672911.4],[566766.7,4672877.4],[566758.4,4672869.3],[566745.9,4672867.1],[566728.1,4672864.7],[566705.9,4672845.8],[566698.9,4672835.0],[566684.4,4672821.1],[566670.3,4672795.3],[566661.1,4672790.0],[566655.9,4672783.6],[566639.6,4672769.4],[566625.4,4672750.6],[566614.8,4672732.3],[566606.5,4672716.3],[566595.4,4672698.7],[566590.9,4672682.8],[566591.0,4672654.7],[566585.0,4672647.1],[566566.8,4672643.2],[566550.8,4672638.7],[566522.3,4672614.6],[566487.8,4672596.6],[566484.8,4672586.5],[566480.2,4672571.0],[566468.3,4672559.5],[566459.5,4672554.2],[566444.8,4672551.7],[566434.0,4672551.9],[566421.3,4672547.0],[566399.1,4672534.2],[566385.2,4672525.1],[566381.2,4672520.8]]},"properties":{"kind":"stream","name":"Red Kill","osmId":1298908935}},{"type":"Feature","geometry":{"type":"LineString","coordinates":[[566769.6,4673336.5],[566773.3,4673334.9],[566788.7,4673328.2],[566815.5,4673311.8],[566820.4,4673310.4],[566830.9,4673310.8],[566836.8,4673312.5],[566845.0,4673312.3],[566850.8,4673309.7],[566852.2,4673304.0],[566850.5,4673299.1],[566844.0,4673288.0],[566840.3,4673283.3]]},"properties":{"kind":"road","name":null,"osmId":1298908953}},{"type":"Feature","geometry":{"type":"LineString","coordinates":[[566761.7,4673342.4],[566769.6,4673336.5]]},"properties":{"kind":"road","name":null,"osmId":1298908954}},{"type":"Feature","geometry":{"type":"LineString","coordinates":[[566360.0,4672487.5],[566348.6,4672478.3],[566336.3,4672452.0],[566323.3,4672440.9],[566295.9,4672445.3],[566271.6,4672438.4],[566247.8,4672419.3],[566228.2,4672388.0],[566212.6,4672377.4],[566194.0,4672376.4],[566153.4,4672380.3],[566141.2,4672378.5],[566127.2,4672351.4],[566121.3,4672330.8],[566105.8,4672310.0],[566088.4,4672283.9],[566070.4,4672262.4]]},"properties":{"kind":"stream","name":"Red Kill","osmId":1298908955}},{"type":"Feature","geometry":{"type":"LineString","coordinates":[[566381.2,4672520.8],[566360.0,4672487.5]]},"properties":{"kind":"stream","name":"Red Kill","osmId":1298908956}},{"type":"Feature","geometry":{"type":"LineString","coordinates":[[569725.7,4666242.2],[569735.2,4666236.7],[569743.1,4666235.2],[569751.5,4666238.1],[569758.0,4666238.6],[569766.6,4666239.4],[569770.3,4666241.1],[569773.8,4666241.6],[569780.5,4666241.0],[569785.3,4666239.1],[569791.6,4666239.3],[569798.6,4666238.8],[569806.3,4666234.7]]},"properties":{"kind":"stream","name":"Roaring Kill","osmId":1298909880}},{"type":"Feature","geometry":{"type":"LineString","coordinates":[[569715.0,4666244.5],[569725.7,4666242.2]]},"properties":{"kind":"stream","name":"Roaring Kill","osmId":1298909881}},{"type":"Feature","geometry":{"type":"LineString","coordinates":[[571699.6,4666964.8],[571713.4,4666959.4]]},"properties":{"kind":"road","name":"Dale Lane","osmId":1298909886}},{"type":"Feature","geometry":{"type":"LineString","coordinates":[[571530.0,4664741.8],[571538.2,4664742.7],[571544.6,4664741.2],[571550.9,4664738.8],[571559.6,4664741.3],[571568.6,4664742.4],[571579.3,4664747.2],[571585.0,4664751.4],[571587.6,4664760.8],[571590.4,4664765.0],[571596.2,4664765.2],[571614.0,4664778.0],[571619.3,4664788.2],[571619.4,4664795.6],[571624.6,4664804.3],[571628.4,4664805.2],[571632.2,4664806.8],[571631.6,4664811.2],[571634.0,4664833.7],[571638.1,4664843.7],[571641.6,4664859.3],[571639.1,4664865.7],[571639.3,4664872.7],[571652.6,4664884.5],[571657.8,4664893.8],[571662.8,4664902.7],[571667.3,4664924.1],[571669.1,4664935.4],[571664.5,4664943.1],[571664.2,4664955.4],[571659.2,4664969.4],[571666.9,4664982.2],[571667.8,4665011.2],[571670.3,4665026.0],[571674.5,4665034.4],[571676.2,4665042.5],[571683.4,4665048.3],[571689.5,4665050.7],[571697.4,4665052.5],[571701.6,4665060.4],[571705.7,4665083.5],[571708.7,4665090.3],[571716.3,4665101.3],[571713.0,4665116.9],[571709.6,4665125.1],[571709.8,4665136.3],[571710.4,4665146.5],[571711.6,4665157.4],[571707.8,4665168.9],[571710.7,4665174.1],[571712.0,4665181.9],[571722.1,4665202.1],[571723.8,4665205.5],[571733.3,4665218.7],[571736.9,4665231.6],[571738.8,4665243.2],[571746.9,4665253.9],[571757.1,4665273.1],[571762.9,4665290.3],[571774.7,4665305.4],[571775.6,4665316.0],[571780.4,4665344.9],[571784.6,4665360.1],[571800.5,4665378.2],[571808.6,4665388.2],[571808.2,4665398.2],[571799.6,4665412.2],[571794.3,4665423.7],[571786.1,4665433.3],[571786.3,4665441.8],[571783.6,4665450.1],[571777.7,4665454.5],[571767.8,4665457.3],[571764.9,4665463.2],[571761.7,4665467.6],[571760.5,4665472.5],[571759.4,4665481.6],[571757.8,4665485.7],[571754.8,4665489.1],[571749.4,4665491.5],[571743.6,4665499.6],[571736.5,4665505.0],[571728.3,4665517.5],[571725.1,4665524.9]]},"properties":{"kind":"stream","name":null,"osmId":1299088820}},{"type":"Feature","geometry":{"type":"LineString","coordinates":[[571273.4,4665480.1],[571279.7,4665480.1],[571285.4,4665481.1],[571291.4,4665484.8],[571302.9,4665485.9],[571317.2,4665484.0],[571331.3,4665480.4],[571336.9,4665477.6],[571343.1,4665475.9],[571352.5,4665475.4],[571356.0,4665474.9],[571359.2,4665473.8],[571361.0,4665471.2],[571363.5,4665469.4],[571369.0,4665468.1],[571378.2,4665471.4],[571386.1,4665473.7],[571392.8,4665474.5],[571410.5,4665476.1],[571419.8,4665479.6],[571429.6,4665480.7],[571443.6,4665490.9],[571460.6,4665492.3],[571473.1,4665494.0],[571478.1,4665501.5],[571490.3,4665503.8],[571500.5,4665509.5],[571507.8,4665508.9],[571515.9,4665502.2],[571522.8,4665494.9],[571530.7,4665489.9],[571542.3,4665486.6],[571552.3,4665484.3],[571562.2,4665483.1],[571574.6,4665488.8],[571590.8,4665490.8],[571613.6,4665496.5],[571630.7,4665495.3],[571640.6,4665496.7],[571648.3,4665503.5],[571659.2,4665515.7],[571671.5,4665521.3],[571695.2,4665509.3],[571708.5,4665512.3],[571721.0,4665519.7]]},"properties":{"kind":"stream","name":null,"osmId":1299088821}},{"type":"Feature","geometry":{"type":"LineString","coordinates":[[569244.2,4665498.6],[569247.3,4665492.7],[569254.6,4665490.2],[569259.9,4665490.4],[569271.2,4665489.9],[569284.6,4665488.5],[569290.1,4665489.3],[569300.3,4665485.9],[569308.5,4665486.8],[569315.2,4665492.0],[569324.3,4665498.9],[569330.0,4665504.6],[569330.5,4665514.7],[569327.6,4665524.3],[569328.8,4665532.8],[569334.5,4665543.7],[569343.6,4665553.0],[569346.2,4665562.1],[569346.0,4665571.9],[569349.4,4665579.6],[569353.2,4665588.7],[569355.6,4665598.0],[569359.9,4665605.6],[569363.3,4665612.0],[569369.8,4665618.3],[569375.7,4665624.8],[569380.6,4665632.6],[569388.2,4665633.5],[569395.2,4665632.3],[569403.1,4665633.1],[569411.7,4665638.2],[569420.0,4665643.6]]},"properties":{"kind":"stream","name":null,"osmId":1299088822}},{"type":"Feature","geometry":{"type":"LineString","coordinates":[[569867.4,4666741.8],[569873.6,4666741.8],[569879.5,4666741.7],[569883.7,4666743.7],[569887.7,4666743.3],[569891.8,4666741.7],[569894.5,4666743.5],[569900.6,4666746.6],[569905.7,4666748.7],[569911.4,4666748.7],[569917.6,4666748.2],[569922.8,4666748.4],[569927.4,4666750.0],[569932.3,4666757.1],[569935.3,4666764.1],[569941.2,4666769.2],[569947.4,4666771.1],[569957.2,4666769.7],[569960.6,4666768.3],[569969.1,4666762.0],[569973.8,4666758.1],[569975.7,4666754.5],[569979.7,4666753.6],[569982.2,4666754.8],[569984.5,4666756.4],[569990.2,4666757.3],[569994.1,4666756.9],[569998.4,4666754.2],[570005.2,4666752.0],[570016.8,4666751.1],[570020.6,4666750.1],[570024.2,4666747.1],[570025.5,4666745.3],[570032.8,4666744.7],[570038.9,4666745.1],[570043.5,4666744.2],[570046.8,4666742.8],[570050.0,4666740.0],[570052.9,4666735.7],[570058.1,4666731.8]]},"properties":{"kind":"stream","name":null,"osmId":1299088823}},{"type":"Feature","geometry":{"type":"LineString","coordinates":[[572537.8,4669384.6],[572542.7,4669368.6],[572542.4,4669355.0],[572549.6,4669335.8],[572553.5,4669320.8],[572552.2,4669308.2],[572547.1,4669303.2],[572542.1,4669295.4],[572542.7,4669288.0],[572545.8,4669274.2],[572544.7,4669259.4],[572544.9,4669245.8],[572550.0,4669218.7],[572553.3,4669208.7],[572554.1,4669200.1],[572550.6,4669194.8],[572545.8,4669192.5],[572533.1,4669192.0],[572523.3,4669190.2],[572515.1,4669193.1],[572507.5,4669193.1],[572501.9,4669188.5],[572495.2,4669186.6],[572489.7,4669182.4],[572486.4,4669178.3],[572477.6,4669175.6],[572466.9,4669174.3],[572459.2,4669170.1],[572455.8,4669161.8],[572451.7,4669156.3],[572443.5,4669153.3],[572436.4,4669156.8],[572424.8,4669159.0],[572412.0,4669155.5],[572402.1,4669157.2],[572395.1,4669162.4],[572387.8,4669165.3],[572373.5,4669164.3],[572368.4,4669165.9],[572364.0,4669169.3],[572360.2,4669168.9],[572356.8,4669164.6],[572354.9,4669157.2],[572355.0,4669149.0],[572347.2,4669134.9],[572339.4,4669132.5],[572333.9,4669136.7],[572328.1,4669139.3],[572322.5,4669143.1],[572313.3,4669143.3],[572304.4,4669138.2],[572302.2,4669136.8],[572299.6,4669136.1],[572294.9,4669136.8],[572288.3,4669137.6],[572262.9,4669132.9],[572247.2,4669128.7],[572238.3,4669122.4],[572232.5,4669111.5],[572227.6,4669105.8],[572220.7,4669101.8],[572209.0,4669088.1],[572202.6,4669078.9],[572198.6,4669063.2],[572196.3,4669056.7],[572192.5,4669049.3],[572190.8,4669045.8],[572185.2,4669043.5],[572179.3,4669044.1],[572170.8,4669040.8],[572147.9,4669023.3],[572139.2,4669018.5],[572134.7,4669015.9],[572128.9,4669013.5],[572120.2,4669015.0],[572113.3,4669012.3],[572095.4,4668998.4],[572078.4,4668987.2],[572068.3,4668977.2],[572054.1,4668966.8],[572041.2,4668957.1],[572033.1,4668953.7],[572023.9,4668949.9],[572018.9,4668945.7],[572012.6,4668939.4],[572008.2,4668936.6],[572002.3,4668935.7],[571992.0,4668937.3],[571979.9,4668937.4],[571971.7,4668936.1],[571965.1,4668934.4],[571954.1,4668930.4],[571944.7,4668929.0],[571932.8,4668925.0],[571923.9,4668923.9],[571911.5,4668922.4],[571900.7,4668921.8],[571893.0,4668919.5],[571886.1,4668914.3],[571874.3,4668912.5],[571865.1,4668914.3],[571857.8,4668919.5],[571850.2,4668927.0],[571841.6,4668926.9],[571834.0,4668921.9],[571827.6,4668917.0],[571816.0,4668906.6],[571806.6,4668904.8],[571799.6,4668899.6],[571788.3,4668887.6],[571783.2,4668882.8],[571776.8,4668877.8],[571771.6,4668876.2],[571762.1,4668871.4],[571755.6,4668863.3],[571748.3,4668857.5],[571745.4,4668853.2],[571745.4,4668846.6],[571743.5,4668844.3],[571743.5,4668838.6],[571740.3,4668832.7],[571734.1,4668828.9],[571722.1,4668828.0],[571711.9,4668824.3],[571701.0,4668822.4],[571694.6,4668819.3],[571682.3,4668816.3],[571671.2,4668810.8],[571665.5,4668808.0],[571662.0,4668804.1],[571657.2,4668802.5],[571647.5,4668802.7],[571624.7,4668795.2],[571619.1,4668792.5],[571609.5,4668793.2],[571599.0,4668794.1],[571592.9,4668791.9],[571590.3,4668785.6],[571586.2,4668777.9],[571579.8,4668776.2],[571563.9,4668763.8],[571554.0,4668755.7],[571545.7,4668752.8],[571526.2,4668753.6],[571521.3,4668757.9],[571520.2,4668760.7],[571520.8,4668762.9],[571520.1,4668765.1],[571516.1,4668766.7],[571508.4,4668770.4]]},"properties":{"kind":"stream","name":null,"osmId":1299575783}},{"type":"Feature","geometry":{"type":"LineString","coordinates":[[571505.9,4668769.0],[571495.3,4668762.7]]},"properties":{"kind":"stream","name":null,"osmId":1299575784}},{"type":"Feature","geometry":{"type":"LineString","coordinates":[[571495.3,4668762.7],[571493.8,4668761.8]]},"properties":{"kind":"stream","name":null,"osmId":1299575785}},{"type":"Feature","geometry":{"type":"LineString","coordinates":[[571508.4,4668770.4],[571505.9,4668769.0]]},"properties":{"kind":"stream","name":null,"osmId":1299575786}},{"type":"Feature","geometry":{"type":"LineString","coordinates":[[571493.8,4668761.8],[571483.7,4668756.3],[571473.5,4668748.9],[571459.8,4668742.0],[571447.7,4668743.5],[571434.4,4668747.7],[571416.8,4668751.5],[571403.5,4668753.7],[571394.3,4668759.4],[571384.9,4668772.6],[571378.5,4668777.8],[571370.5,4668781.1],[571367.5,4668786.6],[571365.3,4668790.6],[571356.4,4668794.5],[571347.5,4668797.2],[571341.0,4668802.6],[571335.8,4668809.1],[571331.0,4668820.4],[571321.9,4668837.4],[571304.7,4668843.2],[571286.0,4668841.8],[571261.7,4668847.7],[571240.9,4668866.6],[571231.4,4668891.9],[571211.8,4668910.7],[571193.8,4668906.1],[571169.5,4668915.2],[571155.3,4668925.6],[571147.4,4668941.2],[571136.2,4668948.1],[571128.2,4668971.4],[571090.1,4668982.0],[571056.4,4669001.8]]},"properties":{"kind":"stream","name":null,"osmId":1299575787}},{"type":"Feature","geometry":{"type":"LineString","coordinates":[[571783.6,4669727.3],[571788.4,4669721.6],[571794.7,4669712.0],[571799.4,4669703.4],[571802.3,4669694.6],[571806.9,4669682.1],[571821.4,4669661.6],[571827.2,4669650.5],[571835.1,4669645.9],[571836.5,4669634.4],[571838.3,4669626.9],[571838.8,4669617.0],[571846.4,4669605.6],[571851.8,4669595.0],[571855.4,4669581.1],[571854.8,4669567.4],[571852.2,4669558.0],[571845.8,4669551.6],[571839.3,4669545.0],[571834.0,4669530.7],[571833.0,4669513.7],[571824.5,4669496.0],[571816.7,4669485.0],[571811.7,4669473.2],[571806.7,4669462.2],[571806.9,4669452.5],[571804.2,4669444.7],[571796.2,4669438.6],[571784.5,4669430.7],[571770.7,4669419.0],[571768.7,4669409.3],[571771.1,4669400.7],[571768.8,4669383.1],[571762.3,4669373.3],[571758.8,4669367.2],[571751.3,4669366.4],[571742.1,4669364.3],[571733.1,4669351.8],[571720.9,4669344.0],[571709.1,4669339.0],[571692.3,4669332.9],[571684.5,4669325.7],[571679.2,4669322.5],[571668.0,4669324.1],[571655.2,4669323.5],[571646.0,4669321.5],[571631.9,4669316.5],[571622.0,4669310.4],[571606.2,4669296.5],[571591.7,4669282.8],[571572.5,4669273.8],[571552.3,4669266.3],[571546.4,4669253.4],[571535.5,4669243.6],[571523.0,4669240.2],[571515.6,4669239.3],[571511.4,4669242.1],[571506.4,4669246.8],[571499.8,4669245.6],[571492.8,4669238.5],[571488.1,4669234.2],[571482.8,4669231.2],[571476.4,4669228.0],[571474.7,4669223.8],[571473.0,4669216.2],[571472.7,4669208.9],[571478.6,4669204.9],[571482.5,4669199.8],[571480.7,4669173.3],[571477.6,4669163.2],[571472.1,4669155.4],[571462.4,4669142.8],[571458.0,4669131.0],[571456.6,4669120.3],[571449.7,4669111.4],[571438.0,4669098.6],[571436.3,4669091.7],[571441.0,4669077.2],[571441.1,4669060.9],[571440.3,4669045.1],[571443.7,4669015.8],[571450.1,4668981.9],[571468.2,4668950.5],[571473.9,4668935.7],[571479.7,4668917.7],[571491.0,4668907.2],[571502.3,4668901.7],[571509.3,4668893.0],[571511.9,4668885.3],[571513.3,4668873.6],[571513.5,4668864.3],[571517.0,4668858.8],[571517.2,4668851.9],[571514.9,4668841.4],[571509.1,4668831.5],[571504.8,4668819.3],[571500.9,4668815.3],[571488.0,4668816.5],[571481.7,4668815.4],[571476.8,4668813.2]]},"properties":{"kind":"stream","name":null,"osmId":1299575802}},{"type":"Feature","geometry":{"type":"LineString","coordinates":[[571466.9,4668809.6],[571463.1,4668805.5],[571454.8,4668803.9],[571445.9,4668799.3],[571440.4,4668791.9],[571430.0,4668783.5],[571419.4,4668778.3],[571402.8,4668774.0],[571390.4,4668773.0],[571384.9,4668772.6]]},"properties":{"kind":"stream","name":null,"osmId":1299575803}},{"type":"Feature","geometry":{"type":"LineString","coordinates":[[571476.8,4668813.2],[571466.9,4668809.6]]},"properties":{"kind":"stream","name":null,"osmId":1299575804}},{"type":"Feature","geometry":{"type":"LineString","coordinates":[[571973.6,4669336.4],[571970.7,4669317.6],[571965.0,4669304.4],[571953.1,4669295.7],[571948.3,4669287.7],[571940.5,4669279.8],[571934.9,4669255.2],[571922.8,4669215.7],[571914.7,4669204.4],[571889.8,4669194.5],[571853.6,4669205.0],[571830.6,4669226.0],[571818.4,4669240.3],[571788.6,4669257.1],[571783.8,4669268.3],[571773.0,4669275.7],[571763.7,4669281.6],[571753.2,4669295.7],[571744.7,4669306.2],[571728.0,4669308.3],[571713.3,4669301.9],[571704.2,4669298.7],[571681.1,4669298.3],[571670.9,4669296.7],[571663.9,4669299.6],[571659.5,4669307.4],[571655.2,4669323.5]]},"properties":{"kind":"stream","name":null,"osmId":1299575805}},{"type":"Feature","geometry":{"type":"LineString","coordinates":[[572023.8,4668539.2],[572015.2,4668539.1],[572011.3,4668538.3],[572009.3,4668537.4],[572005.2,4668534.8],[572003.0,4668533.6],[572001.2,4668532.1],[572001.0,4668530.2],[572001.8,4668528.7],[572001.4,4668527.0],[572003.5,4668521.1],[572004.6,4668519.7],[572004.2,4668517.5],[572001.5,4668513.5],[571995.1,4668509.8],[571954.3,4668505.8],[571929.9,4668515.1],[571919.5,4668510.8],[571906.9,4668510.8],[571900.7,4668512.2],[571895.5,4668515.5],[571892.9,4668518.1],[571888.3,4668520.8],[571883.7,4668518.9],[571879.8,4668516.3],[571875.7,4668512.8],[571867.2,4668509.9],[571859.4,4668508.8],[571853.8,4668508.5],[571846.6,4668509.1],[571842.4,4668512.2],[571834.0,4668517.6],[571823.5,4668524.4],[571812.8,4668526.2],[571802.4,4668530.2],[571793.2,4668535.9],[571787.2,4668539.6],[571784.8,4668543.4],[571784.3,4668551.1],[571782.5,4668553.9],[571779.0,4668554.9],[571773.6,4668556.7],[571769.5,4668556.9],[571764.0,4668558.8],[571755.3,4668560.2],[571741.5,4668562.4]]},"properties":{"kind":"stream","name":null,"osmId":1299575809}},{"type":"Feature","geometry":{"type":"LineString","coordinates":[[571717.7,4668562.4],[571712.8,4668562.5],[571705.5,4668564.0],[571693.5,4668569.7],[571681.9,4668579.8],[571654.2,4668602.8],[571645.1,4668612.6],[571639.0,4668615.5],[571633.4,4668619.4],[571620.8,4668631.3],[571613.0,4668641.5],[571600.9,4668653.5],[571581.8,4668670.2],[571575.9,4668679.1],[571573.8,4668686.0],[571568.6,4668690.7],[571560.2,4668693.2],[571550.2,4668701.4],[571544.0,4668707.2],[571535.5,4668710.7],[571523.1,4668717.0],[571511.3,4668724.6],[571501.7,4668730.3],[571491.5,4668732.5],[571477.9,4668736.1],[571467.9,4668736.8],[571459.8,4668742.0]]},"properties":{"kind":"stream","name":null,"osmId":1299575810}},{"type":"Feature","geometry":{"type":"LineString","coordinates":[[571741.5,4668562.4],[571717.7,4668562.4]]},"properties":{"kind":"stream","name":null,"osmId":1299575811}},{"type":"Feature","geometry":{"type":"Polygon","coordinates":[[[571472.4,4664964.3],[571486.1,4664967.9],[571505.5,4664944.7],[571510.1,4664932.7],[571488.6,4664925.1],[571473.8,4664945.6],[571472.4,4664964.3]]]},"properties":{"kind":"lake","name":null,"osmId":1314382562}},{"type":"Feature","geometry":{"type":"LineString","coordinates":[[560019.8,4670523.1],[560006.9,4670514.3],[559995.3,4670501.8],[559984.3,4670491.6],[559976.0,4670490.0],[559963.2,4670491.7],[559950.2,4670495.9],[559935.3,4670499.8],[559922.6,4670499.3],[559914.5,4670498.3],[559902.5,4670493.1],[559888.4,4670489.5],[559877.0,4670488.8]]},"properties":{"kind":"stream","name":null,"osmId":1319256698}},{"type":"Feature","geometry":{"type":"LineString","coordinates":[[560029.2,4670529.0],[560019.8,4670523.1]]},"properties":{"kind":"stream","name":null,"osmId":1319256699}},{"type":"Feature","geometry":{"type":"LineString","coordinates":[[560133.7,4670542.3],[560141.7,4670548.0],[560154.0,4670554.2],[560147.6,4670542.2],[560142.0,4670529.1],[560117.1,4670483.0]]},"properties":{"kind":"trail","name":null,"osmId":1319256700}},{"type":"Feature","geometry":{"type":"LineString","coordinates":[[563150.0,4670340.0],[563137.4,4670341.7],[563099.5,4670342.2],[563063.3,4670343.3],[563036.0,4670338.5],[563016.3,4670331.1],[562991.9,4670330.4],[562973.6,4670342.4],[562928.7,4670376.5],[562898.4,4670386.6],[562826.7,4670427.3],[562793.0,4670432.7],[562773.0,4670443.9],[562746.2,4670457.1],[562686.7,4670489.8],[562652.6,4670507.5],[562625.2,4670514.1],[562598.0,4670531.9],[562555.0,4670560.2],[562524.0,4670570.4],[562482.3,4670592.2],[562447.1,4670605.4],[562403.6,4670624.5],[562363.1,4670648.0],[562336.3,4670658.3],[562296.0,4670678.5],[562272.7,4670679.4],[562257.3,4670688.0],[562239.5,4670707.0],[562214.6,4670720.7],[562192.3,4670732.5],[562169.6,4670740.9],[562147.5,4670751.5],[562112.5,4670762.9],[562069.9,4670787.5],[562048.5,4670798.4],[562008.8,4670820.0],[561976.0,4670834.5],[561954.6,4670839.9],[561934.2,4670858.6],[561926.1,4670871.6],[561909.4,4670877.5],[561888.7,4670903.7],[561877.4,4670921.2],[561856.1,4670935.2],[561841.2,4670944.9],[561823.8,4670960.0],[561796.0,4670983.6],[561768.7,4671004.2],[561741.5,4671014.9],[561714.6,4671033.5],[561686.8,4671039.3],[561667.7,4671049.6],[561655.0,4671051.2],[561625.9,4671055.9],[561606.1,4671055.3],[561590.2,4671063.6],[561575.2,4671065.4],[561561.3,4671073.4],[561544.4,4671079.9],[561521.5,4671087.4],[561493.0,4671093.8],[561470.1,4671100.5],[561448.8,4671102.6],[561431.1,4671105.1],[561409.5,4671113.7],[561394.8,4671121.1],[561378.6,4671126.9],[561361.6,4671140.1],[561342.0,4671145.7],[561317.8,4671150.0],[561295.2,4671147.9],[561271.7,4671150.5],[561255.1,4671153.3],[561229.4,4671162.6],[561207.8,4671167.3],[561182.2,4671167.5],[561151.1,4671172.8],[561124.6,4671176.5],[561103.7,4671173.5],[561089.4,4671181.5],[561053.6,4671184.0],[561026.5,4671185.0],[560992.2,4671187.6],[560972.0,4671183.5],[560943.4,4671180.1],[560926.6,4671174.8],[560891.9,4671172.3],[560863.3,4671171.0],[560837.1,4671162.8],[560815.6,4671160.7],[560787.8,4671157.0],[560763.5,4671146.7],[560748.5,4671147.9],[560731.0,4671147.1],[560703.7,4671141.9],[560690.2,4671138.0],[560672.7,4671136.9],[560655.6,4671147.9],[560638.1,4671149.7],[560621.6,4671170.2],[560605.2,4671170.7],[560591.8,4671163.1],[560578.3,4671164.9],[560560.7,4671162.6],[560527.9,4671171.8],[560514.5,4671175.0],[560498.1,4671170.2],[560487.4,4671166.0],[560474.1,4671163.8],[560467.5,4671162.7],[560462.2,4671161.7],[560457.0,4671165.8],[560448.8,4671170.9],[560436.5,4671169.5],[560427.6,4671162.3],[560419.5,4671163.7],[560392.5,4671156.9],[560373.2,4671140.1],[560369.5,4671107.9],[560374.2,4671076.5],[560369.6,4671057.3],[560344.8,4671037.4],[560319.5,4671013.8],[560290.6,4670978.5],[560265.2,4670930.7],[560251.3,4670899.6],[560237.5,4670875.9],[560229.2,4670852.1],[560227.8,4670827.5],[560223.9,4670820.1],[560214.8,4670810.2],[560204.6,4670802.3],[560191.5,4670797.0],[560180.7,4670793.5],[560172.2,4670786.5],[560162.9,4670772.6],[560154.8,4670759.3],[560151.8,4670750.2],[560151.8,4670739.5],[560155.5,4670729.4],[560156.8,4670719.1],[560153.9,4670703.7],[560150.6,4670695.5],[560135.0,4670676.5],[560130.4,4670665.8],[560132.1,4670652.0],[560136.7,4670640.5],[560138.8,4670632.5],[560137.1,4670622.0],[560133.2,4670615.6],[560121.1,4670603.3],[560107.6,4670594.7],[560092.6,4670580.0],[560075.5,4670562.6],[560061.6,4670548.7],[560047.0,4670539.7],[560029.2,4670529.0]]},"properties":{"kind":"stream","name":"Hunter Brook","osmId":1319256701}},{"type":"Feature","geometry":{"type":"LineString","coordinates":[[566229.8,4670476.7],[566238.6,4670488.5],[566255.5,4670498.4],[566269.6,4670503.0],[566283.5,4670511.5],[566295.3,4670521.9],[566305.6,4670527.5],[566312.1,4670530.4],[566316.1,4670530.2],[566320.4,4670529.0],[566333.4,4670523.4]]},"properties":{"kind":"stream","name":null,"osmId":1319256702}},{"type":"Feature","geometry":{"type":"LineString","coordinates":[[566303.6,4670260.5],[566276.4,4670266.6],[566258.8,4670275.3],[566246.1,4670279.5],[566234.7,4670285.4],[566223.5,4670293.1],[566213.0,4670299.0],[566202.5,4670311.4],[566184.3,4670353.0],[566159.2,4670386.6],[566131.2,4670408.6],[566102.6,4670426.1],[566066.0,4670442.1],[566019.9,4670450.3],[565995.0,4670447.7]]},"properties":{"kind":"trail","name":"Becker Hollow Trail","osmId":1319256703}},{"type":"Feature","geometry":{"type":"LineString","coordinates":[[565977.3,4670450.1],[565993.0,4670448.0]]},"properties":{"kind":"trail","name":null,"osmId":1319256704}},{"type":"Feature","geometry":{"type":"LineString","coordinates":[[571719.6,4671944.8],[571696.7,4671943.5],[571696.8,4671923.6]]},"properties":{"kind":"road","name":null,"osmId":1322663892}},{"type":"Feature","geometry":{"type":"LineString","coordinates":[[571664.3,4671877.2],[571662.7,4671889.3]]},"properties":{"kind":"trail","name":null,"osmId":1322663893}},{"type":"Feature","geometry":{"type":"LineString","coordinates":[[571640.6,4671876.7],[571640.5,4671888.2]]},"properties":{"kind":"trail","name":null,"osmId":1322663894}},{"type":"Feature","geometry":{"type":"LineString","coordinates":[[571582.1,4671875.4],[571582.0,4671907.8],[571582.8,4671921.4],[571591.9,4671924.6],[571601.6,4671924.5],[571605.6,4671916.8],[571603.6,4671907.8],[571597.1,4671906.5],[571582.0,4671907.8]]},"properties":{"kind":"road","name":null,"osmId":1322663896}},{"type":"Feature","geometry":{"type":"LineString","coordinates":[[571389.4,4671860.1],[571391.8,4671838.8]]},"properties":{"kind":"trail","name":null,"osmId":1322663898}},{"type":"Feature","geometry":{"type":"LineString","coordinates":[[571391.8,4671838.8],[571391.7,4671836.8],[571391.5,4671833.4]]},"properties":{"kind":"trail","name":null,"osmId":1322663899}},{"type":"Feature","geometry":{"type":"LineString","coordinates":[[571391.5,4671833.4],[571391.1,4671824.0],[571390.7,4671812.1],[571400.5,4671812.1],[571400.8,4671797.1]]},"properties":{"kind":"trail","name":null,"osmId":1322663900}},{"type":"Feature","geometry":{"type":"LineString","coordinates":[[571391.1,4671824.0],[571378.6,4671824.0]]},"properties":{"kind":"trail","name":null,"osmId":1322663901}},{"type":"Feature","geometry":{"type":"LineString","coordinates":[[571253.2,4671858.6],[571253.9,4671852.9],[571258.0,4671821.4],[571268.8,4671821.0]]},"properties":{"kind":"road","name":null,"osmId":1322663904}},{"type":"Feature","geometry":{"type":"LineString","coordinates":[[571271.6,4671856.3],[571271.3,4671842.4]]},"properties":{"kind":"trail","name":null,"osmId":1322663905}},{"type":"Feature","geometry":{"type":"LineString","coordinates":[[571083.4,4671831.8],[571082.2,4671837.9],[571078.0,4671861.7],[571075.6,4671874.7],[571071.8,4671894.9],[571061.5,4671892.0],[571060.0,4671885.0],[571064.5,4671878.6],[571075.6,4671874.7]]},"properties":{"kind":"road","name":null,"osmId":1322663908}},{"type":"Feature","geometry":{"type":"LineString","coordinates":[[571071.8,4671894.9],[571069.8,4671904.2],[571065.7,4671910.8],[571054.0,4671919.3],[571045.8,4671925.8],[571043.8,4671935.3],[571046.6,4671943.4],[571051.1,4671951.6],[571057.4,4671957.1],[571069.2,4671990.4]]},"properties":{"kind":"road","name":null,"osmId":1322663909}},{"type":"Feature","geometry":{"type":"LineString","coordinates":[[571018.7,4671827.4],[571017.0,4671833.1],[571001.4,4671883.9]]},"properties":{"kind":"road","name":null,"osmId":1322663910}},{"type":"Feature","geometry":{"type":"LineString","coordinates":[[570874.8,4671824.9],[570874.7,4671831.0]]},"properties":{"kind":"trail","name":null,"osmId":1322663913}},{"type":"Feature","geometry":{"type":"LineString","coordinates":[[570874.6,4671837.3],[570874.5,4671848.9],[570874.4,4671855.0]]},"properties":{"kind":"trail","name":null,"osmId":1322663914}},{"type":"Feature","geometry":{"type":"LineString","coordinates":[[570662.2,4671850.5],[570663.3,4671856.0],[570664.9,4671864.5],[570646.8,4671870.3],[570644.1,4671861.5],[570642.4,4671856.0]]},"properties":{"kind":"road","name":null,"osmId":1322663916}},{"type":"Feature","geometry":{"type":"LineString","coordinates":[[570534.4,4671818.7],[570520.9,4671813.0],[570508.1,4671789.7]]},"properties":{"kind":"road","name":null,"osmId":1322663917}},{"type":"Feature","geometry":{"type":"LineString","coordinates":[[566860.8,4672301.9],[566847.9,4672273.8],[566847.2,4672262.7],[566851.4,4672253.7],[566867.6,4672241.9],[566886.2,4672232.7],[566892.3,4672230.4],[566908.1,4672259.7],[566912.6,4672275.8]]},"properties":{"kind":"road","name":null,"osmId":1322663920}},{"type":"Feature","geometry":{"type":"LineString","coordinates":[[566847.9,4672273.8],[566816.1,4672222.9],[566804.6,4672212.6],[566793.9,4672192.7],[566778.7,4672165.8],[566769.4,4672142.6],[566762.7,4672121.3],[566752.5,4672098.3]]},"properties":{"kind":"trail","name":null,"osmId":1322663921}},{"type":"Feature","geometry":{"type":"LineString","coordinates":[[566957.5,4672289.0],[566940.0,4672305.2],[566923.9,4672321.9],[566921.7,4672330.8],[566922.4,4672342.2],[566924.1,4672369.8],[566924.3,4672390.0],[566929.8,4672408.0],[566941.4,4672431.4],[566952.5,4672453.4],[566956.7,4672466.6],[566960.6,4672477.6],[566968.2,4672502.7],[566968.2,4672506.6],[566984.6,4672530.5],[566997.2,4672544.5]]},"properties":{"kind":"trail","name":null,"osmId":1322663922}},{"type":"Feature","geometry":{"type":"LineString","coordinates":[[566552.0,4672378.1],[566572.4,4672370.9],[566612.4,4672356.8],[566625.2,4672347.7],[566626.7,4672331.3],[566621.3,4672320.3],[566610.7,4672317.8],[566580.3,4672326.6],[566565.6,4672335.3],[566565.6,4672347.2],[566569.7,4672363.2],[566572.4,4672370.9]]},"properties":{"kind":"road","name":null,"osmId":1322663923}},{"type":"Feature","geometry":{"type":"LineString","coordinates":[[566551.3,4672410.6],[566549.4,4672432.4],[566541.2,4672447.6],[566523.9,4672466.1],[566511.9,4672476.1]]},"properties":{"kind":"road","name":null,"osmId":1322663924}},{"type":"Feature","geometry":{"type":"LineString","coordinates":[[566274.5,4672568.8],[566262.8,4672549.8],[566250.5,4672555.5],[566239.9,4672552.1],[566224.1,4672538.6],[566217.2,4672523.5],[566219.9,4672510.8],[566240.0,4672496.6],[566263.9,4672486.1],[566274.6,4672487.7],[566283.6,4672494.5],[566291.0,4672509.1],[566292.2,4672525.3],[566285.8,4672535.0],[566273.9,4672544.4],[566262.8,4672549.8]]},"properties":{"kind":"road","name":null,"osmId":1322663925}},{"type":"Feature","geometry":{"type":"LineString","coordinates":[[566176.3,4672631.2],[566167.5,4672614.4],[566168.0,4672604.9],[566188.0,4672596.4],[566198.2,4672597.0],[566208.4,4672610.7]]},"properties":{"kind":"road","name":null,"osmId":1322663927}},{"type":"Feature","geometry":{"type":"LineString","coordinates":[[566152.8,4672646.1],[566117.9,4672589.4]]},"properties":{"kind":"road","name":null,"osmId":1322663928}},{"type":"Feature","geometry":{"type":"LineString","coordinates":[[565878.1,4672833.3],[565869.7,4672820.5],[565872.5,4672811.8],[565887.0,4672800.9],[565900.3,4672817.7]]},"properties":{"kind":"road","name":null,"osmId":1322663929}},{"type":"Feature","geometry":{"type":"LineString","coordinates":[[565860.9,4672709.9],[565867.8,4672754.7],[565874.9,4672777.7],[565887.0,4672800.9],[565888.7,4672781.9],[565893.9,4672768.7],[565902.3,4672766.0],[565910.6,4672770.6],[565930.0,4672796.8]]},"properties":{"kind":"road","name":null,"osmId":1322663930}},{"type":"Feature","geometry":{"type":"LineString","coordinates":[[565524.3,4673082.5],[565528.2,4673087.7],[565538.5,4673101.6],[565547.9,4673119.5],[565551.6,4673139.7],[565562.2,4673167.2]]},"properties":{"kind":"road","name":null,"osmId":1322663931}},{"type":"Feature","geometry":{"type":"LineString","coordinates":[[565493.2,4673104.1],[565496.5,4673110.0],[565520.3,4673152.0]]},"properties":{"kind":"road","name":null,"osmId":1322663933}},{"type":"Feature","geometry":{"type":"LineString","coordinates":[[565647.6,4673565.9],[565678.9,4673546.6]]},"properties":{"kind":"road","name":null,"osmId":1322932755}},{"type":"Feature","geometry":{"type":"LineString","coordinates":[[565623.1,4673518.1],[565653.2,4673503.9]]},"properties":{"kind":"road","name":null,"osmId":1322932756}},{"type":"Feature","geometry":{"type":"LineString","coordinates":[[565618.4,4673508.6],[565596.2,4673519.4]]},"properties":{"kind":"road","name":null,"osmId":1322932757}},{"type":"Feature","geometry":{"type":"LineString","coordinates":[[565601.6,4673474.8],[565594.1,4673479.1]]},"properties":{"kind":"road","name":null,"osmId":1322932758}},{"type":"Feature","geometry":{"type":"LineString","coordinates":[[565595.0,4673461.7],[565621.7,4673447.9]]},"properties":{"kind":"road","name":null,"osmId":1322932759}},{"type":"Feature","geometry":{"type":"LineString","coordinates":[[565585.0,4673441.5],[565560.9,4673457.7]]},"properties":{"kind":"road","name":null,"osmId":1322932760}},{"type":"Feature","geometry":{"type":"LineString","coordinates":[[565572.5,4673416.5],[565562.8,4673421.7]]},"properties":{"kind":"road","name":null,"osmId":1322932761}},{"type":"Feature","geometry":{"type":"LineString","coordinates":[[565568.7,4673408.8],[565584.6,4673403.8],[565592.0,4673413.8],[565576.2,4673423.9]]},"properties":{"kind":"road","name":null,"osmId":1322932762}},{"type":"Feature","geometry":{"type":"LineString","coordinates":[[565560.5,4673392.9],[565584.5,4673377.1]]},"properties":{"kind":"road","name":null,"osmId":1322932763}},{"type":"Feature","geometry":{"type":"LineString","coordinates":[[565543.0,4673359.8],[565565.8,4673344.2]]},"properties":{"kind":"road","name":null,"osmId":1322932764}},{"type":"Feature","geometry":{"type":"LineString","coordinates":[[565510.9,4673360.0],[565518.1,4673373.0]]},"properties":{"kind":"road","name":null,"osmId":1322932765}},{"type":"Feature","geometry":{"type":"LineString","coordinates":[[565555.0,4673382.5],[565528.5,4673404.7]]},"properties":{"kind":"road","name":null,"osmId":1322932766}},{"type":"Feature","geometry":{"type":"LineString","coordinates":[[565467.3,4673437.7],[565478.1,4673434.9],[565486.5,4673436.2],[565490.4,4673441.2],[565492.1,4673446.7],[565476.7,4673454.4]]},"properties":{"kind":"road","name":null,"osmId":1322932767}},{"type":"Feature","geometry":{"type":"LineString","coordinates":[[565457.8,4673419.6],[565477.3,4673410.5]]},"properties":{"kind":"road","name":null,"osmId":1322932768}},{"type":"Feature","geometry":{"type":"LineString","coordinates":[[565472.4,4673386.5],[565457.2,4673386.4],[565446.7,4673384.3],[565443.4,4673381.7],[565442.7,4673375.1],[565446.3,4673370.6]]},"properties":{"kind":"road","name":null,"osmId":1322932769}},{"type":"Feature","geometry":{"type":"LineString","coordinates":[[565525.0,4673346.2],[565519.1,4673337.4]]},"properties":{"kind":"road","name":null,"osmId":1322932770}},{"type":"Feature","geometry":{"type":"LineString","coordinates":[[565869.7,4672820.5],[565852.4,4672794.7],[565834.7,4672765.0],[565832.6,4672754.4]]},"properties":{"kind":"road","name":null,"osmId":1322954659}},{"type":"Feature","geometry":{"type":"LineString","coordinates":[[565583.3,4673040.9],[565586.9,4673046.6]]},"properties":{"kind":"road","name":null,"osmId":1322954660}},{"type":"Feature","geometry":{"type":"LineString","coordinates":[[565586.9,4673046.6],[565596.8,4673064.8],[565618.5,4673104.9]]},"properties":{"kind":"road","name":null,"osmId":1322954661}},{"type":"Feature","geometry":{"type":"LineString","coordinates":[[565715.3,4673776.3],[565684.3,4673803.3]]},"properties":{"kind":"road","name":null,"osmId":1322954667}},{"type":"Feature","geometry":{"type":"LineString","coordinates":[[565762.4,4673761.8],[565759.3,4673753.5],[565751.3,4673751.3],[565744.9,4673756.8],[565741.0,4673764.7],[565734.8,4673771.5]]},"properties":{"kind":"road","name":null,"osmId":1322954668}},{"type":"Feature","geometry":{"type":"LineString","coordinates":[[565719.9,4673780.4],[565734.8,4673771.5],[565744.3,4673768.3],[565762.4,4673761.8],[565765.1,4673760.9],[565779.8,4673754.2]]},"properties":{"kind":"road","name":null,"osmId":1322954669}},{"type":"Feature","geometry":{"type":"LineString","coordinates":[[565705.7,4673771.3],[565713.3,4673750.6]]},"properties":{"kind":"road","name":null,"osmId":1322954670}},{"type":"Feature","geometry":{"type":"LineString","coordinates":[[565617.6,4673702.8],[565630.0,4673712.5]]},"properties":{"kind":"road","name":null,"osmId":1322954671}},{"type":"Feature","geometry":{"type":"LineString","coordinates":[[565632.8,4673667.5],[565644.9,4673682.1]]},"properties":{"kind":"road","name":null,"osmId":1322954672}},{"type":"Feature","geometry":{"type":"LineString","coordinates":[[565643.8,4673646.4],[565663.3,4673664.3]]},"properties":{"kind":"road","name":null,"osmId":1322954673}},{"type":"Feature","geometry":{"type":"LineString","coordinates":[[565660.2,4673604.7],[565678.9,4673595.0],[565693.8,4673587.0],[565699.8,4673587.7],[565704.7,4673593.4]]},"properties":{"kind":"road","name":null,"osmId":1322954674}},{"type":"Feature","geometry":{"type":"LineString","coordinates":[[565655.8,4673622.0],[565651.4,4673616.4]]},"properties":{"kind":"road","name":null,"osmId":1322954675}},{"type":"Feature","geometry":{"type":"LineString","coordinates":[[565573.7,4673632.3],[565589.5,4673624.5]]},"properties":{"kind":"road","name":null,"osmId":1322954676}},{"type":"Feature","geometry":{"type":"LineString","coordinates":[[565557.1,4673601.5],[565577.4,4673588.7]]},"properties":{"kind":"road","name":null,"osmId":1322954677}},{"type":"Feature","geometry":{"type":"LineString","coordinates":[[565543.5,4673576.2],[565557.0,4673570.9],[565564.6,4673573.6],[565569.2,4673578.4]]},"properties":{"kind":"road","name":null,"osmId":1322954678}},{"type":"Feature","geometry":{"type":"LineString","coordinates":[[565521.5,4673535.3],[565549.0,4673523.0]]},"properties":{"kind":"road","name":null,"osmId":1323491397}},{"type":"Feature","geometry":{"type":"LineString","coordinates":[[565437.9,4673041.6],[565449.6,4673029.9]]},"properties":{"kind":"trail","name":null,"osmId":1323715079}},{"type":"Feature","geometry":{"type":"LineString","coordinates":[[565449.6,4673029.9],[565471.4,4673013.4],[565492.6,4672987.8]]},"properties":{"kind":"trail","name":null,"osmId":1323715080}},{"type":"Feature","geometry":{"type":"LineString","coordinates":[[565492.6,4672987.8],[565506.4,4672965.4],[565523.6,4672941.4],[565534.1,4672929.4],[565537.0,4672921.0]]},"properties":{"kind":"trail","name":null,"osmId":1323715081}},{"type":"Feature","geometry":{"type":"LineString","coordinates":[[565537.0,4672921.0],[565546.5,4672909.9],[565576.3,4672880.2],[565591.5,4672866.3],[565612.2,4672842.4],[565628.3,4672819.9],[565647.1,4672792.1],[565659.4,4672769.3],[565667.2,4672754.6],[565682.6,4672728.0],[565698.8,4672696.2],[565705.4,4672685.5]]},"properties":{"kind":"trail","name":null,"osmId":1323715082}},{"type":"Feature","geometry":{"type":"LineString","coordinates":[[565383.6,4672926.4],[565389.2,4672909.3],[565407.5,4672885.9],[565427.6,4672864.7]]},"properties":{"kind":"road","name":null,"osmId":1323715083}},{"type":"Feature","geometry":{"type":"LineString","coordinates":[[565383.5,4673065.7],[565391.3,4673084.4],[565396.4,4673096.8]]},"properties":{"kind":"trail","name":null,"osmId":1323715084}},{"type":"Feature","geometry":{"type":"Polygon","coordinates":[[[565412.0,4673126.4],[565402.1,4673101.6],[565418.4,4673090.5],[565434.5,4673074.3],[565451.2,4673056.9],[565472.7,4673046.4],[565494.1,4673029.3],[565511.9,4673009.3],[565530.5,4672991.3],[565546.3,4672976.1],[565569.2,4672951.4],[565594.5,4672925.5],[565608.2,4672906.0],[565631.3,4672881.3],[565645.7,4672861.1],[565659.6,4672841.3],[565674.8,4672818.4],[565683.8,4672798.4],[565694.2,4672774.5],[565708.4,4672743.6],[565713.8,4672718.2],[565720.5,4672685.9],[565727.7,4672665.3],[565734.7,4672640.9],[565744.7,4672620.3],[565748.8,4672606.9],[565752.5,4672601.5],[565757.5,4672598.5],[565761.6,4672601.9],[565761.8,4672610.9],[565757.3,4672628.2],[565749.1,4672652.3],[565741.1,4672686.5],[565736.7,4672711.2],[565728.8,4672740.7],[565721.2,4672762.2],[565708.0,4672794.3],[565700.0,4672814.9],[565683.4,4672838.6],[565671.9,4672857.4],[565656.0,4672880.8],[565642.0,4672903.5],[565623.9,4672928.2],[565601.6,4672950.5],[565578.3,4672974.9],[565549.8,4673005.1],[565521.0,4673029.8],[565503.3,4673049.2],[565474.3,4673072.7],[565450.6,4673091.0],[565412.0,4673126.4]]]},"properties":{"kind":"lake","name":null,"osmId":1323715085}},{"type":"Feature","geometry":{"type":"LineString","coordinates":[[565793.6,4672837.4],[565767.7,4672854.3],[565755.1,4672865.6]]},"properties":{"kind":"road","name":null,"osmId":1323832935}},{"type":"Feature","geometry":{"type":"LineString","coordinates":[[565667.6,4672990.4],[565676.9,4673003.9]]},"properties":{"kind":"trail","name":null,"osmId":1323832937}},{"type":"Feature","geometry":{"type":"LineString","coordinates":[[565639.4,4673001.3],[565643.3,4673007.3],[565677.5,4673059.1]]},"properties":{"kind":"road","name":null,"osmId":1323832938}},{"type":"Feature","geometry":{"type":"LineString","coordinates":[[565614.0,4673019.3],[565618.0,4673024.9],[565626.2,4673036.1],[565634.7,4673052.7],[565636.2,4673065.7],[565631.6,4673073.0],[565635.9,4673085.9]]},"properties":{"kind":"road","name":null,"osmId":1323832939}},{"type":"Feature","geometry":{"type":"LineString","coordinates":[[565568.0,4673051.7],[565571.6,4673057.3],[565584.2,4673077.4]]},"properties":{"kind":"road","name":null,"osmId":1323832940}},{"type":"Feature","geometry":{"type":"LineString","coordinates":[[565450.7,4673130.0],[565454.4,4673136.7],[565459.1,4673145.2],[565475.6,4673175.2]]},"properties":{"kind":"road","name":null,"osmId":1323832942}},{"type":"Feature","geometry":{"type":"LineString","coordinates":[[565459.6,4673133.7],[565467.5,4673148.2]]},"properties":{"kind":"trail","name":null,"osmId":1323832943}},{"type":"Feature","geometry":{"type":"LineString","coordinates":[[565474.9,4673116.3],[565479.2,4673121.7],[565484.3,4673128.1],[565494.0,4673146.6]]},"properties":{"kind":"road","name":null,"osmId":1323832944}},{"type":"Feature","geometry":{"type":"LineString","coordinates":[[565366.7,4673185.4],[565335.6,4673195.8],[565330.4,4673185.3],[565327.3,4673178.9]]},"properties":{"kind":"road","name":null,"osmId":1323832952}},{"type":"Feature","geometry":{"type":"LineString","coordinates":[[565335.6,4673195.8],[565351.9,4673233.4],[565364.9,4673249.6]]},"properties":{"kind":"road","name":null,"osmId":1323832953}},{"type":"Feature","geometry":{"type":"LineString","coordinates":[[566149.8,4673963.9],[566141.7,4673957.8],[566136.4,4673943.0],[566128.2,4673936.5],[566119.3,4673923.5],[566103.3,4673911.2],[566105.2,4673898.9],[566115.0,4673892.3],[566118.8,4673881.1],[566138.0,4673865.9],[566140.3,4673852.0],[566139.5,4673842.1],[566142.6,4673829.7],[566150.9,4673815.0],[566156.7,4673808.4],[566157.8,4673797.2],[566155.2,4673784.2],[566147.1,4673768.1],[566144.5,4673752.4],[566144.4,4673732.4],[566148.8,4673715.8],[566145.3,4673701.0],[566138.4,4673693.1],[566130.0,4673681.2],[566124.1,4673665.4],[566124.2,4673652.4],[566128.3,4673635.9],[566125.7,4673624.3],[566125.5,4673610.7],[566117.5,4673592.5],[566111.6,4673578.9],[566112.7,4673562.0],[566108.2,4673549.8],[566096.2,4673537.0],[566086.4,4673519.7],[566082.5,4673510.9],[566072.2,4673504.5],[566064.1,4673496.5],[566050.2,4673490.7],[566037.9,4673484.8],[566031.6,4673475.1],[566021.0,4673468.9],[566009.5,4673467.3],[565995.3,4673463.8],[565986.9,4673455.0],[565976.4,4673443.7],[565957.4,4673432.1],[565945.0,4673426.8],[565934.7,4673426.1],[565921.9,4673431.1],[565910.7,4673425.0],[565897.4,4673417.6],[565888.1,4673406.9],[565886.1,4673397.9],[565872.9,4673386.5],[565854.7,4673379.1],[565836.6,4673368.4],[565828.9,4673352.0],[565821.4,4673340.4],[565817.9,4673330.7],[565813.4,4673317.7],[565807.1,4673308.9],[565807.2,4673300.1],[565804.9,4673286.8],[565801.4,4673278.0],[565790.8,4673275.5],[565784.2,4673269.4],[565783.9,4673260.9],[565777.1,4673248.4],[565773.2,4673240.0],[565771.2,4673227.5],[565767.6,4673223.0],[565758.2,4673223.2],[565751.0,4673220.7],[565746.4,4673217.0],[565741.6,4673216.1],[565728.3,4673207.5],[565718.7,4673194.7],[565707.9,4673189.8],[565692.8,4673175.1],[565683.3,4673158.4],[565667.0,4673151.9],[565649.1,4673151.8],[565636.6,4673151.9],[565629.4,4673148.2],[565623.8,4673142.9]]},"properties":{"kind":"stream","name":null,"osmId":1323832955}},{"type":"Feature","geometry":{"type":"LineString","coordinates":[[566071.4,4673104.2],[566069.6,4673088.8],[566034.7,4673049.0],[566028.2,4673031.2],[566019.2,4673013.7],[565994.2,4672985.5],[565989.9,4672978.4],[565979.6,4672979.9],[565962.4,4672994.3],[565945.7,4673000.8],[565930.7,4673003.5],[565908.9,4673000.9],[565892.3,4673000.7],[565883.7,4672988.4],[565875.1,4672978.9],[565869.6,4672973.7],[565861.8,4672961.0],[565853.5,4672957.0],[565836.0,4672961.6],[565824.2,4672962.2],[565813.4,4672972.4],[565793.4,4672994.7],[565781.4,4673007.2],[565778.9,4673014.7],[565771.6,4673037.1],[565766.3,4673056.7],[565762.2,4673066.6],[565753.0,4673078.3],[565735.0,4673098.3],[565716.3,4673105.2],[565705.3,4673105.1],[565676.0,4673105.6],[565652.1,4673117.2],[565645.3,4673122.7],[565623.8,4673142.9]]},"properties":{"kind":"stream","name":null,"osmId":1323832956}},{"type":"Feature","geometry":{"type":"LineString","coordinates":[[565623.8,4673142.9],[565613.0,4673151.7],[565604.1,4673163.7],[565589.8,4673175.6],[565575.0,4673182.5],[565563.0,4673188.0],[565535.0,4673198.3],[565520.8,4673209.9],[565507.7,4673217.9],[565501.5,4673230.2],[565495.5,4673244.3],[565492.5,4673248.8],[565479.7,4673262.0],[565461.8,4673276.8],[565443.5,4673286.7],[565430.5,4673295.3],[565422.1,4673300.9],[565405.5,4673310.8],[565394.8,4673319.1],[565380.2,4673328.8],[565371.4,4673340.0],[565359.7,4673351.2],[565347.5,4673358.5]]},"properties":{"kind":"stream","name":null,"osmId":1323832957}},{"type":"Feature","geometry":{"type":"LineString","coordinates":[[565360.1,4673167.3],[565362.4,4673173.6],[565366.7,4673185.4],[565384.6,4673234.3],[565405.5,4673291.7],[565411.0,4673302.9]]},"properties":{"kind":"road","name":"Botti Drive","osmId":1323832958}},{"type":"Feature","geometry":{"type":"LineString","coordinates":[[565411.0,4673302.9],[565415.7,4673309.3]]},"properties":{"kind":"road","name":"Botti Drive","osmId":1323832959}},{"type":"Feature","geometry":{"type":"LineString","coordinates":[[565347.5,4673358.5],[565337.5,4673360.1],[565324.5,4673363.9],[565317.7,4673370.2],[565307.6,4673373.8],[565296.4,4673375.7],[565283.5,4673378.1],[565280.8,4673379.3],[565257.1,4673384.1],[565247.8,4673385.9],[565236.3,4673390.7],[565219.6,4673399.4],[565206.6,4673405.9],[565196.0,4673412.2],[565188.0,4673418.1]]},"properties":{"kind":"stream","name":null,"osmId":1323832960}},{"type":"Feature","geometry":{"type":"LineString","coordinates":[[565214.4,4673218.9],[565216.7,4673224.0],[565218.1,4673226.7],[565223.1,4673236.5],[565232.2,4673254.2],[565236.8,4673263.3],[565248.8,4673289.7],[565257.1,4673313.8],[565261.3,4673332.6],[565262.8,4673348.1],[565264.3,4673354.6],[565268.8,4673373.7]]},"properties":{"kind":"road","name":"Dolans Lane","osmId":1323832961}},{"type":"Feature","geometry":{"type":"LineString","coordinates":[[565268.8,4673373.7],[565273.0,4673390.7]]},"properties":{"kind":"road","name":"Dolans Lane","osmId":1323832962}},{"type":"Feature","geometry":{"type":"LineString","coordinates":[[565188.0,4673418.1],[565176.6,4673420.2],[565158.9,4673426.3],[565147.6,4673434.5],[565131.8,4673445.4],[565119.4,4673454.7],[565096.9,4673466.4],[565073.3,4673474.8],[565061.5,4673480.6],[565040.4,4673485.9],[565016.3,4673489.4],[565001.6,4673489.3],[564992.8,4673487.7],[564986.6,4673486.6],[564973.7,4673483.5]]},"properties":{"kind":"stream","name":null,"osmId":1323832963}},{"type":"Feature","geometry":{"type":"LineString","coordinates":[[565102.4,4673259.6],[565105.0,4673265.4],[565114.0,4673285.9],[565161.9,4673401.0],[565165.4,4673412.3]]},"properties":{"kind":"road","name":"Central Avenue","osmId":1323832964}},{"type":"Feature","geometry":{"type":"LineString","coordinates":[[565166.7,4673418.9],[565168.4,4673427.8]]},"properties":{"kind":"road","name":"Central Avenue","osmId":1323832965}},{"type":"Feature","geometry":{"type":"LineString","coordinates":[[565168.4,4673427.8],[565168.6,4673429.1]]},"properties":{"kind":"road","name":"Central Avenue","osmId":1323832966}},{"type":"Feature","geometry":{"type":"LineString","coordinates":[[565165.4,4673412.3],[565166.7,4673418.9]]},"properties":{"kind":"road","name":"Central Avenue","osmId":1323832967}},{"type":"Feature","geometry":{"type":"LineString","coordinates":[[564973.7,4673483.5],[564969.7,4673480.8],[564952.0,4673473.1],[564943.7,4673472.8],[564934.1,4673475.7],[564922.7,4673483.5],[564905.3,4673493.6],[564891.8,4673499.6],[564883.1,4673500.4],[564873.0,4673497.3],[564864.2,4673491.9],[564856.3,4673484.9],[564852.2,4673472.5],[564847.5,4673464.7],[564840.7,4673458.0],[564835.9,4673450.8],[564832.8,4673449.6]]},"properties":{"kind":"stream","name":null,"osmId":1323832968}},{"type":"Feature","geometry":{"type":"LineString","coordinates":[[564805.7,4673439.0],[564797.1,4673429.9],[564772.4,4673409.2],[564760.0,4673395.7],[564751.7,4673388.0],[564731.8,4673371.1]]},"properties":{"kind":"stream","name":null,"osmId":1323832969}},{"type":"Feature","geometry":{"type":"LineString","coordinates":[[564832.8,4673449.6],[564826.0,4673446.9]]},"properties":{"kind":"stream","name":null,"osmId":1323832970}},{"type":"Feature","geometry":{"type":"LineString","coordinates":[[564816.7,4673443.3],[564805.7,4673439.0]]},"properties":{"kind":"stream","name":null,"osmId":1323832971}},{"type":"Feature","geometry":{"type":"LineString","coordinates":[[564826.0,4673446.9],[564816.7,4673443.3]]},"properties":{"kind":"stream","name":null,"osmId":1323832972}},{"type":"Feature","geometry":{"type":"LineString","coordinates":[[564895.2,4673377.8],[564899.7,4673382.0],[564912.7,4673394.1]]},"properties":{"kind":"road","name":null,"osmId":1323832973}},{"type":"Feature","geometry":{"type":"LineString","coordinates":[[564904.2,4673370.1],[564899.1,4673361.1],[564895.3,4673354.3],[564889.8,4673344.5]]},"properties":{"kind":"road","name":null,"osmId":1323832974}},{"type":"Feature","geometry":{"type":"LineString","coordinates":[[564895.3,4673354.3],[564888.1,4673358.9]]},"properties":{"kind":"trail","name":null,"osmId":1323832975}},{"type":"Feature","geometry":{"type":"LineString","coordinates":[[564946.7,4673337.4],[564942.5,4673329.7],[564937.4,4673320.4]]},"properties":{"kind":"road","name":null,"osmId":1323832976}},{"type":"Feature","geometry":{"type":"LineString","coordinates":[[564920.8,4673363.1],[564938.8,4673382.0]]},"properties":{"kind":"trail","name":null,"osmId":1323832977}},{"type":"Feature","geometry":{"type":"LineString","coordinates":[[564880.1,4673400.3],[564882.5,4673403.3],[564887.1,4673415.4]]},"properties":{"kind":"trail","name":null,"osmId":1323832978}},{"type":"Feature","geometry":{"type":"LineString","coordinates":[[564860.0,4673410.5],[564864.6,4673415.0],[564878.2,4673428.3],[564888.6,4673440.2],[564889.9,4673447.4],[564881.8,4673458.5]]},"properties":{"kind":"road","name":null,"osmId":1323832979}},{"type":"Feature","geometry":{"type":"LineString","coordinates":[[564888.6,4673440.2],[564899.6,4673445.6],[564914.7,4673455.4],[564920.6,4673457.8]]},"properties":{"kind":"road","name":null,"osmId":1323832980}},{"type":"Feature","geometry":{"type":"LineString","coordinates":[[564843.2,4673435.3],[564852.7,4673446.0]]},"properties":{"kind":"trail","name":null,"osmId":1323832981}},{"type":"Feature","geometry":{"type":"LineString","coordinates":[[564830.6,4673438.2],[564835.2,4673442.8],[564865.7,4673472.7]]},"properties":{"kind":"road","name":null,"osmId":1323832982}},{"type":"Feature","geometry":{"type":"LineString","coordinates":[[564821.7,4673446.6],[564826.5,4673451.0],[564829.1,4673453.4],[564836.2,4673459.5],[564842.0,4673466.4],[564846.8,4673474.0],[564848.0,4673481.8],[564843.8,4673489.4],[564838.4,4673491.9],[564832.7,4673489.3],[564823.0,4673480.9],[564817.4,4673471.1],[564812.0,4673464.6],[564807.9,4673459.6]]},"properties":{"kind":"road","name":null,"osmId":1323832983}},{"type":"Feature","geometry":{"type":"LineString","coordinates":[[564783.7,4673491.2],[564794.7,4673502.9]]},"properties":{"kind":"trail","name":null,"osmId":1323832984}},{"type":"Feature","geometry":{"type":"LineString","coordinates":[[564713.5,4673548.4],[564717.6,4673553.4],[564731.5,4673570.3]]},"properties":{"kind":"road","name":null,"osmId":1323832985}},{"type":"Feature","geometry":{"type":"LineString","coordinates":[[564693.1,4673567.2],[564697.5,4673572.4],[564704.1,4673580.3]]},"properties":{"kind":"road","name":null,"osmId":1323832986}},{"type":"Feature","geometry":{"type":"LineString","coordinates":[[564678.2,4673614.3],[564683.6,4673611.1],[564698.1,4673602.8]]},"properties":{"kind":"road","name":null,"osmId":1323832987}},{"type":"Feature","geometry":{"type":"LineString","coordinates":[[565109.4,4673256.8],[565112.2,4673262.4],[565131.6,4673302.2]]},"properties":{"kind":"road","name":null,"osmId":1323832989}},{"type":"Feature","geometry":{"type":"LineString","coordinates":[[565165.4,4673242.2],[565177.4,4673272.9]]},"properties":{"kind":"trail","name":null,"osmId":1323832990}},{"type":"Feature","geometry":{"type":"LineString","coordinates":[[565165.7,4673305.5],[565189.7,4673296.3]]},"properties":{"kind":"road","name":null,"osmId":1323832991}},{"type":"Feature","geometry":{"type":"LineString","coordinates":[[565223.1,4673236.5],[565231.9,4673233.3]]},"properties":{"kind":"road","name":null,"osmId":1323832994}},{"type":"Feature","geometry":{"type":"LineString","coordinates":[[565232.2,4673254.2],[565243.1,4673249.7]]},"properties":{"kind":"road","name":null,"osmId":1323832995}},{"type":"Feature","geometry":{"type":"LineString","coordinates":[[565264.3,4673354.6],[565270.3,4673354.7],[565280.7,4673356.3],[565290.6,4673355.6],[565299.1,4673351.8],[565306.3,4673348.3]]},"properties":{"kind":"road","name":null,"osmId":1323832998}},{"type":"Feature","geometry":{"type":"LineString","coordinates":[[565399.2,4673598.4],[565403.3,4673600.6],[565428.5,4673604.7],[565437.9,4673607.6],[565445.9,4673611.5],[565451.0,4673614.8],[565456.6,4673620.2],[565461.4,4673626.0],[565466.4,4673634.9],[565486.6,4673692.5],[565495.3,4673714.1],[565501.0,4673724.4],[565505.4,4673728.9],[565510.5,4673732.7],[565515.1,4673736.3],[565519.3,4673740.4],[565524.9,4673750.9]]},"properties":{"kind":"road","name":"Dolans Lane","osmId":1323833000}},{"type":"Feature","geometry":{"type":"LineString","coordinates":[[565510.5,4673732.7],[565498.9,4673734.6],[565489.0,4673735.3],[565487.1,4673735.8],[565485.3,4673742.6],[565484.6,4673749.5],[565485.5,4673754.8],[565488.5,4673758.1]]},"properties":{"kind":"trail","name":null,"osmId":1323833002}},{"type":"Feature","geometry":{"type":"LineString","coordinates":[[565973.7,4672990.1],[565978.0,4672998.2],[565977.8,4673005.7],[565975.5,4673013.0],[565970.7,4673019.7],[565964.1,4673025.0],[565955.9,4673029.3],[565940.8,4673035.5],[565913.8,4673046.7],[565908.7,4673047.2],[565904.1,4673045.2],[565899.2,4673040.8],[565893.0,4673032.3]]},"properties":{"kind":"road","name":null,"osmId":1323833004}},{"type":"Feature","geometry":{"type":"LineString","coordinates":[[565969.4,4672984.5],[565973.7,4672990.1]]},"properties":{"kind":"road","name":null,"osmId":1323833005}},{"type":"Feature","geometry":{"type":"LineString","coordinates":[[564136.1,4671775.8],[564159.4,4671781.9],[564184.0,4671786.3],[564213.4,4671782.9],[564234.2,4671772.2],[564250.6,4671752.4],[564261.3,4671732.6],[564257.9,4671699.6]]},"properties":{"kind":"trail","name":null,"osmId":1323841454}},{"type":"Feature","geometry":{"type":"LineString","coordinates":[[564485.3,4671770.1],[564466.0,4671754.4],[564440.1,4671735.7],[564432.7,4671730.9],[564423.7,4671722.7],[564418.5,4671712.7],[564413.4,4671700.6],[564408.5,4671694.5],[564403.5,4671690.2],[564386.6,4671662.1]]},"properties":{"kind":"trail","name":null,"osmId":1323841457}},{"type":"Feature","geometry":{"type":"LineString","coordinates":[[563961.9,4672380.8],[563984.5,4672388.0],[564009.7,4672404.1],[564047.8,4672415.2],[564082.9,4672421.7],[564097.1,4672424.3]]},"properties":{"kind":"trail","name":null,"osmId":1323841458}},{"type":"Feature","geometry":{"type":"LineString","coordinates":[[563862.0,4672466.1],[563890.5,4672481.4],[563913.8,4672500.8],[563924.5,4672521.9],[563931.3,4672541.1],[563944.0,4672571.2],[563954.8,4672591.2]]},"properties":{"kind":"trail","name":null,"osmId":1323841459}},{"type":"Feature","geometry":{"type":"LineString","coordinates":[[564184.3,4672763.4],[564207.7,4672745.3],[564213.2,4672736.2],[564225.7,4672710.8],[564245.4,4672701.5],[564260.2,4672691.2],[564284.9,4672666.1],[564304.7,4672639.4],[564318.8,4672596.0],[564323.1,4672580.8],[564326.3,4672570.6],[564325.3,4672561.7],[564321.8,4672549.0],[564311.0,4672533.1],[564277.2,4672510.8]]},"properties":{"kind":"trail","name":null,"osmId":1323841460}},{"type":"Feature","geometry":{"type":"LineString","coordinates":[[564261.9,4672899.3],[564262.8,4672894.5],[564269.6,4672878.7],[564286.1,4672854.6],[564300.4,4672832.6],[564324.7,4672801.2],[564336.4,4672779.5],[564360.3,4672760.4],[564378.5,4672748.1],[564412.7,4672725.0],[564427.3,4672714.4],[564431.5,4672711.3],[564442.7,4672701.8],[564474.5,4672680.6],[564493.4,4672671.4],[564509.2,4672653.1],[564510.9,4672644.3],[564519.0,4672622.6],[564533.3,4672609.0],[564542.4,4672600.4],[564554.2,4672586.4],[564558.5,4672582.1],[564579.1,4672553.2],[564594.8,4672540.9]]},"properties":{"kind":"trail","name":null,"osmId":1323841461}},{"type":"Feature","geometry":{"type":"LineString","coordinates":[[564427.3,4672714.4],[564437.1,4672701.3],[564443.9,4672687.0],[564451.9,4672670.2],[564460.2,4672662.4],[564474.5,4672656.3],[564484.7,4672651.0],[564497.2,4672640.8],[564519.0,4672622.6]]},"properties":{"kind":"trail","name":null,"osmId":1323841462}},{"type":"Feature","geometry":{"type":"LineString","coordinates":[[564594.8,4672540.9],[564613.6,4672526.6],[564652.7,4672508.0],[564672.2,4672487.2],[564683.7,4672468.3],[564686.5,4672453.9],[564684.7,4672440.9],[564686.8,4672429.9],[564690.2,4672406.8],[564695.5,4672383.9],[564700.9,4672373.0],[564714.3,4672363.0],[564724.9,4672355.7],[564728.7,4672344.7],[564727.8,4672328.1],[564726.8,4672317.5],[564726.0,4672309.8],[564726.0,4672285.6],[564731.4,4672272.3],[564741.5,4672267.7],[564745.2,4672265.5],[564762.2,4672262.8],[564777.4,4672252.1],[564785.5,4672244.5],[564793.8,4672239.4],[564805.2,4672228.6],[564813.8,4672220.1],[564830.1,4672210.8],[564830.9,4672203.4],[564828.9,4672192.8]]},"properties":{"kind":"trail","name":null,"osmId":1323841463}},{"type":"Feature","geometry":{"type":"LineString","coordinates":[[564959.1,4672613.7],[564954.6,4672598.3],[564944.2,4672574.1],[564943.3,4672564.8],[564935.6,4672546.7],[564929.6,4672541.7],[564904.9,4672542.4],[564890.5,4672544.8]]},"properties":{"kind":"trail","name":null,"osmId":1323841464}},{"type":"Feature","geometry":{"type":"LineString","coordinates":[[564933.5,4672819.2],[564939.7,4672817.5],[564949.8,4672812.0],[564958.6,4672805.8],[564963.4,4672798.5],[564968.6,4672792.9],[564974.4,4672791.9],[564980.7,4672790.7],[564989.5,4672793.9],[564993.4,4672800.6],[565000.3,4672803.5],[565005.9,4672801.2],[565009.9,4672798.0],[565015.6,4672794.7]]},"properties":{"kind":"trail","name":null,"osmId":1323841465}},{"type":"Feature","geometry":{"type":"LineString","coordinates":[[564999.4,4672826.7],[565000.0,4672810.3],[565000.3,4672803.5]]},"properties":{"kind":"trail","name":null,"osmId":1323841466}},{"type":"Feature","geometry":{"type":"LineString","coordinates":[[565061.0,4672787.2],[565059.0,4672780.9],[565051.5,4672776.9],[565050.2,4672769.4],[565050.5,4672766.3]]},"properties":{"kind":"trail","name":null,"osmId":1323841467}},{"type":"Feature","geometry":{"type":"LineString","coordinates":[[564974.4,4672791.9],[564959.2,4672786.3],[564947.4,4672783.8],[564933.6,4672782.3],[564912.2,4672777.6],[564895.0,4672774.2],[564879.2,4672770.3],[564861.2,4672765.9],[564842.4,4672768.5],[564829.2,4672769.2],[564821.6,4672774.2]]},"properties":{"kind":"trail","name":null,"osmId":1323841470}},{"type":"Feature","geometry":{"type":"LineString","coordinates":[[564792.5,4672784.0],[564788.9,4672773.0]]},"properties":{"kind":"trail","name":null,"osmId":1323841471}},{"type":"Feature","geometry":{"type":"LineString","coordinates":[[564788.9,4672773.0],[564787.0,4672768.6],[564783.1,4672763.5],[564779.7,4672757.8],[564777.3,4672754.2],[564774.3,4672752.7],[564772.2,4672753.7]]},"properties":{"kind":"trail","name":null,"osmId":1323841472}},{"type":"Feature","geometry":{"type":"LineString","coordinates":[[564783.1,4672763.5],[564779.2,4672762.8],[564773.4,4672763.0],[564771.2,4672764.4]]},"properties":{"kind":"trail","name":null,"osmId":1323841473}},{"type":"Feature","geometry":{"type":"LineString","coordinates":[[564788.9,4672773.0],[564791.1,4672771.9],[564792.5,4672772.6],[564816.3,4672764.6],[564821.3,4672766.8],[564824.8,4672768.1],[564829.2,4672769.2]]},"properties":{"kind":"trail","name":null,"osmId":1323841474}},{"type":"Feature","geometry":{"type":"LineString","coordinates":[[564788.9,4672773.0],[564787.2,4672774.1],[564783.0,4672780.7],[564779.9,4672782.4],[564769.1,4672784.9],[564768.2,4672785.0],[564766.7,4672781.3]]},"properties":{"kind":"trail","name":null,"osmId":1323841475}},{"type":"Feature","geometry":{"type":"LineString","coordinates":[[564768.2,4672785.0],[564761.5,4672785.9],[564755.2,4672787.1],[564745.8,4672787.7],[564737.4,4672790.4],[564733.2,4672792.2]]},"properties":{"kind":"trail","name":null,"osmId":1323841476}},{"type":"Feature","geometry":{"type":"LineString","coordinates":[[564733.2,4672792.2],[564732.3,4672790.9]]},"properties":{"kind":"trail","name":null,"osmId":1323841477}},{"type":"Feature","geometry":{"type":"LineString","coordinates":[[564733.2,4672792.2],[564720.4,4672798.1],[564714.0,4672801.0],[564707.6,4672803.7],[564706.9,4672802.5]]},"properties":{"kind":"trail","name":null,"osmId":1323841478}},{"type":"Feature","geometry":{"type":"LineString","coordinates":[[564707.6,4672803.7],[564702.5,4672807.3],[564697.8,4672811.5],[564691.8,4672818.5],[564688.0,4672823.9],[564685.5,4672823.7],[564680.0,4672821.6]]},"properties":{"kind":"trail","name":null,"osmId":1323841479}},{"type":"Feature","geometry":{"type":"LineString","coordinates":[[564729.8,4672819.8],[564726.4,4672812.6]]},"properties":{"kind":"trail","name":null,"osmId":1323841481}},{"type":"Feature","geometry":{"type":"LineString","coordinates":[[564726.4,4672812.6],[564723.3,4672805.2]]},"properties":{"kind":"trail","name":null,"osmId":1323841482}},{"type":"Feature","geometry":{"type":"LineString","coordinates":[[564723.3,4672805.2],[564721.7,4672801.7]]},"properties":{"kind":"trail","name":null,"osmId":1323841483}},{"type":"Feature","geometry":{"type":"LineString","coordinates":[[564721.7,4672801.7],[564720.4,4672798.1]]},"properties":{"kind":"trail","name":null,"osmId":1323841484}},{"type":"Feature","geometry":{"type":"LineString","coordinates":[[564534.6,4672927.1],[564457.4,4672860.0]]},"properties":{"kind":"road","name":null,"osmId":1324255843}},{"type":"Feature","geometry":{"type":"LineString","coordinates":[[564396.1,4673231.2],[564387.5,4673229.0],[564376.8,4673232.9],[564368.0,4673240.2],[564363.6,4673249.1],[564364.1,4673257.4]]},"properties":{"kind":"road","name":null,"osmId":1324255845}},{"type":"Feature","geometry":{"type":"LineString","coordinates":[[564355.3,4673264.5],[564348.3,4673258.1],[564339.5,4673254.8],[564330.1,4673256.4]]},"properties":{"kind":"road","name":null,"osmId":1324255846}},{"type":"Feature","geometry":{"type":"LineString","coordinates":[[564461.9,4673248.4],[564425.8,4673273.5]]},"properties":{"kind":"road","name":null,"osmId":1324255847}},{"type":"Feature","geometry":{"type":"LineString","coordinates":[[564464.6,4673253.9],[564479.9,4673244.0]]},"properties":{"kind":"road","name":null,"osmId":1324255848}},{"type":"Feature","geometry":{"type":"LineString","coordinates":[[564479.4,4673283.5],[564487.8,4673278.4],[564498.4,4673276.5],[564508.9,4673276.2],[564514.8,4673281.1],[564517.7,4673284.9]]},"properties":{"kind":"road","name":null,"osmId":1324255849}},{"type":"Feature","geometry":{"type":"LineString","coordinates":[[564541.7,4673263.0],[564545.6,4673271.3],[564547.2,4673280.9],[564543.9,4673287.0],[564537.7,4673290.7],[564532.4,4673289.6],[564524.1,4673279.5]]},"properties":{"kind":"road","name":null,"osmId":1324255850}},{"type":"Feature","geometry":{"type":"LineString","coordinates":[[564532.4,4673289.6],[564533.3,4673294.7],[564534.9,4673305.7],[564542.1,4673314.5],[564545.3,4673317.2]]},"properties":{"kind":"road","name":null,"osmId":1324255851}},{"type":"Feature","geometry":{"type":"LineString","coordinates":[[564501.7,4673328.3],[564510.1,4673321.9],[564520.9,4673308.5]]},"properties":{"kind":"road","name":null,"osmId":1324255852}},{"type":"Feature","geometry":{"type":"LineString","coordinates":[[564541.7,4673263.0],[564536.9,4673257.3],[564530.5,4673252.3]]},"properties":{"kind":"road","name":null,"osmId":1324255853}},{"type":"Feature","geometry":{"type":"LineString","coordinates":[[564485.7,4673198.5],[564491.4,4673203.1],[564497.8,4673205.0],[564504.0,4673202.3],[564506.3,4673198.4],[564504.1,4673191.8],[564499.8,4673184.9]]},"properties":{"kind":"road","name":null,"osmId":1324255854}},{"type":"Feature","geometry":{"type":"LineString","coordinates":[[564506.3,4673198.4],[564509.6,4673200.9],[564515.5,4673214.4]]},"properties":{"kind":"road","name":null,"osmId":1324255855}},{"type":"Feature","geometry":{"type":"LineString","coordinates":[[564506.0,4673178.9],[564510.6,4673182.2],[564515.1,4673183.1],[564521.5,4673179.5],[564523.1,4673173.5],[564518.1,4673167.3]]},"properties":{"kind":"road","name":null,"osmId":1324255856}},{"type":"Feature","geometry":{"type":"LineString","coordinates":[[564568.5,4673238.4],[564558.2,4673227.2],[564551.0,4673219.3],[564549.0,4673215.8]]},"properties":{"kind":"road","name":null,"osmId":1324255857}},{"type":"Feature","geometry":{"type":"LineString","coordinates":[[564576.7,4673231.1],[564572.0,4673215.6],[564574.3,4673210.9],[564579.5,4673207.7],[564585.9,4673211.1],[564592.4,4673219.8]]},"properties":{"kind":"road","name":null,"osmId":1324255858}},{"type":"Feature","geometry":{"type":"LineString","coordinates":[[564566.5,4673240.2],[564568.6,4673245.3],[564569.4,4673250.7],[564567.8,4673253.9],[564563.8,4673254.9],[564560.1,4673253.0],[564556.2,4673249.3]]},"properties":{"kind":"road","name":null,"osmId":1324255859}},{"type":"Feature","geometry":{"type":"LineString","coordinates":[[564591.5,4673220.3],[564594.2,4673227.7],[564596.9,4673236.1],[564597.7,4673244.0],[564597.8,4673249.2]]},"properties":{"kind":"road","name":null,"osmId":1324255860}},{"type":"Feature","geometry":{"type":"LineString","coordinates":[[564603.4,4673212.3],[564598.5,4673205.2],[564596.1,4673200.5],[564596.4,4673196.5],[564599.2,4673191.5],[564604.1,4673185.8]]},"properties":{"kind":"road","name":null,"osmId":1324255861}},{"type":"Feature","geometry":{"type":"LineString","coordinates":[[564600.5,4673214.3],[564604.5,4673219.0],[564608.8,4673222.4],[564618.2,4673224.0],[564623.4,4673223.4],[564626.0,4673220.5],[564626.7,4673216.5],[564620.8,4673201.3]]},"properties":{"kind":"road","name":null,"osmId":1324255862}},{"type":"Feature","geometry":{"type":"LineString","coordinates":[[564634.5,4673193.5],[564638.3,4673199.4],[564642.8,4673205.9],[564649.1,4673208.9],[564655.2,4673207.6],[564659.2,4673201.9],[564659.1,4673193.2],[564655.7,4673182.9]]},"properties":{"kind":"road","name":null,"osmId":1324255863}},{"type":"Feature","geometry":{"type":"LineString","coordinates":[[564666.4,4673178.0],[564656.6,4673158.3]]},"properties":{"kind":"road","name":null,"osmId":1324255864}},{"type":"Feature","geometry":{"type":"LineString","coordinates":[[564794.4,4673458.9],[564771.4,4673434.5],[564768.4,4673431.3]]},"properties":{"kind":"trail","name":null,"osmId":1324255865}},{"type":"Feature","geometry":{"type":"LineString","coordinates":[[564811.8,4673456.0],[564805.1,4673448.9],[564789.5,4673432.6],[564785.8,4673430.5],[564780.4,4673429.6],[564771.4,4673434.5]]},"properties":{"kind":"road","name":null,"osmId":1324255866}},{"type":"Feature","geometry":{"type":"LineString","coordinates":[[564724.5,4673538.3],[564717.1,4673531.7],[564701.5,4673515.2],[564688.9,4673505.0],[564679.6,4673491.6],[564673.6,4673480.4],[564667.0,4673473.3],[564661.9,4673470.1],[564647.1,4673470.9],[564631.9,4673477.3],[564623.4,4673481.0],[564609.5,4673486.3],[564597.8,4673489.7],[564576.6,4673500.2],[564570.8,4673504.7],[564563.2,4673513.9],[564560.6,4673521.6],[564559.2,4673530.7]]},"properties":{"kind":"road","name":null,"osmId":1324255867}},{"type":"Feature","geometry":{"type":"LineString","coordinates":[[564596.5,4673573.4],[564593.3,4673569.7],[564589.0,4673564.5],[564581.1,4673551.8],[564572.6,4673541.6],[564566.2,4673534.8],[564559.2,4673530.7],[564554.3,4673533.1],[564548.7,4673539.8],[564548.2,4673550.8],[564548.9,4673562.7],[564551.5,4673571.0],[564557.4,4673578.8],[564564.2,4673580.8],[564570.1,4673580.8],[564577.7,4673578.7],[564588.2,4673573.6],[564593.3,4673569.7]]},"properties":{"kind":"road","name":null,"osmId":1324255868}},{"type":"Feature","geometry":{"type":"LineString","coordinates":[[564613.8,4673591.8],[564604.1,4673581.3]]},"properties":{"kind":"road","name":null,"osmId":1324255869}},{"type":"Feature","geometry":{"type":"LineString","coordinates":[[564602.6,4673579.8],[564596.5,4673573.4]]},"properties":{"kind":"road","name":null,"osmId":1324255870}},{"type":"Feature","geometry":{"type":"LineString","coordinates":[[564604.1,4673581.3],[564602.6,4673579.8]]},"properties":{"kind":"road","name":null,"osmId":1324255871}},{"type":"Feature","geometry":{"type":"LineString","coordinates":[[564595.6,4673657.1],[564589.4,4673651.3],[564569.4,4673632.8]]},"properties":{"kind":"road","name":null,"osmId":1324255872}},{"type":"Feature","geometry":{"type":"LineString","coordinates":[[564583.0,4673668.8],[564577.0,4673662.9],[564553.0,4673639.4]]},"properties":{"kind":"road","name":null,"osmId":1324255873}},{"type":"Feature","geometry":{"type":"LineString","coordinates":[[564089.1,4673588.8],[564058.7,4673577.7],[564035.4,4673562.3],[564025.6,4673551.2],[564009.3,4673530.5],[563985.1,4673512.7],[563952.4,4673501.8],[563918.4,4673490.9]]},"properties":{"kind":"trail","name":null,"osmId":1324255875}},{"type":"Feature","geometry":{"type":"LineString","coordinates":[[563736.5,4673469.3],[563741.3,4673476.4],[563748.3,4673480.6],[563760.3,4673484.9],[563768.9,4673490.5],[563773.9,4673499.1],[563776.4,4673508.5]]},"properties":{"kind":"road","name":null,"osmId":1324255876}},{"type":"Feature","geometry":{"type":"LineString","coordinates":[[563762.1,4673455.4],[563792.7,4673494.0]]},"properties":{"kind":"road","name":null,"osmId":1324255877}},{"type":"Feature","geometry":{"type":"LineString","coordinates":[[563698.2,4673495.3],[563692.1,4673487.6],[563683.5,4673470.6],[563682.3,4673463.6]]},"properties":{"kind":"road","name":null,"osmId":1324255878}},{"type":"Feature","geometry":{"type":"LineString","coordinates":[[563753.2,4673460.2],[563733.9,4673452.0],[563726.9,4673454.0],[563721.3,4673463.6],[563722.7,4673477.6]]},"properties":{"kind":"road","name":null,"osmId":1324255879}},{"type":"Feature","geometry":{"type":"LineString","coordinates":[[563666.4,4673489.7],[563664.4,4673475.5],[563656.9,4673474.0],[563649.0,4673476.3],[563646.4,4673479.2],[563646.0,4673488.2]]},"properties":{"kind":"road","name":null,"osmId":1324255880}},{"type":"Feature","geometry":{"type":"LineString","coordinates":[[563598.8,4673505.4],[563597.9,4673495.5],[563600.3,4673488.2],[563601.0,4673487.0],[563606.1,4673478.6]]},"properties":{"kind":"road","name":null,"osmId":1324255881}},{"type":"Feature","geometry":{"type":"LineString","coordinates":[[563601.0,4673487.0],[563594.0,4673481.2],[563587.0,4673480.5],[563582.9,4673488.1],[563586.1,4673494.5],[563595.0,4673507.3]]},"properties":{"kind":"road","name":null,"osmId":1324255882}},{"type":"Feature","geometry":{"type":"LineString","coordinates":[[563664.1,4673565.5],[563674.0,4673562.1],[563681.1,4673556.3],[563686.7,4673538.9],[563683.7,4673531.3],[563676.0,4673524.1]]},"properties":{"kind":"road","name":null,"osmId":1324255883}},{"type":"Feature","geometry":{"type":"LineString","coordinates":[[563680.9,4673515.8],[563691.8,4673525.2],[563708.7,4673540.5],[563710.8,4673546.4],[563710.5,4673558.1]]},"properties":{"kind":"road","name":null,"osmId":1324255884}},{"type":"Feature","geometry":{"type":"LineString","coordinates":[[563663.7,4673580.6],[563674.4,4673585.7],[563677.8,4673591.4],[563679.8,4673604.9],[563675.9,4673611.2],[563668.7,4673615.1]]},"properties":{"kind":"road","name":null,"osmId":1324255885}},{"type":"Feature","geometry":{"type":"LineString","coordinates":[[563680.0,4673639.9],[563689.2,4673638.5],[563691.2,4673638.6],[563692.7,4673639.1],[563694.4,4673640.0],[563696.0,4673641.3],[563697.2,4673642.7],[563698.2,4673644.6],[563698.9,4673646.7],[563699.2,4673649.5],[563698.5,4673652.2],[563697.1,4673654.4],[563695.6,4673656.3],[563690.7,4673660.7]]},"properties":{"kind":"road","name":null,"osmId":1324255886}},{"type":"Feature","geometry":{"type":"LineString","coordinates":[[563693.9,4673666.9],[563728.8,4673668.5]]},"properties":{"kind":"road","name":null,"osmId":1324255887}},{"type":"Feature","geometry":{"type":"LineString","coordinates":[[566310.5,4672817.1],[566315.0,4672821.7],[566312.4,4672827.3],[566313.4,4672837.0],[566314.3,4672845.3],[566307.9,4672856.5],[566300.7,4672864.4]]},"properties":{"kind":"road","name":null,"osmId":1324261367}},{"type":"Feature","geometry":{"type":"LineString","coordinates":[[566507.3,4672289.9],[566522.5,4672280.1],[566528.5,4672270.5],[566528.2,4672260.1],[566520.4,4672244.6],[566515.2,4672231.5],[566514.4,4672220.9],[566512.9,4672194.8]]},"properties":{"kind":"road","name":null,"osmId":1324261383}},{"type":"Feature","geometry":{"type":"LineString","coordinates":[[566596.1,4671314.4],[566605.5,4671314.2],[566618.4,4671313.9],[566633.5,4671322.4],[566649.1,4671329.5]]},"properties":{"kind":"road","name":null,"osmId":1324261409}},{"type":"Feature","geometry":{"type":"LineString","coordinates":[[566383.1,4671754.6],[566412.3,4671773.7]]},"properties":{"kind":"road","name":null,"osmId":1324261415}},{"type":"Feature","geometry":{"type":"LineString","coordinates":[[566370.6,4671777.1],[566355.5,4671773.4]]},"properties":{"kind":"road","name":null,"osmId":1324261416}},{"type":"Feature","geometry":{"type":"LineString","coordinates":[[565647.5,4673639.3],[565633.1,4673643.3],[565625.6,4673646.8],[565614.0,4673665.9]]},"properties":{"kind":"road","name":null,"osmId":1324261425}},{"type":"Feature","geometry":{"type":"LineString","coordinates":[[565492.3,4673481.3],[565513.7,4673466.9],[565520.5,4673460.3]]},"properties":{"kind":"road","name":null,"osmId":1324261427}},{"type":"Feature","geometry":{"type":"LineString","coordinates":[[565348.8,4673524.4],[565312.0,4673577.8],[565319.8,4673587.7]]},"properties":{"kind":"road","name":null,"osmId":1324261429}},{"type":"Feature","geometry":{"type":"LineString","coordinates":[[565301.1,4673444.4],[565273.0,4673458.7],[565265.4,4673463.8],[565255.6,4673473.4],[565242.5,4673482.0],[565231.2,4673483.1],[565224.0,4673477.4],[565220.4,4673472.7]]},"properties":{"kind":"road","name":null,"osmId":1324261432}},{"type":"Feature","geometry":{"type":"LineString","coordinates":[[564872.0,4673399.2],[564865.6,4673391.9],[564848.2,4673371.6]]},"properties":{"kind":"road","name":null,"osmId":1324261435}},{"type":"Feature","geometry":{"type":"LineString","coordinates":[[564824.0,4673444.5],[564816.9,4673438.0],[564816.8,4673437.9],[564786.6,4673407.3]]},"properties":{"kind":"road","name":null,"osmId":1324261436}},{"type":"Feature","geometry":{"type":"LineString","coordinates":[[565697.9,4672486.5],[565702.7,4672486.6],[565706.3,4672502.5],[565706.4,4672518.8],[565705.9,4672532.7],[565701.5,4672532.5]]},"properties":{"kind":"road","name":null,"osmId":1324261438}},{"type":"Feature","geometry":{"type":"LineString","coordinates":[[565696.2,4672479.5],[565681.2,4672486.6]]},"properties":{"kind":"road","name":null,"osmId":1324261440}},{"type":"Feature","geometry":{"type":"LineString","coordinates":[[565639.7,4672490.8],[565635.6,4672483.9]]},"properties":{"kind":"trail","name":null,"osmId":1324261442}},{"type":"Feature","geometry":{"type":"LineString","coordinates":[[565593.5,4672531.4],[565601.9,4672537.8],[565613.7,4672518.8],[565622.2,4672507.7],[565630.5,4672499.2],[565639.7,4672490.8],[565664.6,4672473.6]]},"properties":{"kind":"trail","name":null,"osmId":1324261443}},{"type":"Feature","geometry":{"type":"LineString","coordinates":[[565589.9,4672537.8],[565593.5,4672531.4],[565596.1,4672526.8],[565605.4,4672510.0],[565622.1,4672493.8],[565635.6,4672483.9],[565640.8,4672480.1],[565644.5,4672474.2],[565645.6,4672470.6],[565647.4,4672459.0]]},"properties":{"kind":"road","name":"Trailside Drive","osmId":1324261444}},{"type":"Feature","geometry":{"type":"LineString","coordinates":[[565688.6,4672453.7],[565647.4,4672459.0]]},"properties":{"kind":"road","name":"Trailside Drive","osmId":1324261445}},{"type":"Feature","geometry":{"type":"LineString","coordinates":[[565514.2,4672364.9],[565501.3,4672363.8],[565486.6,4672364.1],[565463.0,4672374.0]]},"properties":{"kind":"road","name":null,"osmId":1324261452}},{"type":"Feature","geometry":{"type":"LineString","coordinates":[[565571.0,4672412.7],[565568.3,4672425.3],[565563.9,4672441.3],[565553.7,4672451.0],[565541.9,4672462.0],[565533.6,4672476.1],[565531.5,4672480.8]]},"properties":{"kind":"road","name":null,"osmId":1324261454}},{"type":"Feature","geometry":{"type":"LineString","coordinates":[[565524.3,4672426.6],[565504.7,4672449.8]]},"properties":{"kind":"road","name":null,"osmId":1324261455}},{"type":"Feature","geometry":{"type":"LineString","coordinates":[[565510.5,4672411.6],[565503.6,4672411.6],[565477.1,4672425.0]]},"properties":{"kind":"road","name":null,"osmId":1324261456}},{"type":"Feature","geometry":{"type":"LineString","coordinates":[[565579.1,4672221.0],[565586.2,4672212.3]]},"properties":{"kind":"trail","name":null,"osmId":1324261462}},{"type":"Feature","geometry":{"type":"LineString","coordinates":[[565573.5,4672224.9],[565579.1,4672221.0]]},"properties":{"kind":"trail","name":null,"osmId":1324261463}},{"type":"Feature","geometry":{"type":"LineString","coordinates":[[565583.0,4672250.8],[565584.0,4672244.7],[565573.5,4672224.9],[565571.4,4672220.8],[565565.7,4672215.9]]},"properties":{"kind":"trail","name":null,"osmId":1324261464}},{"type":"Feature","geometry":{"type":"LineString","coordinates":[[565574.2,4672255.6],[565583.0,4672250.8],[565591.8,4672243.0],[565599.0,4672236.6],[565606.4,4672231.9],[565609.5,4672229.3],[565611.8,4672229.2],[565613.9,4672227.2]]},"properties":{"kind":"trail","name":null,"osmId":1324261465}},{"type":"Feature","geometry":{"type":"LineString","coordinates":[[565579.4,4672265.1],[565574.2,4672255.6],[565568.6,4672245.5],[565560.5,4672230.9],[565555.5,4672233.8],[565549.2,4672233.6],[565537.6,4672234.3]]},"properties":{"kind":"trail","name":null,"osmId":1324261466}},{"type":"Feature","geometry":{"type":"LineString","coordinates":[[565558.5,4672275.6],[565570.3,4672269.0],[565572.9,4672268.5],[565579.4,4672265.1],[565583.6,4672262.9],[565586.3,4672262.4],[565589.9,4672260.5],[565592.2,4672264.8]]},"properties":{"kind":"trail","name":null,"osmId":1324261467}},{"type":"Feature","geometry":{"type":"LineString","coordinates":[[565539.0,4672310.3],[565536.8,4672297.6],[565538.8,4672279.5],[565541.2,4672264.2],[565543.1,4672257.1]]},"properties":{"kind":"trail","name":null,"osmId":1324261468}},{"type":"Feature","geometry":{"type":"LineString","coordinates":[[565545.3,4672338.7],[565547.7,4672345.7]]},"properties":{"kind":"trail","name":null,"osmId":1324261469}},{"type":"Feature","geometry":{"type":"LineString","coordinates":[[565544.1,4672333.8],[565545.3,4672338.7]]},"properties":{"kind":"trail","name":null,"osmId":1324261470}},{"type":"Feature","geometry":{"type":"LineString","coordinates":[[565542.5,4672325.9],[565544.1,4672333.8]]},"properties":{"kind":"trail","name":null,"osmId":1324261471}},{"type":"Feature","geometry":{"type":"LineString","coordinates":[[565540.7,4672243.3],[565543.3,4672253.8],[565543.1,4672257.1],[565549.6,4672258.6],[565559.9,4672265.8],[565558.5,4672275.6],[565555.1,4672299.5],[565559.1,4672305.4],[565562.6,4672321.2],[565542.5,4672325.9],[565527.2,4672329.5],[565523.5,4672326.8],[565519.7,4672314.9],[565539.0,4672310.3],[565559.1,4672305.4]]},"properties":{"kind":"trail","name":null,"osmId":1324261472}},{"type":"Feature","geometry":{"type":"LineString","coordinates":[[565526.9,4672247.5],[565527.5,4672253.1]]},"properties":{"kind":"trail","name":null,"osmId":1324261473}},{"type":"Feature","geometry":{"type":"LineString","coordinates":[[565523.4,4672248.0],[565523.9,4672252.3]]},"properties":{"kind":"trail","name":null,"osmId":1324261474}},{"type":"Feature","geometry":{"type":"LineString","coordinates":[[565519.7,4672248.5],[565520.3,4672252.7]]},"properties":{"kind":"trail","name":null,"osmId":1324261475}},{"type":"Feature","geometry":{"type":"LineString","coordinates":[[565516.0,4672249.0],[565516.3,4672251.7]]},"properties":{"kind":"trail","name":null,"osmId":1324261476}},{"type":"Feature","geometry":{"type":"LineString","coordinates":[[565512.9,4672249.4],[565513.0,4672252.0]]},"properties":{"kind":"trail","name":null,"osmId":1324261477}},{"type":"Feature","geometry":{"type":"LineString","coordinates":[[565509.3,4672249.8],[565509.7,4672252.4]]},"properties":{"kind":"trail","name":null,"osmId":1324261478}},{"type":"Feature","geometry":{"type":"LineString","coordinates":[[565540.7,4672243.3],[565534.5,4672246.6],[565526.9,4672247.5],[565523.4,4672248.0],[565519.7,4672248.5],[565516.0,4672249.0],[565512.9,4672249.4],[565509.3,4672249.8],[565501.3,4672250.8],[565501.6,4672253.1]]},"properties":{"kind":"trail","name":null,"osmId":1324261479}},{"type":"Feature","geometry":{"type":"LineString","coordinates":[[565374.4,4672289.7],[565375.4,4672282.8],[565379.0,4672272.9]]},"properties":{"kind":"trail","name":null,"osmId":1324261480}},{"type":"Feature","geometry":{"type":"LineString","coordinates":[[565387.0,4672292.1],[565386.1,4672297.2]]},"properties":{"kind":"trail","name":null,"osmId":1324261481}},{"type":"Feature","geometry":{"type":"LineString","coordinates":[[565373.2,4672289.5],[565372.5,4672293.0]]},"properties":{"kind":"trail","name":null,"osmId":1324261482}},{"type":"Feature","geometry":{"type":"LineString","coordinates":[[565413.6,4672284.6],[565404.1,4672283.9],[565390.4,4672292.8],[565387.0,4672292.1],[565374.4,4672289.7],[565373.2,4672289.5],[565365.6,4672288.0],[565365.3,4672290.4]]},"properties":{"kind":"trail","name":null,"osmId":1324261483}},{"type":"Feature","geometry":{"type":"LineString","coordinates":[[565413.6,4672284.6],[565412.2,4672287.6]]},"properties":{"kind":"trail","name":null,"osmId":1324261484}},{"type":"Feature","geometry":{"type":"LineString","coordinates":[[565417.2,4672285.2],[565416.7,4672289.9]]},"properties":{"kind":"trail","name":null,"osmId":1324261485}},{"type":"Feature","geometry":{"type":"LineString","coordinates":[[565420.6,4672285.9],[565419.9,4672290.5]]},"properties":{"kind":"trail","name":null,"osmId":1324261486}},{"type":"Feature","geometry":{"type":"LineString","coordinates":[[565423.8,4672286.5],[565422.8,4672291.0]]},"properties":{"kind":"trail","name":null,"osmId":1324261487}},{"type":"Feature","geometry":{"type":"LineString","coordinates":[[565427.0,4672287.2],[565425.9,4672293.3]]},"properties":{"kind":"trail","name":null,"osmId":1324261488}},{"type":"Feature","geometry":{"type":"LineString","coordinates":[[565431.1,4672288.0],[565430.0,4672294.0]]},"properties":{"kind":"trail","name":null,"osmId":1324261489}},{"type":"Feature","geometry":{"type":"LineString","coordinates":[[565434.8,4672288.7],[565433.2,4672296.1]]},"properties":{"kind":"trail","name":null,"osmId":1324261490}},{"type":"Feature","geometry":{"type":"LineString","coordinates":[[565413.6,4672284.6],[565417.2,4672285.2],[565420.6,4672285.9],[565423.8,4672286.5],[565427.0,4672287.2],[565431.1,4672288.0],[565434.8,4672288.7]]},"properties":{"kind":"trail","name":null,"osmId":1324261491}},{"type":"Feature","geometry":{"type":"LineString","coordinates":[[565411.1,4672273.9],[565414.2,4672280.5],[565413.6,4672284.6]]},"properties":{"kind":"trail","name":null,"osmId":1324261492}},{"type":"Feature","geometry":{"type":"LineString","coordinates":[[565407.4,4672263.4],[565411.1,4672273.9]]},"properties":{"kind":"trail","name":null,"osmId":1324261493}},{"type":"Feature","geometry":{"type":"LineString","coordinates":[[565470.6,4672286.7],[565469.7,4672290.8]]},"properties":{"kind":"trail","name":null,"osmId":1324261494}},{"type":"Feature","geometry":{"type":"LineString","coordinates":[[565474.5,4672287.3],[565473.5,4672292.7]]},"properties":{"kind":"trail","name":null,"osmId":1324261495}},{"type":"Feature","geometry":{"type":"LineString","coordinates":[[565460.6,4672285.2],[565460.1,4672287.6]]},"properties":{"kind":"trail","name":null,"osmId":1324261496}},{"type":"Feature","geometry":{"type":"LineString","coordinates":[[565464.0,4672285.7],[565463.6,4672288.2]]},"properties":{"kind":"trail","name":null,"osmId":1324261497}},{"type":"Feature","geometry":{"type":"LineString","coordinates":[[565467.1,4672286.2],[565466.6,4672288.7]]},"properties":{"kind":"trail","name":null,"osmId":1324261498}},{"type":"Feature","geometry":{"type":"LineString","coordinates":[[565454.1,4672251.8],[565453.9,4672253.8],[565452.0,4672266.3],[565451.5,4672269.1],[565449.4,4672283.5],[565460.6,4672285.2],[565464.0,4672285.7],[565467.1,4672286.2],[565470.6,4672286.7],[565474.5,4672287.3],[565478.0,4672287.8],[565477.1,4672294.0]]},"properties":{"kind":"trail","name":null,"osmId":1324261499}},{"type":"Feature","geometry":{"type":"LineString","coordinates":[[565449.5,4672251.0],[565454.1,4672251.8]]},"properties":{"kind":"trail","name":null,"osmId":1324261500}},{"type":"Feature","geometry":{"type":"LineString","coordinates":[[565433.0,4672254.7],[565407.4,4672263.4],[565379.0,4672272.9]]},"properties":{"kind":"road","name":null,"osmId":1324261505}},{"type":"Feature","geometry":{"type":"LineString","coordinates":[[565435.1,4672231.3],[565430.9,4672241.9],[565431.0,4672251.0],[565433.0,4672254.7],[565449.5,4672251.0]]},"properties":{"kind":"road","name":null,"osmId":1324261506}},{"type":"Feature","geometry":{"type":"LineString","coordinates":[[565456.5,4672222.8],[565436.6,4672218.0],[565419.8,4672214.1],[565406.0,4672205.6],[565397.4,4672200.0]]},"properties":{"kind":"road","name":null,"osmId":1324261507}},{"type":"Feature","geometry":{"type":"LineString","coordinates":[[563682.7,4672514.8],[563695.3,4672522.6],[563703.6,4672523.0],[563712.3,4672518.8],[563718.7,4672508.1],[563723.6,4672492.4],[563725.1,4672475.9],[563725.8,4672459.4],[563726.7,4672446.9],[563727.1,4672441.2],[563727.6,4672430.9],[563730.6,4672399.8],[563733.2,4672380.8],[563739.4,4672368.9],[563740.0,4672356.5],[563732.0,4672344.5],[563712.8,4672327.0],[563699.5,4672312.9],[563686.3,4672304.6],[563669.3,4672299.1],[563643.2,4672281.0],[563615.7,4672260.9],[563579.9,4672239.8]]},"properties":{"kind":"trail","name":null,"osmId":1324261513}},{"type":"Feature","geometry":{"type":"LineString","coordinates":[[566740.4,4672492.5],[566747.3,4672513.2],[566750.2,4672552.3],[566752.4,4672578.2],[566759.0,4672602.3],[566775.4,4672633.1],[566791.5,4672658.4],[566816.5,4672681.6],[566837.2,4672695.9],[566847.7,4672713.0],[566850.7,4672726.0],[566843.6,4672742.7],[566827.9,4672771.3]]},"properties":{"kind":"trail","name":null,"osmId":1324261531}},{"type":"Feature","geometry":{"type":"LineString","coordinates":[[566864.6,4672367.7],[566859.5,4672375.4],[566854.9,4672376.9],[566850.8,4672380.2],[566850.3,4672383.7]]},"properties":{"kind":"trail","name":null,"osmId":1324261533}},{"type":"Feature","geometry":{"type":"LineString","coordinates":[[566856.2,4672320.1],[566862.4,4672334.6],[566863.7,4672338.9],[566864.0,4672343.7],[566856.7,4672353.1],[566855.9,4672357.6],[566858.0,4672361.5],[566864.6,4672367.7]]},"properties":{"kind":"road","name":null,"osmId":1324261534}},{"type":"Feature","geometry":{"type":"LineString","coordinates":[[566909.1,4672092.5],[566917.5,4672103.1],[566919.5,4672104.5],[566924.1,4672105.2],[566932.3,4672102.3],[566935.8,4672099.7],[566945.3,4672084.2],[566950.5,4672079.7],[566957.1,4672077.8],[566970.0,4672076.8],[566981.4,4672077.4],[566994.3,4672080.5],[567000.9,4672083.6],[567007.9,4672089.0]]},"properties":{"kind":"road","name":null,"osmId":1324261541}},{"type":"Feature","geometry":{"type":"LineString","coordinates":[[573820.2,4665881.3],[573809.8,4665885.3],[573799.2,4665882.8],[573793.0,4665882.7],[573786.6,4665887.4],[573778.1,4665887.9],[573770.6,4665885.6],[573760.3,4665886.4],[573750.8,4665888.9],[573734.5,4665890.8],[573720.7,4665890.6],[573706.1,4665887.1],[573686.7,4665882.1],[573669.3,4665876.6],[573657.1,4665866.7],[573654.6,4665864.8],[573649.1,4665864.2],[573643.5,4665865.2],[573628.6,4665872.1],[573613.7,4665887.1],[573604.2,4665898.2],[573588.1,4665907.4],[573557.5,4665930.2],[573532.4,4665957.2],[573518.3,4665967.2],[573507.5,4665985.0],[573497.0,4666000.4],[573484.1,4666015.6],[573473.8,4666035.3],[573470.0,4666051.7],[573470.3,4666071.1],[573468.9,4666089.3],[573464.1,4666106.4],[573432.3,4666126.5],[573423.5,4666138.6],[573412.6,4666139.3],[573405.3,4666135.9],[573401.0,4666130.2],[573401.2,4666119.7],[573403.0,4666108.7],[573403.1,4666094.2],[573392.1,4666079.7],[573372.4,4666068.7],[573353.3,4666073.1],[573345.4,4666080.9],[573342.6,4666090.4],[573346.6,4666104.8],[573356.5,4666122.1],[573360.8,4666131.9],[573359.5,4666145.1],[573329.5,4666169.8],[573297.9,4666201.8],[573272.2,4666241.3],[573244.8,4666284.4],[573235.0,4666295.3],[573222.3,4666303.1],[573209.6,4666301.7],[573200.2,4666297.0],[573184.7,4666281.0],[573171.6,4666274.3],[573152.8,4666272.5],[573139.7,4666275.2],[573127.7,4666281.0],[573126.6,4666289.5],[573130.3,4666298.7],[573137.6,4666312.3],[573155.4,4666330.6],[573160.5,4666339.4],[573161.1,4666349.4],[573151.1,4666361.6],[573119.1,4666365.7],[573083.4,4666376.3],[573036.7,4666402.8],[573023.1,4666420.5],[573018.0,4666442.4],[573016.4,4666468.9],[573020.2,4666496.0],[573025.3,4666507.9],[573035.5,4666517.3],[573039.9,4666534.1],[573038.0,4666548.3],[573028.1,4666559.5],[573025.5,4666580.9],[573024.8,4666605.8],[573031.4,4666657.7],[573052.5,4666710.8],[573048.1,4666720.4],[573034.8,4666724.2],[573018.0,4666725.1],[573010.3,4666731.0],[572999.1,4666747.1],[572990.5,4666772.2],[572979.8,4666792.6],[572976.5,4666813.8],[572961.7,4666827.3],[572941.4,4666835.0],[572919.7,4666833.0],[572902.9,4666827.3],[572895.7,4666816.7],[572890.9,4666800.4],[572888.6,4666789.2],[572884.5,4666783.0],[572875.1,4666777.9],[572862.4,4666779.5],[572842.5,4666784.8],[572823.0,4666810.5],[572805.0,4666828.6],[572784.5,4666842.0],[572772.2,4666846.1],[572768.8,4666851.8],[572767.6,4666862.0],[572778.0,4666891.0],[572774.2,4666908.0],[572761.0,4666921.5],[572749.6,4666929.6],[572740.5,4666936.1],[572733.6,4666947.1],[572731.3,4666963.2],[572731.0,4667006.8],[572724.8,4667035.3],[572712.6,4667064.6],[572664.7,4667125.8],[572653.1,4667135.3],[572639.7,4667138.3],[572624.0,4667138.7],[572614.5,4667133.4],[572605.4,4667123.3],[572594.7,4667121.4],[572586.7,4667127.0],[572575.0,4667142.8],[572561.3,4667153.8],[572533.5,4667158.5],[572514.3,4667180.6],[572503.7,4667207.2],[572492.5,4667271.7],[572496.9,4667283.0],[572504.0,4667288.3],[572527.5,4667308.9],[572548.4,4667314.8],[572555.7,4667319.1],[572554.9,4667331.4],[572550.7,4667338.9],[572542.5,4667347.2],[572537.8,4667365.5],[572537.6,4667389.3],[572545.1,4667421.2],[572549.8,4667462.3],[572553.1,4667499.6],[572543.5,4667516.1],[572518.0,4667542.1],[572490.6,4667551.8],[572463.5,4667558.0],[572429.3,4667560.6],[572409.6,4667561.3],[572388.7,4667567.3],[572374.9,4667568.0],[572352.7,4667566.4],[572327.4,4667559.8],[572287.6,4667553.2],[572264.8,4667544.2],[572224.4,4667552.4],[572200.6,4667562.3],[572185.6,4667577.1],[572180.4,4667596.5],[572169.6,4667672.2],[572163.8,4667710.5],[572161.7,4667729.7],[572163.4,4667749.6],[572161.0,4667769.2],[572149.3,4667785.8],[572136.0,4667796.8],[572114.3,4667817.6],[572100.8,4667827.6],[572088.9,4667827.8],[572077.7,4667825.8],[572068.9,4667823.6],[572052.1,4667827.5],[572027.3,4667836.7],[571990.0,4667866.3],[571951.8,4667893.9],[571910.8,4667923.6],[571861.8,4667980.3],[571845.5,4668001.3],[571832.0,4668007.6],[571816.0,4668010.4],[571774.7,4668000.0],[571721.7,4667972.2],[571691.4,4667960.7],[571651.2,4667961.6],[571617.5,4667972.2],[571587.9,4667996.1],[571564.9,4668030.7],[571552.1,4668057.7],[571530.5,4668106.7],[571502.4,4668143.5],[571465.5,4668177.2],[571422.0,4668203.6],[571372.3,4668216.4],[571306.1,4668225.5],[571257.8,4668230.1],[571222.4,4668231.0],[571214.2,4668233.7],[571206.9,4668238.7],[571190.9,4668254.9],[571178.8,4668273.3],[571167.8,4668291.6],[571155.0,4668311.5],[571081.7,4668382.2],[571033.3,4668407.9],[571005.5,4668481.8],[571004.6,4668571.7],[571000.1,4668637.7],[570998.5,4668724.6],[570975.3,4668785.8],[570972.6,4668833.7],[571005.5,4668927.0],[571040.2,4668977.5],[571056.4,4669001.8],[571036.8,4669020.4],[570968.9,4669053.3],[570921.4,4669066.3],[570862.0,4669064.9],[570775.4,4669071.6],[570742.5,4669052.5],[570646.6,4669014.8],[570591.4,4669016.7],[570585.2,4669057.0],[570577.5,4669089.1],[570520.5,4669123.7],[570476.6,4669098.4],[570446.3,4669109.1],[570394.4,4669158.4],[570331.3,4669208.3],[570217.2,4669218.2],[570196.1,4669221.5],[570134.7,4669231.3],[570097.9,4669240.4],[570049.4,4669269.3],[570024.4,4669330.0],[570024.0,4669370.3],[569980.6,4669444.9],[569922.7,4669503.7],[569906.0,4669594.2],[569902.9,4669686.0],[569842.2,4669798.5],[569769.9,4669955.6],[569697.6,4670106.1],[569649.2,4670229.9],[569592.0,4670325.6],[569521.8,4670382.0],[569468.5,4670426.2],[569408.9,4670434.6],[569376.3,4670434.2],[569329.4,4670413.9],[569261.1,4670374.3],[569197.1,4670372.1],[569126.7,4670410.0],[569062.7,4670455.2],[569042.4,4670506.4],[568961.9,4670554.8],[568937.8,4670569.3],[568901.1,4670658.0],[568911.3,4670757.7],[568958.6,4670863.4],[568959.4,4670906.7],[568960.1,4670939.6],[568921.1,4671017.6],[568878.9,4671086.5],[568826.0,4671079.3],[568719.9,4671026.8],[568645.7,4670972.5],[568552.5,4670954.0],[568503.9,4670983.1],[568494.2,4671005.2],[568475.8,4671047.4],[568471.8,4671055.5],[568421.3,4671142.3],[568368.0,4671167.9],[568261.8,4671261.6],[568164.4,4671340.2],[568088.7,4671371.6],[568025.4,4671373.7],[567904.7,4671358.3],[567795.2,4671349.8],[567763.0,4671354.8],[567711.8,4671362.9],[567664.2,4671392.4],[567608.6,4671434.1],[567507.7,4671466.1],[567496.9,4671469.5],[567400.0,4671485.0],[567325.2,4671498.8],[567211.3,4671545.4],[567161.1,4671574.6],[567129.1,4671620.6],[567108.0,4671680.2],[567130.4,4671729.3],[567145.2,4671756.7],[567157.5,4671779.5],[567157.3,4671821.1],[567138.3,4671895.8],[567119.1,4671933.8],[567089.6,4671958.0],[567058.1,4671985.7],[567033.8,4671999.4],[567007.3,4671995.2],[566969.5,4671986.0],[566939.9,4671974.2],[566842.7,4671943.3],[566823.2,4671930.7]]},"properties":{"kind":"river","name":"Schoharie Creek","osmId":1324261543}},{"type":"Feature","geometry":{"type":"LineString","coordinates":[[565531.9,4671994.8],[565523.1,4671988.8],[565505.6,4671983.3],[565476.4,4671984.3],[565454.2,4671986.8],[565429.6,4671991.9],[565409.0,4671997.8],[565399.4,4671998.0],[565377.8,4671966.4],[565374.4,4671955.1],[565377.3,4671945.9],[565396.7,4671937.7],[565431.9,4671932.3],[565458.4,4671920.4],[565484.5,4671903.9],[565511.4,4671889.6],[565530.6,4671875.2],[565540.5,4671857.2],[565553.6,4671829.1],[565556.3,4671818.9],[565561.6,4671801.6],[565562.9,4671779.9],[565565.3,4671757.5],[565573.7,4671736.8],[565590.2,4671700.5],[565593.3,4671677.4],[565600.2,4671651.9],[565608.1,4671635.2],[565622.2,4671617.9],[565626.1,4671607.1]]},"properties":{"kind":"road","name":null,"osmId":1324261544}},{"type":"Feature","geometry":{"type":"LineString","coordinates":[[565575.0,4672179.4],[565605.3,4672129.6],[565640.3,4672080.3],[565663.8,4672052.3],[565764.6,4671921.4],[565761.9,4671913.9],[565754.4,4671913.5],[565716.3,4671928.8],[565680.1,4671947.0],[565648.0,4671963.9],[565629.3,4671980.0],[565596.5,4671999.4],[565566.5,4672012.1],[565541.0,4672017.4],[565534.8,4672016.2],[565530.9,4672007.4],[565531.9,4671994.8],[565544.9,4671981.9],[565571.4,4671964.5],[565595.5,4671943.5],[565608.3,4671922.9],[565616.0,4671900.7],[565622.7,4671879.4],[565629.9,4671857.8],[565638.7,4671841.3],[565643.9,4671834.8]]},"properties":{"kind":"road","name":null,"osmId":1324261545}},{"type":"Feature","geometry":{"type":"LineString","coordinates":[[568677.0,4664743.2],[568692.0,4664747.3],[568711.7,4664755.8],[568727.5,4664772.6],[568752.4,4664791.4],[568791.6,4664818.6]]},"properties":{"kind":"cliff","name":null,"osmId":1330739376}},{"type":"Feature","geometry":{"type":"LineString","coordinates":[[561584.8,4673662.5],[561547.8,4673663.7],[561509.7,4673646.6],[561460.8,4673636.8],[561386.7,4673600.9],[561297.4,4673583.9],[561297.7,4673606.3],[561309.6,4673626.5],[561311.4,4673668.0],[561323.8,4673698.9],[561338.9,4673717.4],[561355.6,4673744.6],[561368.5,4673780.3],[561384.1,4673802.9],[561398.3,4673832.7],[561420.3,4673872.5],[561417.6,4673905.1],[561458.9,4673966.7],[561504.7,4674019.9],[561532.1,4674049.2],[561572.0,4674094.0],[561600.9,4674098.4],[561640.0,4674085.2],[561669.5,4674077.0]]},"properties":{"kind":"trail","name":null,"osmId":1331731770}},{"type":"Feature","geometry":{"type":"LineString","coordinates":[[561716.6,4673738.4],[561761.6,4673685.9],[561779.9,4673615.1],[561793.0,4673581.9],[561842.2,4673529.1],[561879.5,4673497.8],[561900.1,4673458.3]]},"properties":{"kind":"trail","name":null,"osmId":1336623445}},{"type":"Feature","geometry":{"type":"LineString","coordinates":[[561888.7,4673201.1],[561928.1,4673237.6],[561965.7,4673233.6],[561991.9,4673245.3],[562017.7,4673329.5],[562093.2,4673434.4],[562082.8,4673518.8],[562077.7,4673562.8],[562068.2,4673604.5]]},"properties":{"kind":"trail","name":null,"osmId":1336903451}},{"type":"Feature","geometry":{"type":"LineString","coordinates":[[563541.5,4668297.8],[563549.5,4668272.3],[563557.5,4668255.5],[563570.8,4668234.9],[563586.3,4668216.7],[563606.8,4668197.2],[563620.5,4668178.8],[563631.4,4668153.0]]},"properties":{"kind":"stream","name":null,"osmId":1346949033}},{"type":"Feature","geometry":{"type":"LineString","coordinates":[[562522.5,4667538.5],[562522.8,4667472.2],[562502.3,4667426.5],[562492.0,4667352.1],[562510.2,4667276.1],[562554.5,4667194.6],[562572.9,4667136.1],[562600.3,4667068.5]]},"properties":{"kind":"stream","name":null,"osmId":1346949037}},{"type":"Feature","geometry":{"type":"LineString","coordinates":[[561549.4,4666806.6],[561497.9,4666753.0],[561459.0,4666690.7],[561423.4,4666622.3],[561367.2,4666520.9],[561332.1,4666475.0],[561289.6,4666447.3],[561273.3,4666422.8],[561184.8,4666384.5],[561102.4,4666355.0],[561032.3,4666338.4],[560981.1,4666301.5],[560973.5,4666287.6],[560935.3,4666268.3],[560893.8,4666247.7]]},"properties":{"kind":"stream","name":null,"osmId":1346958467}},{"type":"Feature","geometry":{"type":"LineString","coordinates":[[570301.4,4670173.0],[570310.6,4670177.4],[570322.1,4670180.9],[570335.9,4670187.0],[570345.6,4670192.9],[570352.2,4670198.8],[570362.6,4670206.5],[570371.3,4670206.6],[570384.6,4670206.6]]},"properties":{"kind":"road","name":null,"osmId":1353712538}},{"type":"Feature","geometry":{"type":"LineString","coordinates":[[570294.3,4670173.6],[570296.6,4670178.4],[570299.0,4670196.1],[570297.6,4670203.6]]},"properties":{"kind":"road","name":null,"osmId":1353712539}},{"type":"Feature","geometry":{"type":"Polygon","coordinates":[[[571483.0,4670254.5],[571484.7,4670256.0],[571485.2,4670257.1],[571485.9,4670259.6],[571488.0,4670262.4],[571489.8,4670264.4],[571491.8,4670265.0],[571494.8,4670264.0],[571496.3,4670261.7],[571498.4,4670260.2],[571500.3,4670257.4],[571501.8,4670255.9],[571503.1,4670253.8],[571502.4,4670249.4],[571500.9,4670245.2],[571498.2,4670239.9],[571496.3,4670237.1],[571494.3,4670235.7],[571491.6,4670234.6],[571488.7,4670234.4],[571485.3,4670235.2],[571482.3,4670236.6],[571479.6,4670237.9],[571477.9,4670239.5],[571476.5,4670241.5],[571476.1,4670244.4],[571476.8,4670246.7],[571478.7,4670249.0],[571479.9,4670251.1],[571481.5,4670253.1],[571483.0,4670254.5]]]},"properties":{"kind":"lake","name":null,"osmId":1353728620}},{"type":"Feature","geometry":{"type":"Polygon","coordinates":[[[570704.1,4670383.7],[570704.8,4670387.5],[570706.6,4670390.3],[570710.2,4670392.4],[570713.2,4670393.2],[570717.2,4670393.3],[570720.3,4670394.0],[570722.3,4670394.5],[570725.0,4670395.8],[570727.0,4670396.5],[570728.4,4670394.7],[570729.9,4670392.0],[570731.4,4670390.1],[570732.1,4670388.1],[570731.3,4670386.6],[570729.7,4670383.9],[570727.4,4670381.9],[570724.0,4670379.8],[570720.7,4670378.4],[570717.8,4670378.0],[570715.6,4670377.5],[570712.9,4670376.6],[570711.8,4670375.3],[570708.6,4670375.6],[570705.7,4670378.7],[570704.7,4670381.0],[570704.1,4670383.7]]]},"properties":{"kind":"lake","name":null,"osmId":1353728621}},{"type":"Feature","geometry":{"type":"LineString","coordinates":[[566591.2,4670437.7],[566598.7,4670447.3],[566611.6,4670463.7],[566632.1,4670481.1],[566645.2,4670498.0],[566662.1,4670516.7],[566665.4,4670536.2],[566673.0,4670556.5],[566686.9,4670564.9],[566709.4,4670572.8],[566727.9,4670585.5],[566741.2,4670600.9],[566745.5,4670615.7],[566752.1,4670625.1],[566774.5,4670649.8],[566792.2,4670669.4],[566821.7,4670686.2],[566840.4,4670704.7],[566851.7,4670721.1],[566851.7,4670734.5]]},"properties":{"kind":"stream","name":null,"osmId":1353768918}},{"type":"Feature","geometry":{"type":"LineString","coordinates":[[566536.7,4670384.7],[566549.0,4670394.9]]},"properties":{"kind":"stream","name":null,"osmId":1353768919}},{"type":"Feature","geometry":{"type":"LineString","coordinates":[[566304.0,4669977.7],[566303.8,4669986.2],[566297.3,4669992.9],[566298.8,4670005.6],[566297.6,4670019.1],[566298.3,4670027.1],[566307.8,4670048.6],[566318.6,4670061.8],[566324.6,4670072.5],[566322.2,4670088.5],[566324.2,4670098.3],[566331.0,4670106.8],[566339.9,4670122.8],[566334.7,4670142.2],[566333.3,4670165.5],[566340.6,4670189.8],[566341.8,4670214.0],[566344.1,4670232.6],[566349.3,4670250.3],[566354.4,4670255.7],[566371.9,4670258.1],[566389.1,4670258.6],[566401.1,4670270.1],[566413.9,4670275.0],[566436.1,4670282.6],[566456.2,4670289.7],[566469.8,4670300.5],[566468.5,4670309.6],[566468.9,4670314.8],[566474.8,4670316.1],[566482.9,4670322.4],[566483.0,4670330.7],[566487.7,4670337.8]]},"properties":{"kind":"stream","name":null,"osmId":1353768920}},{"type":"Feature","geometry":{"type":"LineString","coordinates":[[566113.4,4668983.0],[566119.3,4669007.7],[566131.7,4669027.8],[566137.4,4669076.3],[566143.8,4669101.4],[566159.2,4669129.0],[566164.6,4669164.1],[566167.6,4669223.7],[566157.5,4669261.3],[566166.2,4669277.2],[566180.9,4669298.5],[566196.9,4669387.8],[566195.5,4669443.8],[566206.4,4669476.8],[566211.4,4669503.0],[566220.9,4669531.4],[566210.2,4669541.9],[566204.6,4669563.2],[566206.1,4669579.9],[566216.1,4669589.9],[566227.2,4669599.4],[566233.3,4669614.5],[566236.1,4669625.9],[566231.9,4669635.0],[566225.6,4669643.3],[566218.4,4669650.8],[566215.0,4669657.2],[566215.3,4669668.2],[566220.7,4669674.5],[566232.7,4669683.3],[566243.2,4669692.5],[566258.1,4669700.3],[566262.0,4669705.7],[566260.6,4669721.9],[566270.2,4669740.4],[566280.2,4669754.4],[566276.2,4669762.8],[566270.7,4669774.6],[566266.6,4669790.5],[566259.5,4669809.7],[566255.5,4669841.3],[566253.6,4669850.1],[566242.9,4669849.8],[566239.4,4669857.5],[566239.5,4669872.8],[566244.3,4669890.2],[566258.9,4669904.8],[566272.8,4669911.0],[566286.8,4669919.2],[566295.3,4669926.9],[566301.6,4669934.2],[566304.5,4669941.3],[566302.5,4669952.3],[566298.7,4669962.6],[566299.2,4669969.4],[566304.0,4669977.7]]},"properties":{"kind":"stream","name":null,"osmId":1353768921}},{"type":"Feature","geometry":{"type":"LineString","coordinates":[[568539.0,4666228.8],[568549.7,4666235.6],[568568.0,4666236.9],[568574.8,4666237.0],[568580.1,4666238.5],[568588.7,4666240.1],[568599.3,4666243.9],[568612.0,4666242.6],[568628.2,4666243.6],[568645.1,4666241.8],[568660.2,4666241.9],[568671.6,4666238.4],[568680.7,4666239.2],[568685.8,4666237.3],[568690.0,4666232.8],[568693.3,4666223.9],[568697.1,4666219.4],[568705.9,4666216.4],[568712.0,4666216.8],[568720.2,4666215.9],[568729.0,4666213.5],[568740.9,4666209.9],[568747.5,4666208.2],[568754.3,4666208.7],[568759.1,4666212.5],[568761.8,4666216.8],[568765.2,4666219.7],[568771.2,4666221.6],[568778.3,4666222.0],[568786.1,4666219.4],[568790.2,4666216.7],[568794.5,4666215.9],[568800.3,4666217.3],[568809.0,4666217.6],[568815.1,4666219.3],[568820.0,4666223.0],[568824.6,4666227.2],[568827.5,4666233.5],[568830.6,4666235.7],[568835.4,4666238.4],[568839.1,4666239.1],[568842.5,4666238.4],[568857.2,4666234.6],[568863.4,4666232.7]]},"properties":{"kind":"stream","name":null,"osmId":1353768922}},{"type":"Feature","geometry":{"type":"LineString","coordinates":[[567741.5,4667845.5],[567767.5,4667863.0],[567776.4,4667864.8],[567789.1,4667860.4],[567811.5,4667857.0],[567820.1,4667859.0],[567826.6,4667863.5],[567835.8,4667866.1],[567847.1,4667865.0],[567856.5,4667858.5],[567869.7,4667858.1],[567893.1,4667859.3],[567907.2,4667860.5],[567913.4,4667858.4],[567920.1,4667854.8],[567930.6,4667856.9],[567957.8,4667857.8],[567982.3,4667857.3],[567993.7,4667859.6],[568005.9,4667862.8],[568026.4,4667863.3],[568043.5,4667869.0],[568061.8,4667874.9],[568078.0,4667877.1],[568093.3,4667875.6],[568117.5,4667870.7],[568136.4,4667869.1],[568156.8,4667870.7],[568167.8,4667874.7],[568180.3,4667885.2],[568188.0,4667895.7],[568202.8,4667900.9],[568215.4,4667903.0],[568230.6,4667912.7],[568241.3,4667925.6],[568249.5,4667931.8],[568259.8,4667935.9],[568268.1,4667937.2],[568271.1,4667940.6],[568274.9,4667946.5],[568281.7,4667950.8],[568293.2,4667952.7],[568299.6,4667954.3],[568308.8,4667962.2],[568316.9,4667968.9],[568325.8,4667977.7],[568333.0,4667984.7],[568344.5,4667992.7],[568356.3,4667997.2],[568365.2,4667998.1],[568372.4,4668000.5],[568383.6,4668006.2],[568394.0,4668012.8],[568405.1,4668017.2],[568413.0,4668022.2],[568417.3,4668031.3],[568421.6,4668046.8],[568428.1,4668051.9],[568436.2,4668054.2],[568451.2,4668063.7],[568455.8,4668068.8],[568462.8,4668072.2],[568468.5,4668080.1],[568485.2,4668097.3],[568494.1,4668106.8],[568499.8,4668109.8],[568502.2,4668116.0],[568503.0,4668124.7],[568505.0,4668136.5],[568510.2,4668141.4],[568520.2,4668146.3],[568523.7,4668150.7],[568530.4,4668163.7],[568534.7,4668174.8],[568541.6,4668181.8],[568555.8,4668188.0],[568566.9,4668191.7],[568569.3,4668196.9],[568569.3,4668202.5],[568570.4,4668209.2],[568572.6,4668211.6],[568578.7,4668213.1],[568604.5,4668219.9],[568621.3,4668225.8],[568627.9,4668227.8],[568637.0,4668225.9],[568645.7,4668220.8],[568655.4,4668219.6],[568660.8,4668222.5],[568664.3,4668228.9],[568665.8,4668233.6],[568669.5,4668235.7],[568681.8,4668240.2],[568686.5,4668240.0],[568692.6,4668239.6],[568695.6,4668242.8],[568703.2,4668250.7],[568707.9,4668255.4],[568715.3,4668257.1],[568734.7,4668256.1],[568743.4,4668254.3],[568760.4,4668255.8],[568769.1,4668252.7],[568774.2,4668249.7],[568780.6,4668249.9],[568785.9,4668253.2],[568789.1,4668257.2],[568792.1,4668262.5],[568798.8,4668271.4],[568812.0,4668280.9],[568821.9,4668292.8],[568832.6,4668300.4],[568850.4,4668312.2],[568871.0,4668322.0],[568886.5,4668329.9],[568896.8,4668331.3],[568913.2,4668337.9],[568928.5,4668342.4],[568948.2,4668345.7],[568963.3,4668349.5]]},"properties":{"kind":"stream","name":null,"osmId":1353768923}},{"type":"Feature","geometry":{"type":"LineString","coordinates":[[567583.6,4667231.9],[567612.8,4667286.1],[567657.6,4667350.5],[567701.1,4667394.4],[567735.7,4667438.9],[567767.4,4667483.2],[567770.2,4667496.0],[567777.1,4667502.9],[567802.0,4667517.3],[567805.3,4667524.6],[567813.6,4667530.6],[567819.9,4667530.3],[567825.8,4667532.1],[567838.3,4667541.0],[567844.6,4667544.4],[567852.9,4667548.4],[567861.6,4667553.2],[567870.3,4667555.1],[567879.7,4667556.8],[567896.2,4667566.1],[567911.0,4667568.6],[567930.9,4667573.8],[567943.5,4667577.9],[567955.5,4667579.0],[567972.1,4667580.2],[567990.0,4667585.7],[568005.6,4667584.7],[568019.7,4667584.3],[568032.7,4667586.6],[568043.0,4667584.6],[568058.2,4667589.5],[568070.9,4667583.4],[568080.7,4667578.8],[568087.3,4667581.0],[568093.2,4667584.0],[568106.7,4667587.6],[568115.3,4667582.9],[568125.1,4667581.9],[568136.9,4667582.0],[568156.2,4667581.6],[568181.3,4667584.8],[568196.2,4667587.0],[568211.3,4667591.9],[568224.2,4667595.5],[568231.2,4667600.0],[568239.8,4667601.2],[568249.4,4667602.1],[568259.7,4667598.3],[568269.1,4667595.4],[568297.9,4667594.7],[568311.6,4667596.9],[568319.0,4667599.6],[568323.4,4667604.6],[568325.2,4667613.1],[568331.6,4667622.7],[568344.1,4667632.7],[568358.4,4667633.9],[568364.9,4667636.2],[568373.6,4667649.4],[568382.0,4667659.6],[568387.0,4667668.5],[568393.8,4667673.8],[568403.5,4667677.2],[568419.2,4667679.8],[568434.4,4667687.3],[568447.0,4667690.8],[568457.8,4667688.2],[568465.4,4667689.8],[568473.2,4667690.0]]},"properties":{"kind":"stream","name":null,"osmId":1353768924}},{"type":"Feature","geometry":{"type":"LineString","coordinates":[[570097.8,4668335.8],[570118.0,4668354.9],[570134.2,4668375.6],[570151.4,4668396.1],[570170.6,4668432.0],[570178.7,4668460.8],[570167.3,4668502.6],[570154.3,4668561.6],[570151.7,4668600.0],[570172.2,4668631.6],[570214.3,4668674.4],[570231.6,4668707.2],[570236.4,4668736.1],[570235.3,4668751.7],[570232.2,4668773.2],[570236.7,4668798.1],[570233.4,4668816.2],[570225.3,4668824.0],[570222.6,4668837.9],[570217.8,4668854.2],[570206.5,4668875.6],[570204.9,4668896.1],[570200.3,4668912.5],[570207.1,4668933.0],[570219.9,4668960.6],[570231.2,4668981.4],[570233.5,4669006.0],[570230.5,4669029.4],[570223.3,4669041.6],[570204.4,4669058.3],[570196.3,4669068.1],[570199.0,4669079.0],[570211.4,4669090.4],[570224.9,4669103.2],[570229.8,4669115.5],[570226.3,4669133.0],[570212.0,4669149.7],[570202.4,4669164.1],[570198.7,4669172.2],[570195.8,4669180.3],[570194.6,4669193.6],[570195.0,4669206.3],[570196.6,4669214.4],[570196.1,4669221.5]]},"properties":{"kind":"stream","name":"cook brook","osmId":1353768925}},{"type":"Feature","geometry":{"type":"LineString","coordinates":[[568788.8,4668037.3],[568792.6,4668057.4],[568793.8,4668065.7],[568800.3,4668074.7],[568805.2,4668081.7],[568810.6,4668099.3],[568815.8,4668116.6],[568820.6,4668130.7],[568826.0,4668138.7],[568837.3,4668144.6],[568848.3,4668149.3],[568860.3,4668159.2],[568875.0,4668168.5],[568890.3,4668176.4],[568899.0,4668185.3],[568910.1,4668195.7],[568924.4,4668205.3],[568939.7,4668211.2],[568947.3,4668220.5],[568950.9,4668239.5],[568953.3,4668257.9],[568954.2,4668286.8],[568972.3,4668316.4],[568969.0,4668338.2],[568963.3,4668349.5],[568958.8,4668358.4],[568967.2,4668385.9],[569005.1,4668402.8],[569019.6,4668418.2],[569047.9,4668425.1],[569081.2,4668421.2],[569106.2,4668423.7],[569156.5,4668421.9],[569256.7,4668417.6],[569277.6,4668412.1],[569303.6,4668403.1],[569328.6,4668387.9],[569383.4,4668356.0],[569434.5,4668328.4],[569466.1,4668308.6],[569479.7,4668312.3],[569503.4,4668309.0],[569525.0,4668318.8],[569545.1,4668316.4],[569554.0,4668309.3],[569574.8,4668295.5],[569602.4,4668298.1],[569634.6,4668308.7],[569653.1,4668318.8],[569680.8,4668332.7],[569702.9,4668335.2],[569715.0,4668334.0],[569741.1,4668326.8],[569761.6,4668319.3],[569784.3,4668310.2],[569801.4,4668308.7],[569818.3,4668307.9],[569841.6,4668306.3],[569858.5,4668302.5],[569876.3,4668299.0],[569899.1,4668297.7],[569917.7,4668291.4],[569930.9,4668284.1],[569945.1,4668282.0],[569965.1,4668276.8],[569976.1,4668271.9],[569987.4,4668267.3],[570000.2,4668267.3],[570015.6,4668272.5],[570031.1,4668280.3],[570036.5,4668290.0]]},"properties":{"kind":"stream","name":"cook brook","osmId":1353768926}},{"type":"Feature","geometry":{"type":"LineString","coordinates":[[568750.7,4668520.6],[568777.5,4668525.1],[568811.9,4668541.8],[568836.0,4668568.3],[568851.0,4668599.3],[568850.3,4668622.7],[568859.8,4668649.7],[568871.3,4668677.2],[568865.5,4668702.3],[568839.4,4668725.7],[568825.7,4668738.8],[568820.2,4668754.2],[568823.8,4668770.8],[568826.2,4668806.4],[568824.3,4668821.9],[568825.9,4668842.4],[568822.9,4668859.4],[568816.7,4668881.7],[568818.1,4668896.6],[568822.8,4668907.0]]},"properties":{"kind":"stream","name":null,"osmId":1353768927}},{"type":"Feature","geometry":{"type":"LineString","coordinates":[[569747.6,4669171.3],[569727.4,4669241.3],[569713.5,4669258.8],[569719.4,4669287.1],[569721.0,4669312.3],[569714.9,4669340.5],[569713.2,4669382.4],[569713.5,4669441.1],[569720.7,4669477.4],[569718.6,4669504.3],[569713.2,4669541.1],[569707.6,4669562.5],[569692.8,4669580.6],[569684.5,4669588.3],[569682.4,4669600.1],[569685.7,4669609.9],[569688.7,4669617.6],[569693.1,4669621.1]]},"properties":{"kind":"stream","name":null,"osmId":1353768928}},{"type":"Feature","geometry":{"type":"LineString","coordinates":[[569488.0,4669749.5],[569484.5,4669757.0]]},"properties":{"kind":"stream","name":null,"osmId":1353768929}},{"type":"Feature","geometry":{"type":"LineString","coordinates":[[569566.4,4669681.5],[569559.3,4669680.2]]},"properties":{"kind":"stream","name":null,"osmId":1353768930}},{"type":"Feature","geometry":{"type":"LineString","coordinates":[[569563.5,4669757.9],[569561.9,4669764.5]]},"properties":{"kind":"stream","name":null,"osmId":1353768931}},{"type":"Feature","geometry":{"type":"LineString","coordinates":[[569613.4,4669707.2],[569610.9,4669710.5],[569601.4,4669716.8]]},"properties":{"kind":"stream","name":null,"osmId":1353768932}},{"type":"Feature","geometry":{"type":"LineString","coordinates":[[568862.6,4669246.8],[568867.2,4669250.9],[568874.4,4669258.7],[568889.6,4669262.0],[568906.9,4669261.7],[568927.7,4669253.9],[568935.7,4669259.3],[568937.8,4669273.0],[568937.3,4669282.5],[568953.0,4669297.9],[568975.8,4669314.4],[568993.8,4669333.6],[569012.9,4669355.4],[569026.8,4669379.2],[569041.9,4669420.6],[569048.3,4669448.3],[569053.7,4669487.8],[569081.2,4669528.9],[569115.3,4669576.5],[569145.1,4669608.4],[569170.4,4669695.3],[569193.7,4669717.0],[569228.6,4669742.5],[569249.4,4669776.5],[569279.0,4669801.5],[569309.7,4669811.5],[569339.6,4669808.7],[569358.4,4669813.3],[569367.6,4669822.9],[569377.8,4669825.9]]},"properties":{"kind":"stream","name":null,"osmId":1353768933}},{"type":"Feature","geometry":{"type":"LineString","coordinates":[[568877.9,4669183.5],[568874.9,4669198.9]]},"properties":{"kind":"stream","name":null,"osmId":1353768934}},{"type":"Feature","geometry":{"type":"LineString","coordinates":[[568849.6,4668937.4],[568851.9,4668939.8],[568867.0,4668955.9],[568868.0,4668970.7],[568873.7,4668985.6],[568866.5,4669004.7],[568868.9,4669015.3],[568868.3,4669028.2],[568870.7,4669046.3],[568871.9,4669061.1],[568875.0,4669073.0],[568881.7,4669089.1]]},"properties":{"kind":"stream","name":null,"osmId":1353768935}},{"type":"Feature","geometry":{"type":"LineString","coordinates":[[569442.2,4669857.6],[569442.5,4669860.7],[569445.1,4669864.8],[569447.7,4669869.2],[569450.3,4669874.2],[569454.5,4669883.7],[569456.3,4669892.2],[569461.0,4669901.7],[569469.3,4669917.8],[569473.4,4669926.6],[569475.5,4669934.8],[569474.4,4669939.6],[569472.1,4669945.7],[569467.8,4669951.4],[569462.5,4669954.6],[569458.4,4669956.0],[569452.4,4669958.2],[569445.8,4669963.6],[569437.8,4669969.3],[569430.3,4669975.8],[569422.8,4669982.5],[569414.3,4669989.5],[569403.1,4670000.8],[569395.6,4670009.6],[569389.9,4670018.3],[569382.7,4670026.6],[569376.9,4670034.9],[569370.6,4670047.1],[569367.1,4670054.8],[569361.6,4670069.0],[569354.5,4670077.3],[569337.1,4670102.2],[569323.7,4670112.2],[569312.0,4670142.0],[569305.3,4670168.8],[569296.0,4670182.6],[569292.3,4670188.5],[569284.3,4670201.5],[569273.2,4670225.1],[569273.9,4670243.9],[569264.2,4670266.2],[569257.6,4670283.0],[569242.2,4670300.9],[569209.1,4670315.9],[569179.4,4670336.6],[569131.5,4670337.5],[569085.8,4670340.3],[569029.3,4670353.0],[569008.2,4670374.0],[569002.5,4670413.0],[568974.9,4670476.1],[568961.1,4670524.5],[568961.9,4670554.8]]},"properties":{"kind":"stream","name":null,"osmId":1353768936}},{"type":"Feature","geometry":{"type":"LineString","coordinates":[[571074.3,4663124.2],[571073.2,4663112.1],[571070.4,4663106.2],[571064.0,4663102.1],[571053.4,4663094.7],[571042.3,4663084.7],[571037.0,4663072.7],[571040.0,4663061.3],[571043.9,4663052.9],[571042.9,4663042.9],[571035.6,4663034.6],[571027.4,4663024.3],[571024.2,4663016.8],[571020.9,4663006.0],[571019.7,4662998.9],[571018.9,4662990.2],[571016.7,4662985.6],[571016.7,4662982.3],[571018.3,4662978.2],[571016.3,4662968.8],[571010.4,4662959.5],[571003.0,4662955.4],[570988.3,4662950.1],[570980.1,4662944.5],[570974.7,4662933.3],[570973.8,4662919.0],[570968.3,4662901.5],[570964.0,4662886.6],[570964.6,4662871.1],[570963.3,4662852.7],[570964.3,4662840.0],[570960.8,4662829.7],[570955.8,4662824.8],[570946.9,4662820.8],[570935.2,4662819.5],[570926.8,4662812.3],[570915.3,4662798.5],[570907.8,4662784.0],[570899.4,4662770.7],[570887.5,4662757.8],[570880.0,4662749.5],[570879.2,4662738.5],[570881.7,4662725.2],[570890.2,4662704.6],[570892.3,4662687.9],[570894.6,4662672.8],[570893.2,4662658.8],[570888.1,4662643.1],[570880.6,4662629.3],[570872.1,4662624.9],[570865.1,4662618.0],[570858.1,4662604.2],[570847.8,4662593.6],[570838.4,4662588.4],[570834.6,4662583.8],[570831.0,4662566.6],[570830.0,4662545.2],[570831.1,4662533.0],[570829.2,4662524.0],[570815.7,4662493.2],[570804.4,4662473.8],[570790.7,4662459.2],[570779.3,4662443.9],[570774.0,4662432.3],[570766.0,4662417.7],[570764.1,4662412.4],[570760.6,4662407.6],[570756.8,4662405.0],[570751.8,4662405.7],[570749.3,4662409.9],[570744.8,4662411.6],[570738.5,4662408.5],[570736.4,4662401.8],[570736.1,4662392.7],[570734.5,4662384.2],[570733.9,4662376.4],[570730.2,4662370.1],[570717.5,4662361.6],[570702.0,4662357.6],[570682.1,4662357.1],[570671.8,4662355.6],[570670.0,4662352.5],[570669.3,4662346.9],[570665.9,4662343.1],[570659.7,4662338.1],[570653.8,4662327.5],[570644.6,4662316.8],[570629.9,4662308.4],[570623.7,4662304.8],[570608.7,4662289.8],[570601.0,4662277.1],[570594.6,4662263.6],[570589.5,4662252.4],[570579.8,4662241.8],[570574.1,4662238.7],[570569.0,4662240.2],[570564.5,4662240.6],[570552.0,4662239.3],[570540.2,4662235.3],[570522.3,4662234.7],[570511.7,4662237.1],[570496.5,4662239.8],[570489.2,4662239.5],[570484.3,4662236.1],[570480.0,4662228.7],[570475.1,4662223.0],[570457.5,4662214.0],[570447.5,4662205.5],[570436.5,4662199.5],[570431.4,4662195.3],[570426.6,4662190.9],[570423.5,4662186.0],[570418.4,4662182.1],[570413.6,4662179.8],[570409.4,4662177.1],[570398.8,4662168.4],[570391.8,4662148.5],[570382.3,4662125.2],[570376.5,4662104.6],[570375.4,4662083.3],[570371.6,4662073.4],[570366.4,4662069.1],[570355.2,4662063.5],[570347.9,4662059.5],[570344.0,4662058.5],[570341.6,4662055.4],[570337.5,4662047.9],[570335.4,4662035.0],[570327.9,4662009.0],[570314.0,4661983.1],[570303.0,4661970.2],[570292.7,4661959.5],[570285.3,4661948.1],[570280.3,4661935.6],[570281.5,4661924.2],[570282.1,4661916.9],[570277.7,4661907.6],[570269.5,4661898.6],[570253.5,4661884.9],[570204.2,4661859.1],[570193.1,4661853.1],[570188.5,4661850.7],[570172.5,4661839.3],[570163.4,4661827.3],[570157.3,4661819.0],[570154.8,4661807.5],[570147.7,4661790.4],[570137.6,4661782.0],[570126.0,4661779.3],[570118.5,4661778.4],[570108.7,4661781.5],[570102.9,4661782.1],[570094.6,4661778.2],[570086.7,4661770.1],[570071.4,4661765.3],[570051.1,4661759.0],[570035.9,4661748.9],[570014.1,4661724.5],[570006.1,4661718.3],[569996.8,4661713.7],[569987.6,4661712.0],[569977.8,4661714.9],[569968.1,4661720.3],[569962.6,4661721.8],[569956.6,4661722.1],[569950.3,4661719.3],[569945.6,4661716.0],[569934.6,4661703.4],[569927.8,4661684.1],[569917.4,4661666.8],[569895.3,4661650.9],[569859.0,4661633.7],[569812.6,4661602.4],[569793.4,4661589.6],[569778.1,4661574.0],[569769.4,4661562.3],[569760.8,4661550.2],[569752.0,4661539.9],[569741.5,4661533.9],[569729.2,4661530.4],[569718.5,4661520.4],[569707.5,4661487.0],[569715.1,4661447.4],[569714.6,4661423.9],[569687.9,4661399.8],[569681.9,4661375.3],[569677.7,4661310.5],[569659.7,4661271.5],[569629.8,4661240.2],[569613.5,4661205.4],[569590.0,4661165.7],[569560.1,4661136.4],[569536.2,4661128.0],[569509.6,4661136.4],[569470.2,4661131.2],[569436.4,4661126.5],[569407.5,4661134.3],[569377.1,4661133.3],[569346.8,4661126.1],[569324.2,4661099.5],[569288.8,4661091.8],[569267.6,4661070.9],[569272.0,4661040.9],[569281.7,4661016.4],[569266.3,4660986.9],[569237.0,4660973.0],[569205.6,4660975.2],[569187.2,4660997.8],[569162.9,4661004.9],[569136.9,4660974.3],[569120.8,4660948.5],[569082.9,4660939.6],[569034.4,4660942.0]]},"properties":{"kind":"stream","name":null,"osmId":1354057690}},{"type":"Feature","geometry":{"type":"LineString","coordinates":[[571437.1,4663334.6],[571424.5,4663328.9],[571416.5,4663327.1],[571406.7,4663324.6],[571398.9,4663318.1],[571395.5,4663312.1],[571392.3,4663306.2],[571386.5,4663300.0],[571378.1,4663295.2],[571358.4,4663292.5],[571330.5,4663285.5],[571317.8,4663278.1],[571306.6,4663268.0],[571295.6,4663257.9],[571277.6,4663239.3],[571271.9,4663231.5],[571265.1,4663227.7],[571261.7,4663226.8],[571257.7,4663228.6],[571252.6,4663228.4],[571249.0,4663225.6],[571239.6,4663222.7],[571233.3,4663223.0],[571215.1,4663223.4],[571207.1,4663220.1],[571199.8,4663214.2],[571196.9,4663208.6],[571195.2,4663202.8],[571192.2,4663198.8],[571189.1,4663195.5],[571180.7,4663192.8],[571174.3,4663189.3],[571169.0,4663184.9],[571163.9,4663180.6],[571160.1,4663175.8],[571159.6,4663172.1],[571158.0,4663168.6],[571153.3,4663163.4],[571146.7,4663152.8],[571142.0,4663150.4],[571135.4,4663149.4],[571131.0,4663146.4],[571124.1,4663143.5],[571116.3,4663138.2],[571109.0,4663137.7],[571102.0,4663140.3],[571095.4,4663140.7],[571090.1,4663139.1],[571082.6,4663131.9],[571074.3,4663124.2]]},"properties":{"kind":"stream","name":null,"osmId":1354057691}},{"type":"Feature","geometry":{"type":"LineString","coordinates":[[570265.9,4663319.1],[570262.5,4663311.0],[570261.3,4663299.0],[570261.8,4663288.7],[570261.8,4663277.0],[570263.5,4663268.1],[570264.0,4663258.9],[570261.1,4663253.3],[570257.2,4663247.1],[570256.1,4663239.8],[570255.7,4663235.7],[570252.6,4663232.3],[570248.8,4663230.0],[570246.5,4663224.8],[570245.5,4663215.4],[570246.6,4663209.0],[570249.8,4663203.1],[570251.9,4663192.1],[570253.6,4663179.8],[570259.1,4663173.1],[570264.4,4663170.5],[570269.9,4663170.7],[570274.0,4663169.8],[570282.1,4663165.4],[570285.1,4663160.6],[570284.0,4663153.9],[570281.4,4663146.5],[570280.6,4663139.1],[570284.7,4663131.8],[570291.3,4663128.0],[570301.7,4663123.5],[570309.0,4663117.3],[570314.6,4663104.7],[570317.3,4663093.2],[570325.0,4663086.4],[570330.3,4663078.3],[570331.5,4663067.1],[570327.2,4663052.8],[570327.4,4663045.1],[570334.9,4663033.2],[570350.6,4663018.7],[570353.9,4663012.5],[570359.7,4663002.7],[570367.9,4662996.2],[570370.9,4662991.9],[570371.1,4662984.8],[570368.9,4662973.6],[570369.5,4662966.6],[570373.2,4662961.6],[570381.1,4662956.7],[570390.3,4662944.4],[570394.2,4662929.9],[570394.6,4662912.2],[570399.1,4662897.6],[570409.8,4662882.7],[570418.0,4662870.2],[570417.8,4662857.0],[570414.8,4662833.7],[570411.4,4662814.8],[570414.1,4662801.7],[570423.8,4662785.8],[570428.6,4662776.0],[570438.0,4662768.6],[570454.5,4662753.7],[570456.6,4662749.1],[570455.6,4662744.1],[570451.3,4662738.5],[570448.9,4662735.0],[570449.7,4662730.2],[570447.9,4662724.3],[570444.8,4662718.1],[570443.3,4662697.3],[570445.4,4662685.4],[570450.7,4662674.4],[570457.3,4662670.0],[570461.0,4662667.5],[570462.6,4662663.3],[570461.1,4662660.3],[570457.6,4662655.3],[570456.6,4662650.1],[570458.9,4662629.5],[570458.4,4662616.0],[570463.6,4662600.4],[570465.5,4662585.2],[570463.3,4662575.6],[570457.3,4662566.3],[570452.2,4662542.7],[570453.1,4662529.6],[570449.8,4662522.3],[570449.4,4662512.3],[570453.4,4662505.3],[570454.3,4662493.2],[570454.8,4662479.1],[570451.5,4662469.9],[570446.0,4662465.5],[570436.5,4662450.6],[570429.2,4662434.8],[570423.5,4662419.0],[570423.2,4662405.1],[570425.2,4662392.5],[570429.7,4662384.3],[570437.2,4662373.2],[570439.2,4662363.9],[570439.1,4662347.7],[570427.3,4662326.5],[570421.0,4662316.9],[570410.3,4662300.0],[570401.8,4662292.2],[570395.4,4662285.7],[570391.0,4662282.4],[570385.2,4662280.0],[570381.4,4662273.8],[570381.8,4662263.7],[570386.4,4662256.5],[570392.0,4662245.2],[570391.8,4662234.1],[570389.7,4662224.1],[570391.4,4662217.6],[570395.5,4662209.5],[570400.3,4662198.9],[570400.7,4662196.3],[570399.1,4662189.0],[570398.2,4662182.6],[570398.8,4662168.4]]},"properties":{"kind":"stream","name":null,"osmId":1354057692}},{"type":"Feature","geometry":{"type":"LineString","coordinates":[[569935.6,4664062.8],[569943.5,4664053.1],[569949.5,4664046.5],[569950.6,4664042.0],[569952.7,4664033.1],[569953.1,4664024.9],[569956.6,4664013.0],[569958.4,4664007.2],[569959.4,4664002.0],[569957.8,4663995.9],[569953.8,4663990.2],[569951.4,4663988.3],[569947.8,4663985.9],[569943.4,4663982.0],[569939.8,4663977.0],[569938.2,4663971.6],[569940.0,4663965.8],[569941.6,4663959.3],[569941.5,4663952.6],[569944.1,4663947.1],[569948.7,4663938.8],[569949.1,4663930.0],[569953.5,4663920.7],[569958.6,4663906.5],[569960.0,4663897.2],[569962.0,4663892.5],[569968.3,4663880.8],[569981.4,4663861.6],[569999.4,4663845.4],[570004.7,4663836.1],[570014.3,4663832.5],[570019.8,4663824.4],[570029.5,4663812.8],[570041.5,4663804.3],[570049.2,4663792.4],[570061.6,4663781.6],[570071.5,4663775.9],[570077.6,4663766.8],[570085.3,4663757.1],[570088.3,4663752.9],[570087.5,4663749.7],[570084.4,4663746.0],[570083.7,4663743.6],[570083.9,4663740.8]]},"properties":{"kind":"stream","name":null,"osmId":1354057693}},{"type":"Feature","geometry":{"type":"LineString","coordinates":[[570038.5,4663762.7],[570048.3,4663750.6],[570062.4,4663749.9],[570071.4,4663747.6],[570076.3,4663745.5],[570083.9,4663740.8],[570088.2,4663736.8],[570090.8,4663731.2],[570091.3,4663724.1],[570091.7,4663717.1],[570096.7,4663711.8],[570100.3,4663709.9],[570101.0,4663705.7],[570099.4,4663702.3],[570101.0,4663698.0],[570104.0,4663686.5],[570108.2,4663678.3],[570111.6,4663671.1],[570113.9,4663660.2],[570114.6,4663649.2],[570112.1,4663640.5],[570115.2,4663631.6],[570120.2,4663619.7],[570124.0,4663611.8],[570125.4,4663598.3],[570127.6,4663592.4],[570133.0,4663587.1],[570135.6,4663577.6],[570136.6,4663568.4],[570138.8,4663560.3],[570144.5,4663554.4],[570148.3,4663547.3],[570151.9,4663538.5],[570158.3,4663530.7],[570160.8,4663522.0],[570168.2,4663513.5],[570182.1,4663506.7],[570187.6,4663503.7],[570191.9,4663499.3],[570198.6,4663491.1],[570207.2,4663477.3],[570209.9,4663466.9],[570212.9,4663459.4],[570221.8,4663450.4],[570234.5,4663434.8],[570240.1,4663423.8],[570243.2,4663414.4],[570243.4,4663404.8],[570242.5,4663394.7],[570240.4,4663390.9],[570239.4,4663388.6],[570240.3,4663386.4],[570242.8,4663383.1],[570244.9,4663380.9],[570249.4,4663377.8],[570251.6,4663374.2],[570252.0,4663369.8],[570255.5,4663366.3],[570257.4,4663361.4],[570256.7,4663351.0],[570255.8,4663342.3],[570255.6,4663333.8],[570258.2,4663329.4],[570262.4,4663322.7],[570265.9,4663319.1]]},"properties":{"kind":"stream","name":null,"osmId":1354057694}},{"type":"Feature","geometry":{"type":"LineString","coordinates":[[571450.6,4662368.3],[571447.0,4662369.1],[571443.1,4662370.3],[571437.4,4662369.4],[571424.5,4662371.3],[571405.5,4662370.9],[571400.6,4662369.0],[571395.8,4662366.0],[571389.2,4662364.5],[571380.7,4662365.2],[571374.5,4662366.7],[571368.3,4662366.5],[571363.4,4662365.4],[571357.9,4662365.4],[571344.2,4662365.3],[571332.4,4662364.3],[571325.0,4662364.8],[571319.6,4662364.0],[571306.1,4662355.7],[571301.0,4662351.9],[571299.0,4662350.4],[571295.1,4662349.0],[571285.9,4662348.6],[571277.4,4662349.5],[571270.5,4662351.5],[571265.7,4662355.0],[571262.8,4662359.1],[571246.4,4662370.4],[571241.1,4662375.0],[571235.4,4662379.4],[571229.9,4662385.5],[571227.0,4662386.2],[571219.5,4662385.7],[571209.9,4662386.0],[571197.1,4662387.0],[571176.2,4662393.5],[571161.3,4662397.7],[571139.4,4662407.2],[571119.7,4662413.0],[571112.1,4662415.8],[571106.9,4662419.4],[571102.9,4662422.2],[571091.6,4662424.7],[571074.6,4662427.9],[571059.5,4662436.7],[571052.9,4662446.4],[571047.8,4662446.4],[571042.9,4662445.7],[571031.4,4662441.6],[571019.3,4662439.1],[571009.3,4662438.5],[570997.8,4662435.7],[570991.9,4662432.1],[570986.4,4662431.0],[570979.9,4662434.2],[570973.5,4662434.7],[570966.5,4662431.8],[570961.1,4662431.7],[570955.5,4662433.3],[570949.6,4662432.4],[570945.9,4662430.3],[570942.9,4662425.9],[570939.8,4662423.2],[570936.1,4662422.7],[570928.2,4662426.0],[570926.0,4662430.1],[570921.3,4662433.3],[570912.4,4662432.8],[570905.5,4662432.1],[570898.4,4662432.1],[570895.2,4662432.2],[570891.0,4662432.0],[570887.1,4662432.8],[570883.4,4662432.7],[570880.0,4662432.6],[570876.6,4662431.6],[570873.6,4662429.2],[570871.8,4662427.0],[570869.0,4662426.6],[570866.0,4662427.1],[570861.2,4662429.4],[570860.1,4662429.4],[570858.6,4662428.6],[570857.8,4662426.7],[570854.6,4662423.4],[570847.7,4662421.1],[570840.7,4662420.9],[570835.3,4662423.3],[570822.5,4662427.7],[570816.6,4662427.5],[570809.0,4662425.0],[570805.5,4662421.3],[570801.7,4662419.6],[570798.1,4662419.7],[570795.7,4662425.8],[570794.4,4662429.2],[570790.9,4662431.5],[570785.8,4662432.6],[570774.0,4662432.3]]},"properties":{"kind":"stream","name":null,"osmId":1354057695}},{"type":"Feature","geometry":{"type":"LineString","coordinates":[[571324.8,4662525.7],[571321.2,4662516.7],[571313.5,4662509.8],[571305.6,4662508.6],[571295.5,4662510.5],[571286.9,4662518.1],[571279.2,4662522.8],[571274.6,4662525.3],[571271.5,4662529.3],[571267.1,4662531.9],[571256.8,4662532.3],[571247.3,4662533.7],[571239.2,4662536.5],[571231.9,4662534.5],[571222.1,4662537.6],[571215.1,4662541.1],[571210.7,4662545.1],[571203.7,4662548.8],[571199.8,4662550.7],[571193.4,4662551.9],[571184.3,4662550.9],[571178.7,4662551.7],[571176.0,4662554.5],[571172.2,4662557.3],[571166.9,4662558.9],[571163.5,4662565.9],[571157.4,4662573.3],[571146.3,4662577.4],[571136.0,4662581.4],[571118.9,4662583.9],[571101.8,4662586.3],[571085.7,4662586.1],[571075.9,4662584.9],[571070.4,4662587.6],[571066.5,4662589.7],[571063.3,4662591.5],[571059.5,4662591.3],[571056.1,4662587.4],[571049.5,4662587.4],[571043.6,4662590.6],[571039.4,4662591.7],[571034.6,4662598.6],[571030.2,4662601.5],[571020.2,4662603.1],[571017.1,4662605.5],[571014.1,4662606.3],[571008.9,4662606.4],[571006.4,4662606.8],[571001.0,4662604.0],[570996.0,4662602.3],[570991.2,4662601.2],[570987.1,4662602.9],[570981.3,4662608.3],[570976.9,4662615.4],[570971.0,4662618.0],[570968.4,4662622.9],[570966.2,4662624.1],[570963.9,4662624.4],[570960.0,4662624.5],[570952.8,4662623.3],[570943.7,4662625.0],[570938.4,4662626.4],[570934.3,4662629.5],[570931.2,4662630.1],[570923.6,4662630.8],[570911.0,4662632.8],[570907.1,4662633.2],[570903.5,4662632.5],[570898.3,4662630.5],[570880.6,4662629.3]]},"properties":{"kind":"stream","name":null,"osmId":1354057696}},{"type":"Feature","geometry":{"type":"LineString","coordinates":[[571434.5,4663124.3],[571420.8,4663120.6],[571412.6,4663121.1],[571406.6,4663122.4],[571402.0,4663124.7],[571394.8,4663123.1],[571390.1,4663119.5],[571381.3,4663118.1],[571371.8,4663118.7],[571361.3,4663116.5],[571343.0,4663119.0],[571301.5,4663134.9],[571288.3,4663136.9],[571274.3,4663139.4],[571248.9,4663140.1],[571196.5,4663145.1],[571180.9,4663146.2],[571168.8,4663150.8],[571146.7,4663152.8]]},"properties":{"kind":"stream","name":null,"osmId":1354057697}},{"type":"Feature","geometry":{"type":"LineString","coordinates":[[571733.0,4663337.0],[571649.7,4663325.1],[571578.9,4663320.7],[571542.5,4663331.5],[571496.3,4663336.3],[571437.1,4663334.6]]},"properties":{"kind":"stream","name":null,"osmId":1354057698}},{"type":"Feature","geometry":{"type":"LineString","coordinates":[[569797.7,4662397.2],[569812.5,4662388.1],[569818.3,4662381.3],[569821.3,4662373.8],[569817.8,4662363.4],[569815.7,4662351.8],[569817.1,4662325.2],[569816.1,4662312.8],[569817.3,4662300.0],[569819.9,4662287.4],[569820.7,4662284.1],[569823.9,4662271.1],[569831.6,4662254.3],[569845.7,4662228.2],[569859.4,4662216.6],[569866.3,4662211.4],[569869.9,4662198.4],[569874.8,4662186.4],[569883.9,4662174.6],[569902.7,4662164.3],[569918.1,4662157.8],[569935.6,4662141.2],[569947.7,4662136.4],[569953.8,4662133.0],[569965.3,4662130.8],[569971.7,4662134.3],[569976.2,4662135.2],[569980.9,4662133.0],[569982.7,4662128.6],[570000.8,4662118.4],[570011.4,4662114.3],[570048.1,4662105.1],[570062.8,4662103.2],[570068.5,4662100.0],[570075.0,4662096.8],[570080.4,4662090.8],[570083.2,4662084.8],[570086.7,4662082.5],[570092.3,4662083.2],[570097.6,4662085.3],[570102.8,4662086.1],[570109.5,4662084.1],[570118.4,4662080.2],[570131.9,4662070.0],[570141.2,4662059.0],[570145.9,4662047.7],[570149.1,4662043.8],[570155.5,4662041.0],[570159.9,4662038.8],[570163.6,4662034.4],[570170.2,4662029.8],[570177.9,4662030.0],[570184.4,4662029.8],[570188.1,4662028.1],[570194.3,4662023.8],[570200.0,4662018.1],[570204.1,4662012.9],[570209.4,4662000.2],[570214.5,4661995.9],[570217.8,4661994.0],[570222.6,4661993.6],[570228.3,4661991.1],[570231.7,4661987.2],[570231.3,4661980.9],[570231.7,4661972.7],[570231.0,4661962.4],[570232.0,4661957.4],[570232.1,4661953.0],[570231.7,4661947.4],[570233.0,4661942.8],[570234.6,4661939.9],[570233.8,4661936.1],[570231.5,4661933.5],[570230.5,4661930.7],[570228.6,4661926.8],[570224.8,4661926.1],[570222.2,4661923.4],[570220.4,4661919.2],[570219.4,4661915.9],[570216.2,4661910.7],[570214.6,4661907.3],[570213.6,4661900.2],[570212.6,4661891.4],[570213.0,4661884.9],[570212.5,4661880.3],[570212.2,4661878.2],[570209.0,4661876.4],[570203.7,4661872.7],[570199.4,4661867.5],[570196.7,4661860.8],[570194.0,4661856.9],[570193.1,4661853.1]]},"properties":{"kind":"stream","name":null,"osmId":1354095157}},{"type":"Feature","geometry":{"type":"LineString","coordinates":[[568149.8,4662355.2],[568176.6,4662349.8],[568199.8,4662341.2],[568208.6,4662339.1],[568219.0,4662340.7],[568231.1,4662334.7],[568256.2,4662323.0],[568289.7,4662308.5],[568316.3,4662295.0],[568360.2,4662274.1],[568395.6,4662247.3],[568412.1,4662233.2],[568426.8,4662214.2],[568438.8,4662200.2],[568448.3,4662190.3],[568453.4,4662181.9],[568455.8,4662169.8],[568457.5,4662156.8],[568466.9,4662145.8],[568474.1,4662130.1]]},"properties":{"kind":"stream","name":null,"osmId":1354095158}},{"type":"Feature","geometry":{"type":"LineString","coordinates":[[568471.3,4663172.1],[568492.7,4663163.9],[568508.3,4663160.1],[568515.4,4663159.2],[568527.3,4663157.4],[568543.2,4663157.4],[568565.5,4663167.0],[568574.1,4663166.1],[568583.9,4663164.2],[568610.1,4663162.8],[568644.3,4663144.0],[568658.1,4663132.7],[568666.3,4663123.2],[568678.2,4663112.7],[568690.0,4663104.2],[568702.1,4663082.0],[568704.7,4663074.8],[568705.4,4663071.4],[568710.6,4663063.3],[568719.8,4663053.9],[568723.9,4663049.0],[568727.9,4663044.7],[568729.4,4663039.7],[568729.1,4663031.5],[568730.2,4663024.0],[568736.6,4663012.2]]},"properties":{"kind":"stream","name":null,"osmId":1354095159}},{"type":"Feature","geometry":{"type":"LineString","coordinates":[[568498.4,4663629.1],[568504.0,4663623.1],[568507.9,4663613.9],[568518.2,4663601.4],[568527.6,4663593.0],[568530.8,4663590.2],[568537.8,4663586.6],[568545.5,4663576.9],[568565.0,4663569.0],[568579.4,4663559.6],[568601.5,4663543.2],[568615.7,4663531.2],[568631.0,4663523.8],[568639.0,4663515.9],[568646.8,4663507.0],[568662.6,4663488.3],[568682.3,4663483.7],[568694.9,4663478.3],[568703.5,4663470.9],[568710.7,4663461.4],[568719.5,4663447.7],[568724.7,4663441.3],[568729.7,4663431.6],[568737.7,4663409.7],[568741.4,4663397.7],[568748.7,4663386.9],[568760.5,4663381.9],[568765.2,4663379.9],[568769.8,4663374.6],[568777.6,4663365.4],[568781.1,4663354.8],[568789.8,4663349.0],[568793.0,4663344.2],[568792.5,4663336.1],[568792.1,4663327.2],[568796.2,4663315.5]]},"properties":{"kind":"stream","name":null,"osmId":1354095160}},{"type":"Feature","geometry":{"type":"LineString","coordinates":[[568811.9,4663920.8],[568810.4,4663912.5],[568808.3,4663907.6],[568806.6,4663900.3],[568806.0,4663892.8],[568803.1,4663884.5],[568804.2,4663877.9],[568803.5,4663871.9],[568798.8,4663864.0],[568794.0,4663857.6],[568793.7,4663850.1],[568794.9,4663840.9],[568800.8,4663829.9],[568804.0,4663818.2],[568804.7,4663810.7],[568807.8,4663803.4],[568809.3,4663797.3],[568808.5,4663789.0],[568812.2,4663774.2],[568812.3,4663767.8],[568810.1,4663759.3],[568811.4,4663751.4],[568815.2,4663741.5],[568816.2,4663730.0],[568816.8,4663722.9],[568816.1,4663717.8],[568816.0,4663711.2],[568816.3,4663702.6],[568816.1,4663688.9],[568815.7,4663684.0],[568818.0,4663680.6],[568820.3,4663674.0],[568823.6,4663669.1],[568829.0,4663665.7],[568832.9,4663659.8],[568836.3,4663658.7],[568839.2,4663656.2],[568844.4,4663656.2],[568849.0,4663657.0],[568853.6,4663656.0],[568859.6,4663649.7],[568865.3,4663644.8],[568869.7,4663635.9],[568870.5,4663629.6],[568871.6,4663625.3]]},"properties":{"kind":"stream","name":null,"osmId":1354095161}},{"type":"Feature","geometry":{"type":"LineString","coordinates":[[568496.4,4664662.4],[568509.7,4664652.5],[568521.0,4664641.0],[568526.9,4664632.3],[568533.3,4664624.1],[568539.1,4664613.2],[568543.2,4664608.6],[568550.0,4664605.1],[568553.1,4664604.6],[568556.1,4664603.0],[568560.7,4664593.5],[568566.9,4664589.3],[568570.2,4664585.0],[568572.9,4664578.6],[568579.4,4664574.3],[568582.9,4664570.8],[568585.5,4664566.7],[568589.8,4664562.7],[568602.3,4664557.3],[568612.7,4664552.1],[568617.1,4664517.0],[568623.0,4664499.8],[568630.4,4664484.2],[568632.4,4664475.8],[568640.8,4664468.7],[568651.9,4664458.3],[568671.6,4664440.6],[568689.4,4664431.2],[568706.6,4664419.4],[568714.3,4664409.1],[568726.6,4664399.1],[568736.5,4664385.1],[568744.4,4664373.0],[568751.9,4664361.6],[568762.5,4664352.7],[568773.8,4664345.0],[568781.1,4664337.9],[568784.7,4664334.8],[568788.8,4664324.6],[568793.4,4664320.9],[568795.3,4664314.3],[568805.7,4664267.9],[568817.9,4664238.6],[568830.3,4664227.2],[568842.7,4664203.7],[568852.8,4664194.2],[568858.9,4664182.7],[568866.0,4664175.4],[568872.5,4664165.1],[568877.7,4664159.6],[568880.8,4664153.8],[568884.9,4664149.9],[568887.8,4664145.3],[568887.5,4664140.2],[568884.2,4664134.2],[568882.5,4664130.8],[568885.0,4664124.7],[568888.2,4664116.1],[568888.7,4664109.3],[568886.4,4664103.1],[568884.2,4664097.1],[568885.1,4664092.9],[568889.1,4664083.8],[568892.2,4664072.9],[568888.7,4664060.2],[568890.0,4664054.3],[568895.6,4664047.7],[568905.2,4664047.0],[568913.4,4664044.2],[568917.6,4664042.0],[568921.9,4664038.4],[568926.4,4664028.8]]},"properties":{"kind":"stream","name":null,"osmId":1354095162}},{"type":"Feature","geometry":{"type":"LineString","coordinates":[[568543.1,4664440.2],[568560.3,4664434.9],[568573.4,4664430.9],[568594.0,4664417.5],[568613.8,4664404.8],[568628.5,4664389.4],[568643.3,4664373.1],[568648.7,4664363.7],[568656.6,4664355.8],[568673.2,4664351.3],[568685.8,4664346.0],[568704.2,4664339.6],[568730.7,4664338.9],[568739.4,4664339.9],[568746.7,4664338.3],[568752.1,4664336.8],[568759.2,4664338.4],[568765.6,4664341.7],[568773.2,4664340.7],[568781.1,4664337.9]]},"properties":{"kind":"stream","name":null,"osmId":1354095163}},{"type":"Feature","geometry":{"type":"LineString","coordinates":[[569119.6,4664387.0],[569114.6,4664383.9],[569108.2,4664382.1],[569105.7,4664378.8],[569104.2,4664371.9],[569103.0,4664365.8],[569097.5,4664359.8],[569092.4,4664355.6],[569082.8,4664352.2],[569068.6,4664350.1],[569056.6,4664346.4],[569050.1,4664341.6],[569045.3,4664336.5],[569032.5,4664329.8],[569023.5,4664327.2],[569017.9,4664324.3],[569008.1,4664319.5],[568996.8,4664307.7],[568987.4,4664296.1],[568984.0,4664287.9],[568980.5,4664280.9]]},"properties":{"kind":"stream","name":null,"osmId":1354095164}},{"type":"Feature","geometry":{"type":"LineString","coordinates":[[567531.8,4665534.3],[567512.4,4665530.8],[567480.1,4665509.0],[567442.1,4665499.8],[567430.1,4665483.2],[567383.6,4665462.0],[567356.5,4665451.9],[567312.4,4665425.3],[567304.9,4665407.2],[567290.8,4665395.0],[567265.9,4665382.4],[567256.1,4665349.9],[567217.4,4665301.5],[567203.2,4665275.8],[567201.6,4665237.2],[567199.3,4665209.6],[567193.6,4665182.7],[567197.9,4665161.6],[567179.3,4665134.3],[567186.3,4665111.7],[567178.7,4665065.8],[567168.8,4665037.3],[567175.1,4665006.6],[567162.1,4664985.8],[567160.7,4664940.9],[567161.3,4664907.2],[567150.4,4664879.5],[567151.1,4664856.3],[567124.7,4664818.5],[567121.6,4664802.3],[567126.7,4664756.6],[567122.2,4664745.8],[567111.1,4664741.2],[567102.3,4664728.5],[567101.1,4664693.7],[567088.2,4664676.6],[567089.1,4664656.6],[567077.3,4664637.3],[567081.9,4664614.1],[567070.7,4664597.1],[567062.0,4664572.0],[567070.5,4664544.2],[567052.1,4664513.0],[567044.4,4664483.9],[567024.2,4664466.5],[567021.3,4664453.4],[567021.5,4664433.9],[567013.7,4664426.2],[567008.1,4664412.0],[566995.9,4664401.1],[566997.3,4664380.9],[566990.3,4664365.9],[566993.7,4664341.1],[567007.6,4664329.5],[567011.4,4664308.8],[566998.5,4664287.2],[566992.4,4664270.6],[566998.3,4664252.3],[567005.6,4664242.6],[567001.0,4664228.1],[566974.6,4664201.1],[566970.9,4664187.5],[566978.7,4664171.2],[566983.6,4664146.2]]},"properties":{"kind":"stream","name":null,"osmId":1354095165}},{"type":"Feature","geometry":{"type":"LineString","coordinates":[[567458.0,4663816.5],[567456.8,4663878.3],[567450.2,4663927.3],[567437.4,4663996.8],[567425.9,4664051.8],[567399.5,4664080.0],[567358.0,4664099.6],[567312.8,4664121.0],[567219.5,4664150.3],[567144.4,4664167.0]]},"properties":{"kind":"stream","name":null,"osmId":1354095166}},{"type":"Feature","geometry":{"type":"LineString","coordinates":[[566401.0,4664262.9],[566396.4,4664196.2],[566386.6,4664152.0],[566406.5,4664108.1],[566418.3,4664057.9],[566426.8,4663983.2],[566442.4,4663957.2],[566444.0,4663897.2],[566430.6,4663849.3],[566385.1,4663816.6],[566340.5,4663799.3],[566290.0,4663799.3],[566256.5,4663802.1],[566223.1,4663804.3],[566181.5,4663784.4],[566145.9,4663783.0]]},"properties":{"kind":"stream","name":null,"osmId":1354095167}},{"type":"Feature","geometry":{"type":"LineString","coordinates":[[566243.0,4663149.1],[566268.2,4663210.9],[566298.5,4663277.0],[566323.9,4663321.6],[566338.4,4663386.1],[566344.0,4663444.3],[566342.0,4663457.9],[566344.3,4663486.2],[566331.6,4663505.6],[566316.7,4663515.7],[566284.1,4663575.7],[566258.4,4663637.3],[566248.9,4663669.2],[566228.2,4663707.2],[566222.9,4663724.6]]},"properties":{"kind":"stream","name":null,"osmId":1354095168}},{"type":"Feature","geometry":{"type":"LineString","coordinates":[[567230.3,4666421.7],[567221.9,4666385.8],[567221.2,4666350.9],[567215.9,4666312.9],[567201.3,4666276.4],[567187.2,4666243.9],[567176.6,4666213.8]]},"properties":{"kind":"stream","name":null,"osmId":1354095169}},{"type":"Feature","geometry":{"type":"LineString","coordinates":[[567539.9,4667483.9],[567578.5,4667485.8],[567601.0,4667491.2],[567616.9,4667500.0],[567639.6,4667498.2],[567677.2,4667487.3],[567722.6,4667478.5],[567767.4,4667483.2]]},"properties":{"kind":"stream","name":null,"osmId":1354095170}},{"type":"Feature","geometry":{"type":"LineString","coordinates":[[567579.3,4667823.6],[567622.0,4667824.5],[567665.7,4667834.7],[567710.8,4667843.8],[567741.5,4667845.5]]},"properties":{"kind":"stream","name":null,"osmId":1354095171}},{"type":"Feature","geometry":{"type":"LineString","coordinates":[[567154.3,4669340.7],[567181.9,4669347.6],[567199.4,4669370.2],[567229.4,4669394.7],[567244.2,4669427.2],[567253.8,4669461.4],[567286.1,4669515.4],[567307.7,4669530.7],[567333.1,4669538.6],[567351.4,4669552.0],[567362.7,4669563.2],[567377.7,4669573.9],[567386.1,4669581.7],[567392.2,4669606.1],[567413.3,4669634.5],[567425.6,4669656.0],[567450.9,4669672.4],[567467.7,4669694.6],[567476.3,4669718.9],[567487.4,4669755.7],[567510.6,4669792.0],[567535.3,4669836.3],[567559.3,4669871.4],[567594.5,4669887.2],[567614.3,4669895.1],[567631.6,4669937.9],[567640.1,4669977.3],[567659.2,4670023.7],[567699.5,4670047.6],[567764.7,4670057.1],[567801.4,4670074.3]]},"properties":{"kind":"stream","name":null,"osmId":1354095172}},{"type":"Feature","geometry":{"type":"LineString","coordinates":[[567956.3,4669705.4],[567967.7,4669724.2],[567986.9,4669762.8],[567991.7,4669790.5],[567982.4,4669809.6],[567960.0,4669853.1],[567944.8,4669875.2],[567937.3,4669905.3],[567933.2,4669942.3],[567933.7,4669986.6],[567941.4,4670017.5],[567939.6,4670044.5],[567935.7,4670073.9],[567945.1,4670100.5],[567941.1,4670141.3],[567930.2,4670162.8],[567918.5,4670187.4],[567897.2,4670222.0]]},"properties":{"kind":"stream","name":null,"osmId":1354095173}},{"type":"Feature","geometry":{"type":"LineString","coordinates":[[568245.5,4670614.8],[568274.4,4670641.1],[568281.3,4670678.7],[568312.5,4670717.7],[568325.8,4670732.4],[568344.2,4670774.3],[568350.5,4670808.3],[568369.0,4670842.9],[568380.1,4670889.0],[568401.0,4670922.5],[568429.5,4670935.5],[568447.0,4670944.1],[568462.4,4670980.6],[568494.2,4671005.2]]},"properties":{"kind":"stream","name":null,"osmId":1354095174}},{"type":"Feature","geometry":{"type":"LineString","coordinates":[[568383.1,4669725.2],[568423.2,4669734.8],[568464.2,4669726.8],[568521.7,4669728.0],[568556.4,4669765.9],[568558.0,4669787.2],[568607.6,4669805.7],[568645.6,4669806.0],[568669.7,4669823.9],[568693.5,4669841.4],[568728.8,4669894.6],[568750.3,4669923.9],[568799.0,4669950.4],[568825.4,4669973.8],[568864.7,4669986.7],[568903.3,4670031.2],[568935.2,4670052.8],[568993.9,4670043.8],[569026.7,4670051.9],[569093.2,4670070.9],[569161.1,4670066.8],[569209.9,4670055.9],[569248.8,4670069.5],[569279.8,4670107.2],[569281.3,4670138.8],[569284.8,4670160.2],[569292.3,4670188.5]]},"properties":{"kind":"stream","name":null,"osmId":1354095175}},{"type":"Feature","geometry":{"type":"LineString","coordinates":[[567240.7,4670518.5],[567233.3,4670528.0],[567231.5,4670548.2],[567231.3,4670563.5],[567217.0,4670576.7],[567210.6,4670579.6],[567192.8,4670584.3],[567179.3,4670584.7],[567171.5,4670593.8],[567168.3,4670611.2],[567165.3,4670628.9],[567174.0,4670639.7],[567172.3,4670654.4],[567165.1,4670661.4],[567163.8,4670674.0],[567154.2,4670680.5],[567142.2,4670683.6],[567139.6,4670691.7],[567136.8,4670706.1],[567124.7,4670721.5],[567120.2,4670726.7],[567117.8,4670729.4]]},"properties":{"kind":"stream","name":null,"osmId":1354095176}},{"type":"Feature","geometry":{"type":"LineString","coordinates":[[567401.8,4670086.6],[567390.1,4670107.7],[567380.8,4670129.7],[567362.7,4670158.4],[567341.1,4670182.4],[567326.5,4670202.7],[567314.4,4670221.3],[567306.7,4670242.2],[567308.5,4670260.5],[567312.2,4670291.9],[567317.7,4670307.7],[567314.1,4670322.0],[567312.0,4670338.2],[567312.2,4670353.7],[567303.5,4670366.3],[567296.1,4670378.4],[567284.2,4670385.8],[567274.6,4670386.8],[567260.5,4670395.1],[567253.9,4670413.2],[567252.8,4670425.0],[567247.9,4670440.3],[567248.8,4670448.7],[567248.4,4670461.0],[567251.7,4670466.3],[567253.5,4670476.1],[567253.9,4670487.2],[567253.4,4670491.8],[567250.8,4670497.6],[567248.2,4670503.6],[567248.8,4670508.2],[567247.5,4670509.9]]},"properties":{"kind":"stream","name":null,"osmId":1354095177}},{"type":"Feature","geometry":{"type":"LineString","coordinates":[[567247.5,4670509.9],[567240.7,4670518.5]]},"properties":{"kind":"stream","name":null,"osmId":1354095178}},{"type":"Feature","geometry":{"type":"LineString","coordinates":[[567110.4,4670737.6],[567109.3,4670739.0],[567098.3,4670754.2],[567089.7,4670760.6],[567083.4,4670757.5],[567074.2,4670763.3],[567065.4,4670774.2],[567057.9,4670778.0],[567049.8,4670779.2],[567045.7,4670781.6],[567032.1,4670787.5],[567017.0,4670796.0],[567012.3,4670801.3],[566992.4,4670805.3],[566979.1,4670804.0],[566963.9,4670809.9],[566959.0,4670810.7],[566931.9,4670817.2]]},"properties":{"kind":"stream","name":null,"osmId":1354095179}},{"type":"Feature","geometry":{"type":"LineString","coordinates":[[567117.8,4670729.4],[567110.4,4670737.6]]},"properties":{"kind":"stream","name":null,"osmId":1354095180}},{"type":"Feature","geometry":{"type":"LineString","coordinates":[[567119.1,4670675.4],[567122.9,4670684.2],[567130.8,4670687.5],[567139.6,4670691.7]]},"properties":{"kind":"stream","name":null,"osmId":1354095181}},{"type":"Feature","geometry":{"type":"LineString","coordinates":[[564852.5,4670303.9],[564876.9,4670317.6],[564902.6,4670331.1],[564923.7,4670338.4],[564944.4,4670338.0],[564968.2,4670351.8],[564991.6,4670370.8]]},"properties":{"kind":"stream","name":null,"osmId":1354095182}},{"type":"Feature","geometry":{"type":"LineString","coordinates":[[564544.8,4672003.8],[564565.2,4672002.2],[564586.3,4671994.5],[564604.7,4671986.9],[564624.2,4671986.6],[564635.1,4671993.9],[564643.7,4672010.5],[564653.0,4672024.4],[564671.0,4672034.3],[564676.0,4672045.4],[564678.7,4672050.9],[564684.8,4672063.6],[564695.1,4672071.7],[564702.6,4672068.6],[564708.7,4672065.4],[564712.2,4672059.7],[564718.9,4672055.0],[564729.7,4672053.3],[564749.1,4672050.9],[564772.7,4672055.4]]},"properties":{"kind":"stream","name":null,"osmId":1354095183}},{"type":"Feature","geometry":{"type":"LineString","coordinates":[[562849.4,4672298.7],[562820.5,4672336.6],[562772.7,4672380.9],[562725.3,4672426.1],[562669.3,4672472.2],[562638.4,4672494.6],[562615.5,4672511.1],[562562.8,4672531.1],[562542.3,4672553.1],[562535.6,4672563.8],[562520.6,4672572.3],[562508.5,4672578.8],[562495.8,4672588.3],[562485.2,4672599.4],[562480.8,4672604.4],[562477.2,4672611.6]]},"properties":{"kind":"stream","name":null,"osmId":1354095184}},{"type":"Feature","geometry":{"type":"LineString","coordinates":[[562464.8,4672631.6],[562457.4,4672640.5],[562446.6,4672652.6],[562441.8,4672660.5],[562445.2,4672670.0],[562448.3,4672683.6]]},"properties":{"kind":"stream","name":null,"osmId":1354095185}},{"type":"Feature","geometry":{"type":"LineString","coordinates":[[562477.2,4672611.6],[562464.8,4672631.6]]},"properties":{"kind":"stream","name":null,"osmId":1354095186}},{"type":"Feature","geometry":{"type":"LineString","coordinates":[[560802.0,4672756.9],[560818.7,4672786.7],[560841.6,4672836.9],[560860.1,4672874.2],[560886.7,4672912.0],[560909.6,4672939.4],[560925.9,4672959.2],[560942.1,4672986.3],[560939.6,4673015.4],[560934.4,4673047.4],[560950.3,4673078.0],[560961.1,4673110.1],[560963.6,4673145.7],[560974.9,4673184.2],[560976.6,4673222.1],[560983.4,4673264.7],[560984.1,4673304.7],[560998.1,4673349.3],[561000.8,4673366.0],[560990.8,4673417.9],[560973.2,4673467.7],[560969.9,4673520.9],[560978.2,4673565.0],[560993.1,4673604.8],[561014.4,4673636.3],[561032.2,4673657.2],[561036.6,4673684.9],[561033.7,4673720.4],[561039.3,4673760.7],[561056.7,4673793.3],[561061.3,4673820.8],[561070.1,4673847.5],[561074.1,4673887.2],[561080.8,4673917.2],[561091.6,4673949.1],[561111.6,4673983.8],[561129.4,4674032.1],[561147.7,4674088.1],[561181.0,4674128.3],[561209.4,4674140.8],[561232.2,4674176.6],[561249.5,4674199.3],[561268.5,4674237.6],[561292.9,4674296.7],[561311.0,4674333.7],[561309.4,4674373.2],[561301.9,4674410.2],[561307.4,4674426.1],[561296.8,4674465.5],[561291.5,4674485.1],[561296.7,4674502.6],[561309.1,4674523.4],[561307.5,4674538.8],[561296.0,4674556.9],[561300.2,4674573.3],[561314.0,4674587.2],[561329.1,4674601.1],[561328.5,4674615.3],[561322.5,4674624.2],[561314.8,4674636.6],[561306.4,4674649.8],[561306.5,4674664.1],[561308.9,4674680.1],[561309.7,4674692.9],[561304.1,4674706.3],[561301.2,4674714.7],[561299.3,4674726.4],[561300.5,4674740.2],[561302.7,4674757.1],[561307.7,4674777.1],[561307.2,4674795.7]]},"properties":{"kind":"stream","name":null,"osmId":1354095187}},{"type":"Feature","geometry":{"type":"LineString","coordinates":[[565341.8,4668121.7],[565401.4,4668061.7],[565429.4,4668045.7],[565432.2,4668005.9],[565460.3,4667962.0],[565498.0,4667942.1],[565545.9,4667919.8],[565607.4,4667863.7],[565630.3,4667847.0],[565660.2,4667832.0],[565690.8,4667830.9],[565752.1,4667816.9]]},"properties":{"kind":"stream","name":null,"osmId":1357084465}},{"type":"Feature","geometry":{"type":"LineString","coordinates":[[566294.2,4668982.6],[566286.7,4668950.5],[566228.3,4668842.2],[566228.2,4668811.2],[566235.1,4668797.3],[566211.0,4668693.0],[566193.0,4668686.7],[566172.8,4668645.9],[566121.8,4668561.0],[566090.3,4668515.4],[566065.9,4668458.4],[566049.6,4668380.1],[566047.1,4668348.3],[566040.4,4668317.1],[566033.5,4668313.2],[566025.5,4668251.5],[566021.7,4668193.8],[566015.3,4668180.4],[566011.3,4668180.7],[566008.7,4668164.0],[566016.1,4668159.1],[566013.6,4668139.8],[566008.9,4668135.1],[566017.4,4668109.2],[566020.9,4668078.2]]},"properties":{"kind":"cliff","name":null,"osmId":1365415154}},{"type":"Feature","geometry":{"type":"LineString","coordinates":[[566014.9,4668055.4],[565995.1,4668010.6],[565996.7,4667975.9],[565979.9,4667925.8],[565991.4,4667898.7],[565989.4,4667873.1],[565986.8,4667868.2],[565988.4,4667843.7],[566002.6,4667843.8],[565991.1,4667804.6],[566004.4,4667791.7],[566019.3,4667768.2]]},"properties":{"kind":"cliff","name":null,"osmId":1365415155}},{"type":"Feature","geometry":{"type":"LineString","coordinates":[[566177.5,4667997.0],[566181.7,4667968.5],[566208.7,4667936.8]]},"properties":{"kind":"cliff","name":null,"osmId":1365415156}},{"type":"Feature","geometry":{"type":"LineString","coordinates":[[566198.6,4667879.2],[566226.2,4667868.8],[566244.6,4667829.7]]},"properties":{"kind":"cliff","name":null,"osmId":1365415157}},{"type":"Feature","geometry":{"type":"LineString","coordinates":[[566466.3,4669233.7],[566421.5,4669147.9]]},"properties":{"kind":"cliff","name":null,"osmId":1365415158}},{"type":"Feature","geometry":{"type":"LineString","coordinates":[[566649.3,4669744.6],[566632.1,4669689.7],[566598.7,4669627.5],[566576.2,4669562.8],[566559.7,4669491.5]]},"properties":{"kind":"cliff","name":null,"osmId":1365415159}},{"type":"Feature","geometry":{"type":"LineString","coordinates":[[566052.5,4668131.8],[566049.2,4668107.9],[566041.1,4668073.5],[566041.2,4668044.2]]},"properties":{"kind":"cliff","name":null,"osmId":1365415160}},{"type":"Feature","geometry":{"type":"LineString","coordinates":[[566101.3,4668208.3],[566091.3,4668183.6],[566083.4,4668161.9],[566079.5,4668135.4]]},"properties":{"kind":"cliff","name":null,"osmId":1365415161}},{"type":"Feature","geometry":{"type":"LineString","coordinates":[[565613.4,4668274.8],[565647.4,4668306.9]]},"properties":{"kind":"cliff","name":null,"osmId":1365415162}},{"type":"Feature","geometry":{"type":"LineString","coordinates":[[565461.7,4668182.5],[565535.0,4668222.1]]},"properties":{"kind":"cliff","name":null,"osmId":1365415163}},{"type":"Feature","geometry":{"type":"LineString","coordinates":[[565516.4,4668130.9],[565583.5,4668148.6],[565628.1,4668165.7],[565650.0,4668195.7],[565660.2,4668218.5],[565673.5,4668267.4]]},"properties":{"kind":"cliff","name":null,"osmId":1365415164}},{"type":"Feature","geometry":{"type":"LineString","coordinates":[[565683.9,4668269.2],[565702.4,4668321.7],[565709.5,4668362.1],[565720.1,4668383.9],[565734.3,4668434.6]]},"properties":{"kind":"cliff","name":null,"osmId":1365415165}},{"type":"Feature","geometry":{"type":"LineString","coordinates":[[565736.1,4668346.1],[565753.1,4668396.8],[565760.4,4668443.3],[565769.4,4668502.9],[565779.0,4668560.0]]},"properties":{"kind":"cliff","name":null,"osmId":1365415166}},{"type":"Feature","geometry":{"type":"LineString","coordinates":[[565710.5,4668015.3],[565748.0,4668088.2],[565777.1,4668150.4],[565791.5,4668214.9],[565805.2,4668269.3],[565826.9,4668333.4],[565843.4,4668390.8],[565864.8,4668452.8],[565883.0,4668508.7],[565901.4,4668567.6],[565911.2,4668618.5],[565922.3,4668686.1],[565948.3,4668754.0],[565973.0,4668813.2],[565976.8,4668860.3]]},"properties":{"kind":"cliff","name":null,"osmId":1365415167}},{"type":"Feature","geometry":{"type":"LineString","coordinates":[[565749.0,4668152.3],[565767.0,4668211.6],[565791.3,4668286.4],[565811.9,4668338.1],[565831.1,4668411.2],[565845.8,4668461.7],[565862.1,4668520.1],[565873.7,4668554.0]]},"properties":{"kind":"cliff","name":null,"osmId":1365415168}},{"type":"Feature","geometry":{"type":"LineString","coordinates":[[565475.8,4667998.5],[565480.9,4668015.9],[565526.2,4668031.8],[565536.9,4668051.3],[565554.6,4668054.4],[565565.9,4668085.8]]},"properties":{"kind":"cliff","name":null,"osmId":1365415169}},{"type":"Feature","geometry":{"type":"LineString","coordinates":[[565927.5,4669292.3],[565928.4,4669408.5],[565933.8,4669562.8],[565928.4,4669715.5],[565932.8,4669827.8],[565939.9,4669902.0],[565928.1,4669961.0]]},"properties":{"kind":"cliff","name":null,"osmId":1365415170}},{"type":"Feature","geometry":{"type":"LineString","coordinates":[[565227.1,4667773.1],[565252.8,4667797.5],[565266.9,4667828.1]]},"properties":{"kind":"cliff","name":null,"osmId":1365415171}},{"type":"Feature","geometry":{"type":"LineString","coordinates":[[564325.9,4673739.7],[564314.1,4673722.3],[564306.4,4673714.4],[564300.8,4673710.2],[564286.4,4673699.8]]},"properties":{"kind":"road","name":null,"osmId":1366628979}},{"type":"Feature","geometry":{"type":"LineString","coordinates":[[564230.2,4673706.2],[564222.3,4673709.0],[564213.7,4673714.0],[564207.3,4673719.0],[564194.1,4673734.0]]},"properties":{"kind":"road","name":null,"osmId":1366628980}},{"type":"Feature","geometry":{"type":"LineString","coordinates":[[568315.2,4663349.6],[568321.3,4663371.6],[568339.6,4663386.9],[568355.5,4663406.9],[568368.6,4663428.9]]},"properties":{"kind":"cliff","name":null,"osmId":1370373302}},{"type":"Feature","geometry":{"type":"LineString","coordinates":[[566158.3,4666940.7],[566172.0,4666943.6],[566185.6,4666936.9],[566206.7,4666926.2]]},"properties":{"kind":"cliff","name":null,"osmId":1374235596}},{"type":"Feature","geometry":{"type":"LineString","coordinates":[[565876.3,4667018.3],[565866.3,4666998.1],[565863.6,4666960.7],[565855.8,4666921.0],[565889.7,4666896.9],[565891.4,4666863.8],[565905.5,4666830.4],[565918.7,4666792.7]]},"properties":{"kind":"cliff","name":null,"osmId":1374235597}},{"type":"Feature","geometry":{"type":"LineString","coordinates":[[565565.9,4666238.7],[565571.1,4666213.1],[565585.0,4666191.3],[565577.8,4666176.6],[565599.5,4666159.9],[565603.1,4666140.7]]},"properties":{"kind":"cliff","name":null,"osmId":1374235598}},{"type":"Feature","geometry":{"type":"LineString","coordinates":[[564827.1,4666752.4],[564843.0,4666782.8],[564867.3,4666806.1],[564870.1,4666821.6],[564886.4,4666835.2],[564906.7,4666855.4],[564923.3,4666869.6],[564959.3,4666902.9],[564975.4,4666924.5],[565008.3,4666956.5],[565045.5,4666992.2],[565069.6,4667019.1],[565086.3,4667043.0]]},"properties":{"kind":"cliff","name":null,"osmId":1374235599}},{"type":"Feature","geometry":{"type":"LineString","coordinates":[[565442.7,4666846.8],[565435.3,4666849.1],[565427.2,4666847.3],[565416.4,4666842.0],[565400.0,4666829.0],[565386.7,4666818.4]]},"properties":{"kind":"trail","name":null,"osmId":1374262919}},{"type":"Feature","geometry":{"type":"LineString","coordinates":[[568742.1,4664662.7],[568786.2,4664724.5],[568828.7,4664785.3],[568897.9,4664844.8]]},"properties":{"kind":"cliff","name":null,"osmId":1374285164}},{"type":"Feature","geometry":{"type":"LineString","coordinates":[[570677.3,4671846.4],[570678.8,4671851.4],[570685.6,4671879.6]]},"properties":{"kind":"road","name":null,"osmId":1376727810}},{"type":"Feature","geometry":{"type":"LineString","coordinates":[[570626.0,4671860.6],[570626.2,4671866.7],[570645.1,4671925.3],[570644.3,4671932.1],[570637.0,4671937.0],[570610.6,4671950.7]]},"properties":{"kind":"road","name":null,"osmId":1376727813}},{"type":"Feature","geometry":{"type":"LineString","coordinates":[[561606.0,4673510.4],[561606.5,4673485.1],[561578.4,4673456.1]]},"properties":{"kind":"trail","name":null,"osmId":1383838490}},{"type":"Feature","geometry":{"type":"LineString","coordinates":[[561578.4,4673456.1],[561543.7,4673426.0]]},"properties":{"kind":"trail","name":null,"osmId":1383838491}},{"type":"Feature","geometry":{"type":"LineString","coordinates":[[561436.8,4673498.4],[561388.3,4673469.2],[561331.9,4673430.4],[561284.9,4673388.2],[561251.7,4673359.6],[561219.1,4673348.2]]},"properties":{"kind":"trail","name":null,"osmId":1383838492}},{"type":"Feature","geometry":{"type":"LineString","coordinates":[[561736.1,4673517.7],[561707.5,4673539.7],[561690.2,4673570.5],[561673.2,4673600.7],[561649.2,4673636.9],[561641.4,4673664.8],[561629.2,4673696.2]]},"properties":{"kind":"cliff","name":null,"osmId":1383838493}},{"type":"Feature","geometry":{"type":"LineString","coordinates":[[571462.3,4671461.6],[571424.3,4671484.8]]},"properties":{"kind":"road","name":"Railroad Avenue","osmId":1394818211}},{"type":"Feature","geometry":{"type":"LineString","coordinates":[[570874.6,4671833.8],[570875.9,4671833.8],[570876.0,4671831.1],[570874.7,4671831.0],[570873.2,4671831.0],[570873.2,4671833.8],[570874.6,4671833.8]]},"properties":{"kind":"trail","name":null,"osmId":1410132741}},{"type":"Feature","geometry":{"type":"LineString","coordinates":[[570874.6,4671833.8],[570874.6,4671837.3]]},"properties":{"kind":"trail","name":null,"osmId":1410132742}},{"type":"Feature","geometry":{"type":"LineString","coordinates":[[563310.6,4664712.1],[563314.8,4664733.5],[563318.2,4664746.0],[563319.5,4664763.2],[563321.6,4664770.2],[563327.8,4664780.9]]},"properties":{"kind":"road","name":null,"osmId":1432633058}},{"type":"Feature","geometry":{"type":"LineString","coordinates":[[563290.0,4664738.8],[563296.4,4664746.7],[563303.4,4664750.2],[563309.5,4664759.2],[563313.1,4664765.7]]},"properties":{"kind":"road","name":null,"osmId":1432633059}},{"type":"Feature","geometry":{"type":"LineString","coordinates":[[563220.1,4664725.7],[563214.7,4664742.3],[563211.6,4664755.2],[563205.3,4664784.5],[563203.2,4664791.2]]},"properties":{"kind":"road","name":null,"osmId":1432633060}},{"type":"Feature","geometry":{"type":"LineString","coordinates":[[563225.5,4664710.9],[563220.1,4664725.7]]},"properties":{"kind":"road","name":null,"osmId":1432633061}},{"type":"Feature","geometry":{"type":"LineString","coordinates":[[563236.0,4664616.1],[563230.3,4664626.3],[563227.3,4664637.4],[563228.4,4664647.3],[563234.4,4664664.5],[563235.0,4664674.9],[563234.6,4664685.3],[563232.5,4664695.9],[563225.5,4664710.9]]},"properties":{"kind":"road","name":null,"osmId":1432633062}},{"type":"Feature","geometry":{"type":"LineString","coordinates":[[563552.5,4664916.3],[563550.3,4664908.4],[563533.1,4664890.6],[563527.4,4664883.9],[563522.5,4664877.2],[563521.3,4664873.0],[563521.6,4664869.2],[563523.8,4664864.6],[563529.6,4664857.0],[563539.2,4664848.9],[563554.1,4664839.2]]},"properties":{"kind":"road","name":null,"osmId":1432633063}},{"type":"Feature","geometry":{"type":"LineString","coordinates":[[560465.4,4663690.1],[560446.4,4663705.8],[560438.9,4663715.2],[560431.6,4663725.0],[560421.9,4663735.2],[560415.8,4663742.2]]},"properties":{"kind":"road","name":null,"osmId":1432661944}},{"type":"Feature","geometry":{"type":"LineString","coordinates":[[560380.6,4663600.0],[560365.0,4663623.3]]},"properties":{"kind":"road","name":null,"osmId":1432661945}},{"type":"Feature","geometry":{"type":"LineString","coordinates":[[560366.1,4663716.5],[560362.9,4663716.9],[560356.4,4663719.6],[560348.5,4663726.9],[560341.4,4663733.8],[560333.6,4663745.7],[560326.6,4663758.1],[560321.8,4663772.6],[560318.8,4663783.2]]},"properties":{"kind":"trail","name":null,"osmId":1432661946}},{"type":"Feature","geometry":{"type":"LineString","coordinates":[[560393.6,4663607.1],[560392.5,4663610.6],[560392.4,4663613.9],[560394.3,4663618.6],[560401.7,4663625.1],[560406.0,4663631.2],[560407.7,4663636.0],[560408.3,4663642.6],[560407.8,4663649.2],[560405.9,4663655.1],[560401.2,4663664.4],[560394.7,4663674.5],[560381.3,4663690.4],[560373.6,4663700.4],[560369.1,4663709.5],[560366.1,4663716.5],[560366.8,4663719.1],[560373.3,4663730.6],[560377.4,4663740.9],[560384.4,4663763.0],[560385.9,4663768.0],[560385.8,4663770.5],[560384.1,4663772.8],[560375.6,4663780.3],[560356.2,4663794.6]]},"properties":{"kind":"trail","name":null,"osmId":1432661947}},{"type":"Feature","geometry":{"type":"LineString","coordinates":[[560394.3,4663618.6],[560393.2,4663621.3],[560385.7,4663629.2],[560343.3,4663667.0],[560336.6,4663670.3]]},"properties":{"kind":"trail","name":null,"osmId":1432661948}},{"type":"Feature","geometry":{"type":"LineString","coordinates":[[560743.7,4664219.5],[560766.2,4664207.9]]},"properties":{"kind":"road","name":null,"osmId":1432955437}},{"type":"Feature","geometry":{"type":"LineString","coordinates":[[560751.0,4664235.0],[560773.5,4664221.2]]},"properties":{"kind":"road","name":null,"osmId":1432955438}},{"type":"Feature","geometry":{"type":"LineString","coordinates":[[560758.4,4664248.3],[560783.5,4664230.2],[560786.6,4664230.0],[560789.9,4664234.3]]},"properties":{"kind":"road","name":null,"osmId":1432955439}},{"type":"Feature","geometry":{"type":"LineString","coordinates":[[560548.7,4663787.1],[560530.4,4663794.1],[560518.7,4663799.5]]},"properties":{"kind":"road","name":null,"osmId":1433060378}},{"type":"Feature","geometry":{"type":"LineString","coordinates":[[560189.9,4663196.7],[560177.9,4663209.9],[560168.0,4663220.0],[560157.4,4663226.1],[560140.2,4663230.7],[560129.3,4663235.6]]},"properties":{"kind":"road","name":null,"osmId":1433060379}},{"type":"Feature","geometry":{"type":"LineString","coordinates":[[560229.6,4663259.6],[560240.7,4663276.1],[560253.1,4663283.5],[560271.5,4663290.8],[560278.2,4663297.5]]},"properties":{"kind":"road","name":null,"osmId":1433060380}},{"type":"Feature","geometry":{"type":"LineString","coordinates":[[560143.6,4663142.3],[560165.5,4663115.4]]},"properties":{"kind":"road","name":null,"osmId":1433060381}},{"type":"Feature","geometry":{"type":"LineString","coordinates":[[560198.9,4663279.3],[560207.2,4663268.0],[560215.2,4663262.6],[560229.6,4663259.6]]},"properties":{"kind":"road","name":null,"osmId":1433060382}},{"type":"Feature","geometry":{"type":"LineString","coordinates":[[560189.9,4663196.7],[560199.0,4663204.4],[560206.9,4663213.2],[560213.5,4663223.1],[560218.4,4663232.4],[560222.5,4663241.2],[560228.5,4663255.3],[560229.6,4663259.6],[560244.7,4663254.0],[560249.8,4663246.7],[560257.4,4663234.9],[560261.6,4663227.1],[560262.7,4663219.4],[560248.3,4663178.0],[560245.5,4663174.3],[560237.9,4663169.9],[560223.8,4663157.7]]},"properties":{"kind":"trail","name":null,"osmId":1433060383}},{"type":"Feature","geometry":{"type":"LineString","coordinates":[[560166.1,4663153.9],[560170.9,4663156.9],[560177.3,4663174.3],[560184.5,4663187.2],[560189.9,4663196.7]]},"properties":{"kind":"road","name":null,"osmId":1433060384}},{"type":"Feature","geometry":{"type":"LineString","coordinates":[[560155.0,4663149.7],[560132.6,4663184.3]]},"properties":{"kind":"road","name":null,"osmId":1433060385}},{"type":"Feature","geometry":{"type":"LineString","coordinates":[[564989.0,4665715.5],[564981.6,4665717.4],[564976.2,4665719.9],[564972.5,4665724.4],[564967.3,4665733.0],[564963.7,4665737.5],[564959.2,4665739.3],[564954.8,4665739.1],[564947.9,4665736.5],[564941.9,4665734.6],[564936.9,4665732.5],[564926.5,4665724.6],[564919.7,4665718.4],[564911.5,4665714.0],[564885.1,4665706.2],[564856.6,4665698.1],[564843.7,4665693.5]]},"properties":{"kind":"trail","name":null,"osmId":1433082996}},{"type":"Feature","geometry":{"type":"LineString","coordinates":[[564986.1,4665711.6],[564984.4,4665702.7],[564981.7,4665693.9],[564978.5,4665686.8],[564973.3,4665679.9],[564963.5,4665673.8],[564953.1,4665668.4],[564941.0,4665663.2],[564925.8,4665660.5],[564919.4,4665658.4]]},"properties":{"kind":"trail","name":null,"osmId":1433082997}},{"type":"Feature","geometry":{"type":"LineString","coordinates":[[562481.3,4664566.3],[562479.0,4664560.5],[562472.7,4664553.9],[562467.2,4664549.5],[562458.0,4664544.6],[562445.7,4664540.9],[562422.4,4664537.1],[562412.1,4664535.8],[562407.8,4664535.9],[562404.2,4664537.8]]},"properties":{"kind":"road","name":null,"osmId":1433082998}},{"type":"Feature","geometry":{"type":"LineString","coordinates":[[561490.1,4664612.0],[561491.1,4664620.9],[561494.8,4664625.4],[561500.3,4664628.7],[561509.8,4664630.2],[561522.1,4664630.7],[561528.9,4664634.3],[561532.5,4664639.0],[561538.8,4664652.4]]},"properties":{"kind":"road","name":null,"osmId":1433082999}},{"type":"Feature","geometry":{"type":"LineString","coordinates":[[561188.5,4664847.3],[561189.6,4664852.1],[561190.2,4664862.6],[561189.5,4664867.1],[561187.4,4664870.3],[561184.2,4664873.4]]},"properties":{"kind":"road","name":null,"osmId":1433083000}},{"type":"Feature","geometry":{"type":"LineString","coordinates":[[561272.0,4664551.9],[561270.9,4664558.5],[561271.4,4664564.0],[561273.2,4664569.0],[561275.6,4664573.5],[561281.0,4664580.3],[561290.6,4664586.5],[561305.7,4664593.1],[561328.7,4664601.9],[561337.1,4664606.0],[561341.1,4664609.8],[561344.4,4664614.4],[561345.8,4664620.9],[561345.3,4664627.4],[561339.3,4664658.7],[561332.8,4664680.9],[561323.9,4664710.5],[561321.3,4664728.9],[561319.6,4664740.1],[561316.5,4664746.7],[561306.8,4664757.8],[561301.3,4664763.4],[561294.1,4664769.1],[561288.0,4664773.1],[561280.6,4664776.0],[561270.1,4664777.4],[561245.1,4664779.5],[561203.1,4664784.4],[561192.0,4664787.4],[561185.6,4664791.5],[561181.8,4664796.8],[561178.3,4664805.3],[561176.1,4664814.6],[561176.0,4664822.3],[561177.8,4664831.0],[561181.1,4664837.9],[561188.5,4664847.3]]},"properties":{"kind":"road","name":null,"osmId":1433083001}},{"type":"Feature","geometry":{"type":"LineString","coordinates":[[561958.8,4664521.8],[561958.4,4664536.8],[561960.2,4664551.5]]},"properties":{"kind":"road","name":null,"osmId":1433084644}},{"type":"Feature","geometry":{"type":"LineString","coordinates":[[562695.7,4664565.3],[562692.1,4664595.5],[562690.6,4664606.1],[562688.3,4664610.5],[562685.0,4664615.2],[562681.0,4664618.1],[562676.1,4664619.5],[562670.6,4664619.2],[562662.2,4664617.3],[562654.4,4664614.7],[562647.0,4664613.7],[562641.6,4664613.6],[562636.2,4664615.2],[562632.0,4664618.5],[562629.4,4664623.1],[562628.3,4664628.3],[562628.9,4664635.5],[562633.3,4664643.5],[562647.7,4664664.5],[562658.5,4664676.6],[562667.8,4664687.0],[562670.0,4664691.0],[562672.2,4664697.4],[562671.8,4664705.3],[562667.3,4664714.5]]},"properties":{"kind":"road","name":null,"osmId":1433086551}},{"type":"Feature","geometry":{"type":"LineString","coordinates":[[564236.3,4672000.4],[564204.4,4672016.6],[564126.9,4672053.9],[564064.9,4672037.8],[563998.3,4672011.1],[563965.3,4671969.2],[563920.1,4671944.5],[563879.3,4671898.4],[563850.7,4671876.2],[563842.4,4671869.7],[563814.8,4671832.4],[563834.0,4671825.2],[563895.7,4671826.3],[563931.8,4671849.2],[563958.2,4671864.3],[563982.1,4671873.8]]},"properties":{"kind":"trail","name":null,"osmId":1433094072}},{"type":"Feature","geometry":{"type":"LineString","coordinates":[[563814.8,4671832.4],[563765.2,4671835.7],[563728.5,4671835.2]]},"properties":{"kind":"trail","name":null,"osmId":1433094073}},{"type":"Feature","geometry":{"type":"LineString","coordinates":[[562877.0,4673362.5],[562915.2,4673376.2],[562963.1,4673400.3],[562987.0,4673410.2]]},"properties":{"kind":"trail","name":null,"osmId":1433094074}},{"type":"Feature","geometry":{"type":"LineString","coordinates":[[563121.6,4664883.7],[563128.3,4664888.9],[563132.6,4664890.2],[563139.2,4664889.3]]},"properties":{"kind":"road","name":null,"osmId":1433097094}},{"type":"Feature","geometry":{"type":"LineString","coordinates":[[563095.8,4664833.1],[563093.3,4664842.7],[563091.4,4664844.3],[563086.7,4664845.0]]},"properties":{"kind":"road","name":null,"osmId":1433097095}},{"type":"Feature","geometry":{"type":"LineString","coordinates":[[563081.5,4664943.6],[563102.5,4664940.7],[563101.1,4664947.6],[563100.3,4664958.5],[563099.4,4664969.9],[563097.6,4664978.3],[563088.6,4665005.7],[563079.4,4665030.1],[563070.6,4665052.8]]},"properties":{"kind":"road","name":null,"osmId":1433097096}},{"type":"Feature","geometry":{"type":"LineString","coordinates":[[562846.1,4664624.3],[562851.3,4664617.3],[562854.6,4664614.3]]},"properties":{"kind":"road","name":null,"osmId":1433097097}},{"type":"Feature","geometry":{"type":"LineString","coordinates":[[562787.0,4664593.2],[562797.5,4664588.8],[562805.5,4664587.9],[562812.3,4664590.0],[562821.7,4664594.8],[562826.7,4664599.3],[562829.0,4664603.2],[562829.1,4664614.9]]},"properties":{"kind":"road","name":null,"osmId":1433097098}},{"type":"Feature","geometry":{"type":"LineString","coordinates":[[562803.7,4664519.6],[562803.1,4664503.7]]},"properties":{"kind":"road","name":null,"osmId":1433097099}},{"type":"Feature","geometry":{"type":"LineString","coordinates":[[562772.6,4664524.5],[562778.6,4664520.7],[562784.8,4664520.4],[562790.0,4664521.0],[562798.2,4664522.6],[562804.0,4664526.5],[562803.7,4664519.6]]},"properties":{"kind":"road","name":null,"osmId":1433097100}},{"type":"Feature","geometry":{"type":"LineString","coordinates":[[562803.1,4664503.7],[562802.3,4664492.5],[562800.2,4664478.3],[562798.5,4664470.4],[562796.5,4664467.3],[562790.9,4664464.1],[562784.4,4664461.2],[562780.3,4664460.7]]},"properties":{"kind":"road","name":null,"osmId":1433097101}},{"type":"Feature","geometry":{"type":"LineString","coordinates":[[563609.9,4672503.9],[563642.7,4672482.9]]},"properties":{"kind":"trail","name":null,"osmId":1433101110}},{"type":"Feature","geometry":{"type":"LineString","coordinates":[[564091.8,4672666.9],[564127.2,4672671.5],[564146.0,4672674.7],[564160.9,4672681.6],[564177.0,4672707.3],[564183.1,4672740.4],[564184.3,4672763.4],[564185.1,4672777.5],[564179.3,4672803.0],[564164.8,4672832.6],[564136.4,4672897.2],[564129.7,4672916.7],[564133.9,4672928.0],[564148.6,4672928.9],[564176.2,4672928.8],[564206.0,4672922.7],[564245.4,4672907.6],[564261.9,4672899.3],[564268.9,4672897.9]]},"properties":{"kind":"trail","name":null,"osmId":1433101111}},{"type":"Feature","geometry":{"type":"LineString","coordinates":[[563528.3,4672382.3],[563543.5,4672376.1],[563557.8,4672368.7],[563570.9,4672363.8],[563578.5,4672358.5],[563581.7,4672356.2],[563582.1,4672349.6],[563575.5,4672342.9],[563569.0,4672343.3]]},"properties":{"kind":"trail","name":null,"osmId":1433101112}},{"type":"Feature","geometry":{"type":"LineString","coordinates":[[563608.6,4672350.9],[563602.9,4672353.3],[563588.5,4672359.3],[563578.5,4672358.5]]},"properties":{"kind":"trail","name":null,"osmId":1433101113}},{"type":"Feature","geometry":{"type":"LineString","coordinates":[[563633.2,4672392.6],[563624.3,4672394.5],[563618.6,4672390.1],[563616.0,4672373.9],[563607.8,4672360.7],[563602.9,4672353.3]]},"properties":{"kind":"trail","name":null,"osmId":1433101114}},{"type":"Feature","geometry":{"type":"LineString","coordinates":[[563610.5,4672313.9],[563624.4,4672316.6],[563633.8,4672320.8],[563646.6,4672327.3],[563668.4,4672338.1],[563680.8,4672347.5],[563697.0,4672378.3],[563704.3,4672398.5],[563713.1,4672430.0],[563717.1,4672437.7],[563726.7,4672446.9]]},"properties":{"kind":"trail","name":null,"osmId":1433101115}},{"type":"Feature","geometry":{"type":"LineString","coordinates":[[563538.1,4672840.0],[563549.2,4672841.4],[563579.7,4672848.9],[563617.5,4672860.0],[563648.1,4672857.7],[563692.0,4672847.2],[563738.2,4672840.5],[563776.4,4672836.2],[563822.4,4672824.8],[563883.0,4672802.3]]},"properties":{"kind":"trail","name":null,"osmId":1433101116}},{"type":"Feature","geometry":{"type":"LineString","coordinates":[[566307.6,4670040.3],[566321.9,4670034.6]]},"properties":{"kind":"road","name":null,"osmId":1433107190}},{"type":"Feature","geometry":{"type":"LineString","coordinates":[[566301.3,4670043.8],[566307.6,4670040.3]]},"properties":{"kind":"road","name":null,"osmId":1433107191}},{"type":"Feature","geometry":{"type":"LineString","coordinates":[[566281.7,4670054.4],[566301.3,4670043.8]]},"properties":{"kind":"road","name":null,"osmId":1433107192}},{"type":"Feature","geometry":{"type":"LineString","coordinates":[[564362.3,4671673.5],[564359.8,4671702.5],[564372.9,4671727.8],[564367.6,4671747.3],[564366.4,4671791.7],[564357.7,4671811.2],[564360.6,4671863.0],[564371.6,4671879.7]]},"properties":{"kind":"trail","name":null,"osmId":1433480405}},{"type":"Feature","geometry":{"type":"LineString","coordinates":[[565140.0,4672411.7],[565133.5,4672377.5],[565138.1,4672359.6]]},"properties":{"kind":"trail","name":null,"osmId":1433480406}},{"type":"Feature","geometry":{"type":"LineString","coordinates":[[563454.5,4672196.1],[563471.5,4672198.9],[563479.1,4672205.1],[563493.5,4672246.0],[563493.6,4672281.6],[563481.3,4672298.4]]},"properties":{"kind":"trail","name":null,"osmId":1433480407}},{"type":"Feature","geometry":{"type":"Polygon","coordinates":[[[565021.2,4672351.8],[565033.6,4672338.1],[565026.4,4672331.8],[565018.8,4672342.9],[565018.5,4672348.1],[565021.2,4672351.8]]]},"properties":{"kind":"lake","name":null,"osmId":1433480408}},{"type":"Feature","geometry":{"type":"LineString","coordinates":[[559616.9,4673182.7],[559624.3,4673190.7],[559648.4,4673220.5],[559657.5,4673250.8],[559667.7,4673281.4],[559679.3,4673304.0],[559686.0,4673347.0],[559686.3,4673375.2],[559694.3,4673393.5],[559701.5,4673425.3],[559718.0,4673462.8],[559754.8,4673559.8],[559771.5,4673603.0],[559789.5,4673647.5],[559807.5,4673682.3],[559835.2,4673704.4],[559876.2,4673722.7],[559901.2,4673748.7],[559944.1,4673766.7],[559977.8,4673784.6],[560002.2,4673811.2],[560023.0,4673841.9],[560041.7,4673869.3],[560058.3,4673889.8],[560077.9,4673920.8],[560085.4,4673944.2],[560105.1,4673952.4],[560111.6,4673970.1],[560129.4,4673992.7],[560159.3,4674014.8],[560187.3,4674037.2],[560204.9,4674050.2],[560241.5,4674063.0],[560253.6,4674077.8],[560256.2,4674106.6],[560280.9,4674158.3],[560292.9,4674182.8],[560299.6,4674252.7],[560308.2,4674292.5],[560330.7,4674329.3],[560351.5,4674379.0],[560416.0,4674456.7],[560434.6,4674474.8],[560457.6,4674493.5],[560488.3,4674520.9],[560515.8,4674543.0],[560538.1,4674560.3],[560560.4,4674584.7],[560579.9,4674605.7],[560591.6,4674631.4],[560593.1,4674663.0],[560590.3,4674689.1]]},"properties":{"kind":"stream","name":null,"osmId":1446829543}},{"type":"Feature","geometry":{"type":"LineString","coordinates":[[559804.4,4672845.3],[559846.8,4672874.3],[559881.1,4672908.2],[559906.4,4672931.8],[559924.7,4672958.8],[559940.0,4672992.6],[559948.8,4673010.9],[559964.2,4673029.8],[559980.7,4673047.9],[559993.3,4673075.8],[560009.5,4673108.8],[560028.9,4673137.3],[560050.7,4673166.6],[560060.3,4673204.0],[560067.0,4673225.6],[560075.1,4673245.4],[560081.4,4673289.3],[560096.9,4673332.8],[560113.5,4673384.6],[560117.8,4673414.1],[560120.6,4673440.7],[560127.2,4673477.2],[560134.7,4673521.1],[560148.6,4673559.3],[560159.0,4673597.0],[560186.8,4673658.9],[560200.8,4673694.7],[560195.1,4673765.6],[560203.8,4673814.1],[560216.9,4673829.4],[560226.5,4673870.0],[560241.3,4673922.8],[560254.1,4673967.1],[560253.9,4674001.8],[560253.4,4674040.9],[560258.8,4674059.8],[560253.6,4674077.8]]},"properties":{"kind":"stream","name":null,"osmId":1446829544}},{"type":"Feature","geometry":{"type":"LineString","coordinates":[[560418.0,4672147.7],[560416.3,4672113.7],[560409.8,4672077.7],[560408.1,4672048.5],[560414.3,4672001.0],[560443.2,4671935.2],[560453.5,4671867.2],[560459.0,4671792.5],[560451.7,4671737.7],[560449.3,4671676.5],[560440.8,4671640.5],[560443.4,4671569.6],[560447.0,4671491.9],[560442.5,4671448.2],[560436.3,4671378.2],[560426.7,4671352.3],[560424.2,4671327.3],[560435.2,4671302.8],[560438.0,4671286.0],[560439.5,4671276.7],[560440.0,4671244.4],[560433.9,4671214.0],[560434.3,4671191.7],[560436.5,4671169.5]]},"properties":{"kind":"stream","name":null,"osmId":1446832449}},{"type":"Feature","geometry":{"type":"LineString","coordinates":[[560015.5,4671929.2],[560020.8,4671902.8],[560019.0,4671886.2],[560018.1,4671877.4],[560023.7,4671851.6],[560034.7,4671827.0],[560047.2,4671796.0],[560070.8,4671749.1],[560090.6,4671718.6],[560109.4,4671659.2],[560121.0,4671620.4],[560140.4,4671563.3],[560162.6,4671532.3],[560182.6,4671479.9],[560210.8,4671430.6],[560257.4,4671378.6],[560300.9,4671348.3],[560346.2,4671311.5],[560377.1,4671295.8],[560407.0,4671260.7],[560426.1,4671240.2],[560433.9,4671214.0]]},"properties":{"kind":"stream","name":null,"osmId":1446832450}},{"type":"Feature","geometry":{"type":"LineString","coordinates":[[560775.7,4671532.4],[560734.6,4671486.1],[560715.2,4671461.8],[560704.2,4671450.2],[560685.6,4671430.6],[560667.4,4671402.9],[560650.8,4671377.7],[560641.2,4671345.5],[560635.6,4671322.4],[560631.8,4671287.8],[560630.2,4671250.8],[560617.9,4671213.8],[560608.4,4671183.8],[560605.2,4671170.7]]},"properties":{"kind":"stream","name":null,"osmId":1446832451}},{"type":"Feature","geometry":{"type":"LineString","coordinates":[[560563.7,4670388.2],[560569.2,4670370.3],[560566.2,4670341.1],[560563.6,4670329.1],[560561.0,4670321.6],[560556.7,4670306.2],[560550.2,4670300.2],[560546.1,4670290.2],[560542.7,4670278.2],[560536.6,4670267.7],[560528.0,4670246.5],[560523.0,4670237.1],[560505.7,4670228.4],[560491.9,4670216.6],[560481.2,4670202.6],[560470.9,4670198.6],[560462.3,4670196.2],[560450.2,4670186.1],[560440.5,4670178.7],[560425.2,4670176.4],[560419.1,4670175.5],[560409.3,4670172.3]]},"properties":{"kind":"stream","name":null,"osmId":1446832452}},{"type":"Feature","geometry":{"type":"LineString","coordinates":[[560408.3,4670163.3],[560402.3,4670156.0],[560398.2,4670151.7],[560386.0,4670142.7]]},"properties":{"kind":"stream","name":null,"osmId":1446832453}},{"type":"Feature","geometry":{"type":"LineString","coordinates":[[560409.3,4670172.3],[560408.3,4670163.3]]},"properties":{"kind":"stream","name":null,"osmId":1446832454}},{"type":"Feature","geometry":{"type":"LineString","coordinates":[[560778.9,4670327.3],[560729.3,4670318.9],[560710.3,4670314.3],[560686.3,4670295.0],[560661.9,4670283.8],[560627.8,4670279.5],[560607.7,4670278.4],[560588.1,4670284.7],[560577.7,4670291.7],[560565.5,4670291.4],[560555.6,4670283.9],[560542.7,4670278.2]]},"properties":{"kind":"stream","name":null,"osmId":1446834124}},{"type":"Feature","geometry":{"type":"LineString","coordinates":[[561687.3,4670240.7],[561692.6,4670217.2],[561693.7,4670199.7],[561688.9,4670174.7],[561689.1,4670158.7],[561683.1,4670148.1],[561673.8,4670123.6],[561670.6,4670094.5],[561670.4,4670056.0],[561657.6,4670027.4],[561643.4,4669983.3],[561628.6,4669957.6],[561620.8,4669930.1],[561618.9,4669912.6],[561617.7,4669880.0],[561604.4,4669850.9],[561597.5,4669837.4],[561589.8,4669805.3],[561588.4,4669788.8],[561580.6,4669765.7],[561576.2,4669749.6],[561564.3,4669734.0],[561550.0,4669697.4],[561541.6,4669684.8],[561529.7,4669676.2],[561517.4,4669647.1],[561498.4,4669631.5],[561478.5,4669618.3],[561468.6,4669602.7],[561463.2,4669589.1],[561452.8,4669568.5],[561441.3,4669557.9],[561436.0,4669541.9],[561423.5,4669534.3],[561415.1,4669521.7],[561404.5,4669519.1],[561389.6,4669508.0],[561371.6,4669501.8],[561364.6,4669494.2],[561353.3,4669489.7],[561341.5,4669483.2],[561325.2,4669471.8]]},"properties":{"kind":"stream","name":null,"osmId":1446834125}},{"type":"Feature","geometry":{"type":"LineString","coordinates":[[561655.5,4669850.9],[561648.2,4669823.3],[561649.4,4669800.8],[561651.6,4669775.3],[561645.7,4669758.8],[561642.1,4669720.7],[561624.7,4669693.1],[561607.8,4669673.9],[561590.4,4669659.8],[561568.4,4669651.6],[561552.4,4669642.4],[561548.0,4669626.4],[561531.0,4669623.7],[561502.9,4669614.0],[561483.0,4669596.3],[561463.2,4669589.1]]},"properties":{"kind":"stream","name":null,"osmId":1446834126}},{"type":"Feature","geometry":{"type":"LineString","coordinates":[[562289.1,4669628.6],[562281.7,4669595.5],[562270.8,4669575.5],[562248.9,4669553.2],[562230.8,4669532.3],[562205.9,4669514.8],[562193.4,4669493.5],[562180.3,4669477.7],[562169.1,4669449.6],[562156.6,4669423.7],[562131.3,4669392.6],[562104.3,4669368.6],[562074.4,4669345.0],[562052.4,4669330.5],[562040.3,4669323.2],[562024.9,4669313.7],[562006.8,4669301.7],[561983.5,4669288.4],[561966.5,4669286.1],[561946.6,4669278.3],[561931.4,4669265.5],[561899.6,4669259.7],[561873.3,4669248.0],[561835.5,4669247.7]]},"properties":{"kind":"stream","name":null,"osmId":1446834127}},{"type":"Feature","geometry":{"type":"LineString","coordinates":[[563349.3,4668998.7],[563307.3,4668988.6],[563280.1,4668975.7],[563246.1,4668959.8],[563234.0,4668946.1],[563217.0,4668934.3],[563180.0,4668926.2],[563142.2,4668896.6],[563097.4,4668880.7],[563050.7,4668859.8],[563006.7,4668866.2],[562969.5,4668875.6],[562929.7,4668852.9],[562891.7,4668824.5],[562849.7,4668811.8],[562804.2,4668813.0],[562775.3,4668804.5],[562746.5,4668793.5],[562706.1,4668775.0],[562687.1,4668768.3],[562671.4,4668768.2],[562654.1,4668768.0],[562644.9,4668772.9],[562584.6,4668769.0],[562522.4,4668786.6],[562503.7,4668798.3],[562483.3,4668811.0],[562443.9,4668880.6],[562389.7,4668932.1],[562351.1,4668991.9],[562322.1,4669059.2]]},"properties":{"kind":"stream","name":null,"osmId":1446834128}},{"type":"Feature","geometry":{"type":"LineString","coordinates":[[562866.1,4668499.9],[562820.5,4668547.6],[562796.2,4668569.9],[562782.3,4668608.7],[562764.5,4668630.6],[562734.7,4668649.8],[562723.4,4668682.2],[562691.4,4668731.0],[562671.4,4668768.2]]},"properties":{"kind":"stream","name":null,"osmId":1446834129}},{"type":"Feature","geometry":{"type":"LineString","coordinates":[[562815.1,4668643.0],[562780.3,4668664.2],[562754.0,4668684.0],[562737.9,4668694.4],[562707.5,4668719.6],[562691.4,4668731.0]]},"properties":{"kind":"stream","name":null,"osmId":1446834130}},{"type":"Feature","geometry":{"type":"LineString","coordinates":[[563356.5,4668965.3],[563325.1,4668948.3],[563302.1,4668943.9],[563280.4,4668942.3],[563234.0,4668946.1]]},"properties":{"kind":"stream","name":null,"osmId":1446834131}},{"type":"Feature","geometry":{"type":"LineString","coordinates":[[562863.7,4668911.2],[562832.6,4668878.0],[562818.0,4668843.3],[562784.3,4668823.2],[562746.5,4668793.5]]},"properties":{"kind":"stream","name":null,"osmId":1446834132}},{"type":"Feature","geometry":{"type":"LineString","coordinates":[[562432.8,4668645.5],[562455.7,4668706.0],[562483.6,4668755.9],[562503.7,4668798.3]]},"properties":{"kind":"stream","name":null,"osmId":1446834133}},{"type":"Feature","geometry":{"type":"LineString","coordinates":[[560637.7,4669073.0],[560643.8,4669153.1],[560651.3,4669230.5],[560653.3,4669320.1],[560674.4,4669399.0],[560693.0,4669456.1],[560714.1,4669533.7],[560736.5,4669623.4],[560736.1,4669673.6],[560757.4,4669725.4],[560796.6,4669758.3],[560812.5,4669808.6],[560802.9,4669865.2]]},"properties":{"kind":"stream","name":null,"osmId":1446834134}},{"type":"Feature","geometry":{"type":"LineString","coordinates":[[560054.2,4669133.2],[560055.4,4669190.9],[560073.2,4669238.0],[560080.1,4669299.0],[560079.8,4669332.8],[560105.2,4669367.6],[560116.2,4669429.5],[560134.8,4669484.8],[560174.0,4669540.4],[560209.9,4669592.6],[560222.7,4669644.6],[560225.5,4669696.5],[560236.7,4669747.7],[560246.3,4669784.0],[560240.2,4669821.8],[560244.1,4669852.3],[560275.3,4669874.8],[560338.1,4669872.9],[560385.1,4669887.3],[560417.9,4669918.9],[560450.7,4669949.7],[560465.4,4669979.4],[560457.6,4670022.2],[560449.9,4670047.7],[560453.7,4670088.9],[560462.1,4670126.0]]},"properties":{"kind":"stream","name":null,"osmId":1446834135}},{"type":"Feature","geometry":{"type":"LineString","coordinates":[[559879.0,4669194.4],[559919.1,4669224.3],[559957.5,4669241.8],[559991.8,4669249.7],[560018.9,4669261.2],[560036.5,4669285.0],[560060.6,4669315.3],[560079.8,4669332.8]]},"properties":{"kind":"stream","name":null,"osmId":1446834136}},{"type":"Feature","geometry":{"type":"LineString","coordinates":[[571543.1,4669940.6],[571560.2,4669933.0],[571568.2,4669910.0],[571580.6,4669902.1],[571595.6,4669894.2],[571603.1,4669884.2],[571604.9,4669861.8],[571614.1,4669842.8],[571620.4,4669831.6],[571635.2,4669818.0],[571644.0,4669816.5],[571660.9,4669800.1]]},"properties":{"kind":"stream","name":null,"osmId":1446929228}},{"type":"Feature","geometry":{"type":"LineString","coordinates":[[571646.5,4669543.8],[571638.6,4669535.6],[571627.3,4669527.9],[571621.7,4669521.7],[571618.9,4669514.8],[571617.0,4669504.9],[571615.4,4669495.8]]},"properties":{"kind":"stream","name":null,"osmId":1446929229}},{"type":"Feature","geometry":{"type":"LineString","coordinates":[[570023.8,4663706.8],[570023.8,4663701.6],[570025.4,4663697.4],[570028.1,4663690.5],[570034.1,4663678.7],[570035.4,4663665.2],[570041.6,4663651.4],[570042.9,4663633.2],[570049.7,4663623.2],[570055.1,4663614.8],[570055.2,4663604.5],[570057.2,4663597.3],[570062.2,4663578.0],[570066.7,4663556.3],[570071.1,4663545.8],[570075.6,4663523.0],[570081.8,4663487.8],[570084.2,4663477.3],[570090.8,4663467.8],[570093.7,4663455.2],[570106.7,4663434.0],[570111.4,4663429.7],[570114.7,4663423.3],[570115.2,4663414.0],[570119.0,4663403.1],[570129.1,4663377.7],[570131.1,4663362.0],[570134.5,4663355.3],[570142.9,4663351.5],[570145.5,4663347.1],[570148.5,4663336.9],[570154.8,4663331.7],[570159.1,4663324.2],[570169.3,4663316.2],[570173.7,4663314.9],[570177.3,4663310.6],[570180.7,4663301.8],[570184.3,4663290.3],[570192.1,4663282.0],[570202.9,4663278.7],[570209.3,4663272.8],[570224.0,4663259.7],[570239.1,4663247.3],[570244.2,4663243.0],[570246.7,4663238.5],[570248.8,4663230.0]]},"properties":{"kind":"stream","name":null,"osmId":1447255942}},{"type":"Feature","geometry":{"type":"LineString","coordinates":[[569862.1,4663915.4],[569874.1,4663912.2],[569894.4,4663906.0],[569911.0,4663900.7],[569923.2,4663896.5],[569935.4,4663896.2],[569944.1,4663893.5],[569950.8,4663885.9],[569957.2,4663882.0],[569963.0,4663882.0],[569968.3,4663880.8]]},"properties":{"kind":"stream","name":null,"osmId":1447255943}},{"type":"Feature","geometry":{"type":"LineString","coordinates":[[570125.9,4663779.1],[570125.7,4663756.3],[570128.1,4663738.8],[570125.6,4663728.4],[570128.9,4663721.8],[570132.5,4663718.1],[570135.2,4663709.4],[570134.3,4663704.4],[570134.3,4663697.7],[570137.0,4663687.8],[570136.8,4663675.6],[570137.7,4663669.0],[570140.9,4663664.9],[570141.7,4663652.5],[570139.7,4663645.0],[570139.4,4663638.8],[570141.3,4663632.3],[570141.9,4663626.6],[570145.8,4663623.6],[570149.9,4663621.3],[570151.4,4663618.9],[570155.5,4663608.0],[570159.7,4663602.1],[570162.2,4663595.5],[570162.6,4663588.6],[570161.2,4663582.4],[570159.8,4663575.9],[570160.9,4663571.3],[570162.9,4663569.9],[570166.4,4663566.3],[570166.4,4663564.3],[570167.2,4663562.8],[570169.2,4663561.6],[570170.5,4663560.2],[570170.8,4663557.3],[570171.7,4663555.0],[570173.6,4663550.6],[570176.5,4663542.4],[570182.5,4663533.9],[570187.6,4663524.2],[570190.4,4663516.1],[570191.9,4663506.8],[570191.9,4663499.3]]},"properties":{"kind":"stream","name":null,"osmId":1447255944}},{"type":"Feature","geometry":{"type":"LineString","coordinates":[[570326.4,4664298.9],[570316.5,4664228.2],[570308.9,4664186.1],[570311.4,4664176.8],[570310.4,4664164.4],[570304.5,4664149.9],[570300.1,4664132.1],[570302.5,4664110.8],[570298.2,4664067.6],[570298.9,4664055.6],[570294.2,4664044.5],[570292.5,4664027.1],[570293.2,4664001.1],[570293.1,4663991.0],[570298.4,4663981.9],[570299.4,4663967.8],[570303.0,4663946.9],[570304.7,4663935.2],[570307.9,4663923.8],[570307.4,4663914.6],[570313.0,4663894.5],[570311.2,4663886.3],[570306.8,4663877.0],[570308.7,4663871.9],[570312.5,4663861.2],[570322.2,4663850.4],[570328.6,4663829.1],[570334.8,4663808.9],[570337.8,4663795.1],[570336.0,4663756.9],[570334.7,4663724.4],[570333.0,4663689.5],[570332.8,4663676.7],[570328.7,4663666.7],[570327.7,4663653.0],[570327.6,4663640.0],[570325.7,4663629.8],[570329.0,4663610.1],[570329.7,4663601.2],[570329.4,4663595.6],[570332.1,4663592.6],[570331.4,4663589.0],[570325.6,4663577.3],[570324.1,4663568.6],[570324.4,4663558.4],[570322.3,4663550.2],[570320.6,4663537.9],[570322.6,4663518.8],[570321.5,4663502.6],[570321.2,4663487.1],[570316.4,4663467.4],[570311.5,4663450.6],[570299.0,4663431.1],[570292.5,4663418.6],[570289.4,4663402.2],[570286.9,4663381.2],[570286.0,4663367.1],[570279.7,4663349.3],[570277.1,4663331.9],[570271.3,4663322.4],[570265.9,4663319.1]]},"properties":{"kind":"stream","name":null,"osmId":1447255945}},{"type":"Feature","geometry":{"type":"LineString","coordinates":[[570818.2,4662723.7],[570801.8,4662711.9],[570781.7,4662690.9],[570776.5,4662683.4],[570770.5,4662669.4],[570761.8,4662654.8],[570751.1,4662646.9],[570743.5,4662643.4],[570735.2,4662631.6],[570728.2,4662617.2],[570724.9,4662599.8],[570725.9,4662590.9],[570728.6,4662582.8],[570728.0,4662575.7],[570721.2,4662566.5],[570718.5,4662558.5],[570714.1,4662536.9],[570702.5,4662523.0],[570692.9,4662509.1],[570685.8,4662496.1],[570680.6,4662492.3],[570674.2,4662488.7],[570665.1,4662482.2],[570660.5,4662473.9],[570659.4,4662466.2],[570662.3,4662459.3],[570663.9,4662454.0],[570664.8,4662442.9],[570662.3,4662435.3],[570660.1,4662430.9],[570658.3,4662423.9],[570659.0,4662419.3],[570655.4,4662413.3],[570650.3,4662407.4],[570649.4,4662403.9],[570652.9,4662395.6],[570653.6,4662387.6],[570653.3,4662376.5],[570646.2,4662368.7],[570635.7,4662358.3],[570632.6,4662345.3],[570631.4,4662333.3],[570632.7,4662327.6],[570633.1,4662323.6],[570631.3,4662319.0],[570629.9,4662308.4]]},"properties":{"kind":"stream","name":null,"osmId":1447255946}},{"type":"Feature","geometry":{"type":"LineString","coordinates":[[569086.3,4664638.4],[569078.1,4664628.4],[569070.9,4664615.4],[569069.8,4664611.8],[569070.3,4664608.3],[569068.9,4664606.0],[569065.2,4664604.0],[569061.7,4664598.6],[569060.2,4664587.7],[569051.2,4664581.3],[569045.6,4664571.6],[569041.7,4664565.8],[569038.1,4664558.6],[569035.3,4664546.6],[569036.5,4664541.5],[569039.3,4664536.7],[569037.8,4664523.6],[569030.5,4664509.3],[569026.6,4664496.0],[569026.5,4664486.5],[569029.2,4664473.3],[569035.1,4664460.1],[569037.6,4664452.1],[569038.5,4664442.4],[569043.5,4664432.6],[569044.2,4664423.4],[569022.6,4664366.4],[569020.0,4664356.7],[569012.2,4664346.3],[569004.5,4664340.6],[568984.6,4664314.0],[568977.0,4664302.9],[568974.5,4664297.2],[568975.0,4664289.6],[568980.5,4664280.9],[568981.9,4664273.5],[568981.9,4664263.3],[568982.8,4664257.2],[568985.8,4664250.2],[568986.8,4664243.7],[568985.4,4664237.6],[568981.0,4664233.8],[568978.5,4664228.3],[568976.1,4664221.0],[568971.5,4664214.3],[568964.8,4664209.7],[568962.9,4664205.3],[568962.7,4664197.3],[568962.4,4664186.6],[568964.3,4664174.6],[568962.4,4664168.8],[568958.6,4664162.9],[568953.9,4664160.2],[568952.3,4664157.3],[568951.6,4664150.5],[568949.7,4664136.2],[568946.5,4664125.0],[568946.3,4664117.6],[568948.6,4664107.7],[568951.3,4664096.8],[568952.4,4664092.8],[568950.6,4664088.5],[568946.8,4664085.7],[568943.9,4664081.5],[568937.5,4664065.3],[568936.1,4664057.9],[568936.1,4664047.8],[568933.3,4664041.2],[568926.4,4664028.8],[568922.5,4664011.6],[568923.6,4663998.6],[568926.0,4663986.7],[568926.3,4663977.6],[568921.7,4663968.5],[568914.3,4663953.1],[568912.5,4663940.4],[568907.6,4663923.5],[568912.6,4663884.7],[568914.8,4663877.4],[568919.3,4663870.5],[568919.4,4663861.6],[568922.0,4663844.5],[568920.9,4663813.9],[568915.7,4663799.7],[568916.0,4663783.2],[568915.2,4663772.4],[568912.5,4663751.8],[568911.7,4663741.5],[568914.5,4663731.1],[568914.4,4663725.0],[568910.2,4663714.9],[568906.3,4663705.0],[568901.2,4663693.7],[568896.8,4663685.6],[568890.9,4663679.9],[568888.4,4663669.5],[568888.3,4663653.9],[568884.0,4663639.2],[568871.6,4663625.3]]},"properties":{"kind":"stream","name":"Beaver Kill","osmId":1447255947}},{"type":"Feature","geometry":{"type":"LineString","coordinates":[[568556.6,4664690.3],[568570.6,4664669.5],[568582.5,4664653.2],[568591.8,4664634.9],[568595.4,4664628.0],[568598.0,4664615.5],[568595.5,4664596.4],[568597.7,4664588.0],[568598.9,4664583.4],[568601.9,4664580.3],[568604.6,4664575.2],[568609.1,4664570.6],[568612.4,4664562.0],[568612.7,4664552.1]]},"properties":{"kind":"stream","name":null,"osmId":1447255948}},{"type":"Feature","geometry":{"type":"LineString","coordinates":[[565816.2,4662376.3],[565816.0,4662333.3],[565802.5,4662304.5],[565779.0,4662274.4],[565756.6,4662263.0],[565730.5,4662250.9],[565714.4,4662234.6],[565697.6,4662217.6],[565685.4,4662185.7],[565681.3,4662160.1],[565673.1,4662139.5],[565651.3,4662128.2],[565615.5,4662122.5],[565584.2,4662113.7],[565554.2,4662104.0],[565536.1,4662076.6],[565525.7,4662045.3],[565518.2,4662024.2],[565508.5,4662012.1],[565501.5,4661995.9],[565485.8,4661989.1],[565463.6,4661972.8],[565454.5,4661939.7],[565454.2,4661924.5],[565433.4,4661893.0],[565418.9,4661866.1],[565393.6,4661829.2],[565381.3,4661805.5],[565359.9,4661793.7],[565349.9,4661765.9],[565351.2,4661750.4],[565340.6,4661726.5],[565331.8,4661711.0],[565312.6,4661684.9],[565294.9,4661690.0],[565275.3,4661688.7],[565259.5,4661673.8],[565251.7,4661648.3],[565245.1,4661641.3],[565230.1,4661639.6],[565214.2,4661614.0],[565204.0,4661601.7],[565197.0,4661586.5],[565177.6,4661565.9],[565175.9,4661551.2],[565182.5,4661530.8],[565188.3,4661502.1],[565180.7,4661476.1],[565165.1,4661447.8],[565159.1,4661423.1],[565144.3,4661396.1],[565139.6,4661383.7],[565143.3,4661362.8],[565132.8,4661339.9],[565106.9,4661316.1],[565080.0,4661267.3],[565070.4,4661231.2],[565063.0,4661212.5],[565051.2,4661196.2],[565008.0,4661188.3],[564977.3,4661177.5],[564964.5,4661165.7],[564927.6,4661165.4],[564915.7,4661170.1],[564902.3,4661166.2],[564879.5,4661154.8],[564869.2,4661147.1],[564865.6,4661122.2],[564866.0,4661097.5],[564861.3,4661075.1],[564857.5,4661066.4],[564848.1,4661045.1],[564850.0,4660994.0],[564834.5,4660975.6],[564831.9,4660943.1],[564821.9,4660909.3],[564818.7,4660887.7],[564820.6,4660860.5],[564807.6,4660829.9],[564794.3,4660811.1],[564789.3,4660797.8],[564793.4,4660778.8],[564782.0,4660762.8],[564784.3,4660745.5],[564780.4,4660725.2],[564768.5,4660712.3],[564769.8,4660690.5],[564774.7,4660672.7],[564772.5,4660653.8],[564765.4,4660639.2],[564756.4,4660619.8],[564754.4,4660601.0],[564748.7,4660588.1],[564737.1,4660574.4],[564738.1,4660556.7],[564734.0,4660535.7],[564719.8,4660509.7],[564699.0,4660499.4],[564679.2,4660487.3],[564669.6,4660467.2],[564656.5,4660452.1],[564640.2,4660438.2],[564627.8,4660407.3],[564631.9,4660389.1],[564632.1,4660370.1],[564622.2,4660356.6],[564622.0,4660338.1],[564629.8,4660321.6],[564626.6,4660309.5],[564618.9,4660297.8],[564626.0,4660287.2],[564625.6,4660270.6],[564616.3,4660259.5],[564607.3,4660237.0],[564602.6,4660215.2],[564591.8,4660188.7],[564571.7,4660145.3],[564554.9,4660104.2],[564542.8,4660098.4],[564524.0,4660089.5],[564518.1,4660074.8],[564516.6,4660060.6],[564503.8,4660050.4],[564492.0,4660048.0],[564463.7,4660036.8],[564456.3,4660028.4],[564458.8,4660017.9],[564462.4,4660010.6],[564468.9,4659999.4],[564466.1,4659986.6],[564455.6,4659975.0],[564441.3,4659968.9],[564426.7,4659965.5],[564417.7,4659962.8],[564420.3,4659945.4],[564421.4,4659934.0],[564416.4,4659925.8],[564400.1,4659920.7],[564387.1,4659916.6],[564371.8,4659904.1],[564354.7,4659895.9],[564337.3,4659888.4],[564321.5,4659884.7],[564297.3,4659884.5],[564265.9,4659885.6]]},"properties":{"kind":"stream","name":null,"osmId":1447262864}},{"type":"Feature","geometry":{"type":"LineString","coordinates":[[565042.5,4661798.4],[565040.1,4661790.0],[565034.6,4661784.2],[565028.8,4661784.4],[565022.5,4661783.3],[565015.4,4661778.5],[565008.6,4661770.6],[564999.9,4661764.2],[564988.7,4661751.5],[564984.3,4661740.1],[564975.8,4661725.8],[564966.8,4661715.8],[564962.0,4661702.8],[564963.1,4661687.5],[564969.4,4661662.3],[564969.1,4661641.4],[564966.7,4661630.8],[564961.7,4661613.7],[564960.9,4661593.2],[564975.4,4661550.9],[564987.4,4661530.2],[564995.4,4661495.0],[564984.5,4661474.9],[564972.1,4661457.9],[564963.3,4661440.8],[564959.2,4661416.4],[564949.9,4661388.1],[564932.7,4661372.2],[564926.6,4661352.7],[564925.0,4661332.7],[564917.8,4661307.3],[564907.5,4661288.9],[564897.6,4661279.5],[564889.1,4661258.8],[564886.8,4661234.8],[564898.1,4661213.6],[564901.4,4661185.3],[564902.3,4661166.2]]},"properties":{"kind":"stream","name":null,"osmId":1447262867}},{"type":"Feature","geometry":{"type":"Polygon","coordinates":[[[565017.8,4661770.6],[565026.4,4661773.7],[565032.5,4661772.7],[565034.2,4661765.8],[565032.2,4661758.6],[565024.1,4661753.3],[565016.1,4661752.1],[565011.8,4661755.7],[565007.2,4661759.6],[565008.8,4661764.2],[565012.9,4661767.7],[565017.8,4661770.6]]]},"properties":{"kind":"lake","name":null,"osmId":1447262868}},{"type":"Feature","geometry":{"type":"LineString","coordinates":[[571749.1,4664987.4],[571749.3,4665004.7],[571751.9,4665018.4],[571754.8,4665042.3],[571753.6,4665052.1],[571755.9,4665060.0],[571753.2,4665073.3],[571755.2,4665084.1],[571754.7,4665095.5],[571751.9,4665102.6],[571751.1,4665108.1],[571746.6,4665116.4],[571738.3,4665123.5],[571732.4,4665132.9],[571725.3,4665155.0],[571726.5,4665166.7],[571726.0,4665174.5],[571725.0,4665186.5],[571723.4,4665189.8],[571722.8,4665195.8],[571722.1,4665202.1]]},"properties":{"kind":"stream","name":null,"osmId":1447262872}},{"type":"Feature","geometry":{"type":"LineString","coordinates":[[568154.2,4672572.1],[568151.4,4672567.5],[568145.6,4672562.5],[568143.6,4672558.4],[568145.6,4672554.1],[568142.3,4672548.7],[568136.4,4672544.5],[568132.2,4672539.6],[568130.3,4672530.9],[568127.0,4672527.9],[568126.1,4672517.8],[568123.6,4672513.2],[568117.4,4672508.5],[568115.5,4672499.0],[568114.4,4672489.2],[568110.0,4672478.8],[568104.0,4672472.3],[568102.2,4672463.8],[568099.1,4672456.4],[568096.5,4672447.0],[568092.5,4672438.7],[568081.2,4672428.7],[568073.0,4672419.8],[568068.0,4672408.1],[568061.7,4672400.2],[568050.6,4672390.9],[568037.1,4672374.5],[568022.5,4672359.4],[567999.8,4672346.2],[567990.5,4672335.8],[567984.1,4672321.0],[567981.2,4672304.1],[567978.0,4672292.8],[567974.2,4672286.6],[567973.8,4672273.6],[567975.8,4672261.0],[567982.4,4672254.7],[567990.4,4672242.4],[567988.1,4672225.5],[567983.8,4672211.1],[567979.7,4672198.7],[567972.5,4672188.7],[567962.9,4672183.4],[567956.3,4672169.6],[567948.4,4672157.7],[567944.8,4672152.5],[567946.6,4672139.3],[567946.6,4672128.7],[567936.3,4672117.7],[567926.6,4672111.7],[567915.4,4672111.8],[567901.2,4672111.3],[567887.1,4672103.9],[567880.7,4672101.5],[567876.1,4672088.6],[567870.6,4672079.0],[567859.1,4672074.7],[567845.3,4672068.4],[567836.6,4672059.0],[567833.2,4672047.7],[567824.2,4672032.1],[567812.0,4672022.8],[567798.6,4672009.8],[567787.1,4671993.6],[567773.9,4671982.4],[567762.6,4671968.9],[567759.0,4671957.8],[567754.5,4671945.1],[567748.1,4671927.8],[567751.6,4671909.3],[567751.7,4671893.6],[567744.3,4671873.8],[567734.1,4671853.4],[567725.4,4671837.6],[567725.6,4671820.4],[567730.2,4671801.9],[567739.2,4671784.6],[567753.1,4671769.4],[567761.9,4671757.4],[567763.0,4671745.8],[567759.2,4671733.1],[567759.3,4671722.6],[567760.3,4671701.3],[567756.1,4671692.4],[567747.1,4671685.8]]},"properties":{"kind":"stream","name":null,"osmId":1447807252}},{"type":"Feature","geometry":{"type":"LineString","coordinates":[[567747.1,4671685.8],[567734.7,4671668.3]]},"properties":{"kind":"stream","name":null,"osmId":1447807253}},{"type":"Feature","geometry":{"type":"LineString","coordinates":[[567632.8,4671567.0],[567615.8,4671554.0],[567592.6,4671534.9],[567573.4,4671521.4],[567547.5,4671502.0],[567515.1,4671479.0],[567507.7,4671466.1]]},"properties":{"kind":"stream","name":null,"osmId":1447807254}},{"type":"Feature","geometry":{"type":"LineString","coordinates":[[567734.7,4671668.3],[567726.0,4671655.2],[567721.5,4671649.4],[567718.4,4671641.8],[567717.9,4671636.7],[567716.2,4671632.4],[567709.4,4671627.1],[567698.6,4671617.9],[567687.2,4671609.8],[567668.3,4671594.2],[567657.9,4671585.0],[567646.4,4671577.4]]},"properties":{"kind":"stream","name":null,"osmId":1447807255}},{"type":"Feature","geometry":{"type":"LineString","coordinates":[[567646.4,4671577.4],[567632.8,4671567.0]]},"properties":{"kind":"stream","name":null,"osmId":1447807256}},{"type":"Feature","geometry":{"type":"Polygon","coordinates":[[[567597.8,4671687.1],[567613.1,4671685.8],[567626.8,4671682.2],[567636.4,4671676.3],[567646.0,4671665.9],[567652.2,4671659.5],[567660.0,4671655.5],[567663.9,4671653.1],[567664.3,4671650.1],[567661.4,4671647.6],[567654.4,4671642.3],[567647.2,4671637.2],[567644.9,4671636.2],[567641.0,4671636.8],[567637.8,4671638.1],[567634.9,4671636.7],[567634.3,4671634.4],[567634.4,4671630.8],[567631.4,4671626.5],[567625.4,4671622.0],[567621.1,4671617.4],[567617.3,4671621.7],[567612.7,4671628.0],[567612.3,4671633.8],[567608.5,4671640.6],[567597.9,4671654.9],[567592.1,4671659.9],[567590.4,4671666.3],[567586.5,4671669.6],[567583.7,4671672.7],[567583.4,4671674.7],[567584.3,4671676.8],[567586.4,4671677.8],[567590.8,4671676.7],[567593.0,4671676.4],[567594.0,4671677.6],[567594.8,4671679.4],[567594.8,4671682.3],[567595.3,4671685.2],[567597.8,4671687.1]]]},"properties":{"kind":"lake","name":null,"osmId":1447807257}},{"type":"Feature","geometry":{"type":"Polygon","coordinates":[[[567285.5,4671746.0],[567291.9,4671744.6],[567295.4,4671739.9],[567296.9,4671733.4],[567295.4,4671724.4],[567289.5,4671718.7],[567280.1,4671718.3],[567271.8,4671721.0],[567263.3,4671725.8],[567257.8,4671728.0],[567258.7,4671732.2],[567263.5,4671732.7],[567266.7,4671737.9],[567268.9,4671742.6],[567273.8,4671741.5],[567281.5,4671742.1],[567283.3,4671744.5],[567285.5,4671746.0]]]},"properties":{"kind":"lake","name":null,"osmId":1447807260}},{"type":"Feature","geometry":{"type":"LineString","coordinates":[[567257.8,4671728.0],[567247.5,4671729.6],[567240.8,4671734.0],[567236.1,4671742.4],[567229.0,4671745.2],[567221.1,4671741.9],[567211.9,4671738.4],[567204.7,4671739.3],[567198.2,4671739.2],[567170.9,4671746.4],[567145.2,4671756.7]]},"properties":{"kind":"stream","name":null,"osmId":1447807261}},{"type":"Feature","geometry":{"type":"LineString","coordinates":[[567413.9,4672023.0],[567407.0,4672014.1],[567405.3,4672000.4],[567405.4,4671989.8],[567402.0,4671976.6],[567390.7,4671960.2],[567389.1,4671948.3],[567387.0,4671933.8],[567386.2,4671919.3],[567379.3,4671910.9],[567370.3,4671906.6],[567358.1,4671894.2],[567346.2,4671879.2],[567333.6,4671874.1],[567325.1,4671863.9],[567316.1,4671850.3],[567306.4,4671837.9],[567300.3,4671815.8],[567294.1,4671799.0],[567292.7,4671781.6],[567294.7,4671768.4],[567290.4,4671755.9],[567285.5,4671746.0]]},"properties":{"kind":"stream","name":null,"osmId":1447807262}},{"type":"Feature","geometry":{"type":"LineString","coordinates":[[567767.9,4672523.1],[567766.0,4672519.6],[567757.9,4672509.2],[567752.8,4672497.0],[567750.8,4672478.3],[567761.4,4672459.2],[567778.0,4672435.0],[567788.1,4672418.4],[567779.3,4672391.8],[567763.9,4672356.3],[567751.1,4672341.2],[567727.2,4672332.3],[567720.7,4672333.5],[567706.0,4672327.5],[567690.3,4672326.5],[567678.7,4672320.2],[567664.2,4672313.0],[567652.0,4672304.0],[567640.7,4672296.5],[567632.5,4672288.2],[567620.6,4672271.8],[567615.5,4672257.3],[567615.0,4672242.6],[567611.1,4672236.7],[567603.2,4672228.1],[567596.8,4672215.7],[567593.5,4672202.2],[567587.8,4672193.2],[567579.2,4672188.5],[567572.1,4672180.4],[567552.1,4672170.9],[567529.3,4672167.2],[567514.1,4672159.6],[567501.9,4672150.4],[567493.2,4672135.4],[567482.1,4672119.5],[567470.5,4672110.1],[567463.0,4672105.1],[567457.2,4672098.1],[567456.0,4672094.1],[567456.5,4672088.1],[567456.8,4672081.6],[567455.6,4672079.0],[567453.4,4672077.0],[567451.2,4672076.5],[567447.0,4672079.7],[567442.8,4672081.8],[567440.7,4672083.8]]},"properties":{"kind":"stream","name":null,"osmId":1447807263}},{"type":"Feature","geometry":{"type":"LineString","coordinates":[[567427.9,4672059.8],[567413.9,4672023.0]]},"properties":{"kind":"stream","name":null,"osmId":1447807264}},{"type":"Feature","geometry":{"type":"LineString","coordinates":[[567434.0,4672076.2],[567431.2,4672069.4],[567427.9,4672059.8]]},"properties":{"kind":"stream","name":null,"osmId":1447807265}},{"type":"Feature","geometry":{"type":"LineString","coordinates":[[567440.7,4672083.8],[567434.0,4672076.2]]},"properties":{"kind":"stream","name":null,"osmId":1447807266}},{"type":"Feature","geometry":{"type":"LineString","coordinates":[[567314.5,4672225.1],[567321.3,4672217.1],[567324.6,4672214.2],[567327.0,4672209.7],[567327.8,4672202.3],[567331.6,4672195.3],[567335.5,4672191.9],[567341.9,4672178.6],[567352.7,4672166.0],[567365.3,4672159.6],[567372.8,4672152.0],[567383.2,4672140.4],[567386.3,4672128.1],[567393.3,4672122.0],[567397.4,4672110.1],[567398.3,4672107.5],[567431.7,4672094.1],[567434.6,4672089.8],[567440.7,4672083.8]]},"properties":{"kind":"stream","name":null,"osmId":1447807267}},{"type":"Feature","geometry":{"type":"LineString","coordinates":[[567815.0,4672906.1],[567817.7,4672898.0],[567813.8,4672888.4],[567811.1,4672875.5],[567804.5,4672868.9],[567802.0,4672854.5],[567802.8,4672844.4],[567803.5,4672833.2],[567795.6,4672814.9],[567785.2,4672804.0],[567773.7,4672794.1],[567770.1,4672785.0],[567767.5,4672777.2],[567769.0,4672771.7],[567774.9,4672766.5],[567779.1,4672756.4],[567790.8,4672750.1],[567798.3,4672744.6],[567800.1,4672735.0],[567800.4,4672724.2],[567806.6,4672718.6],[567809.7,4672710.1],[567803.4,4672704.1],[567801.8,4672695.3],[567808.1,4672691.3],[567812.0,4672684.1],[567812.9,4672670.2],[567809.2,4672647.1],[567805.0,4672637.1],[567806.7,4672626.2],[567803.0,4672614.0],[567802.3,4672602.0],[567796.1,4672590.4],[567789.2,4672571.5],[567778.8,4672556.9],[567771.9,4672549.2],[567771.1,4672539.2]]},"properties":{"kind":"stream","name":null,"osmId":1447807268}},{"type":"Feature","geometry":{"type":"LineString","coordinates":[[567771.1,4672539.2],[567767.9,4672523.1]]},"properties":{"kind":"stream","name":null,"osmId":1447807269}},{"type":"Feature","geometry":{"type":"LineString","coordinates":[[563699.4,4673499.9],[563703.4,4673503.3],[563710.4,4673504.1],[563717.5,4673502.3],[563722.5,4673501.8],[563725.7,4673500.4],[563729.4,4673501.4],[563733.4,4673503.7],[563737.8,4673504.7],[563741.8,4673510.8],[563744.8,4673514.3],[563748.3,4673522.7],[563751.7,4673534.2],[563753.2,4673537.3],[563757.6,4673542.3],[563760.3,4673545.3],[563763.3,4673550.1],[563768.9,4673556.2]]},"properties":{"kind":"stream","name":null,"osmId":1447833803}},{"type":"Feature","geometry":{"type":"LineString","coordinates":[[563568.3,4673436.0],[563569.5,4673439.3],[563572.4,4673443.3],[563579.3,4673444.0],[563583.1,4673447.8],[563587.5,4673453.1],[563591.1,4673457.5],[563594.7,4673457.7],[563600.0,4673455.7],[563611.4,4673459.2],[563619.5,4673462.9],[563624.6,4673465.1],[563629.4,4673470.9],[563635.8,4673479.2],[563640.5,4673481.8],[563643.8,4673481.7]]},"properties":{"kind":"stream","name":null,"osmId":1447833804}},{"type":"Feature","geometry":{"type":"LineString","coordinates":[[563688.8,4673490.8],[563699.4,4673499.9]]},"properties":{"kind":"stream","name":null,"osmId":1447833805}},{"type":"Feature","geometry":{"type":"LineString","coordinates":[[563669.4,4673483.0],[563678.1,4673485.6],[563686.2,4673489.3],[563688.8,4673490.8]]},"properties":{"kind":"stream","name":null,"osmId":1447833806}},{"type":"Feature","geometry":{"type":"LineString","coordinates":[[563662.8,4673481.3],[563669.4,4673483.0]]},"properties":{"kind":"stream","name":null,"osmId":1447833807}},{"type":"Feature","geometry":{"type":"LineString","coordinates":[[563650.5,4673481.2],[563657.4,4673480.7],[563662.8,4673481.3]]},"properties":{"kind":"stream","name":null,"osmId":1447833808}},{"type":"Feature","geometry":{"type":"LineString","coordinates":[[563643.8,4673481.7],[563650.5,4673481.2]]},"properties":{"kind":"stream","name":null,"osmId":1447833809}},{"type":"Feature","geometry":{"type":"LineString","coordinates":[[566711.6,4671288.4],[566739.2,4671281.2],[566752.4,4671277.8],[566762.8,4671283.7],[566775.6,4671290.7],[566790.8,4671293.5],[566821.2,4671299.4],[566832.1,4671295.1],[566838.4,4671294.2],[566850.4,4671296.6],[566864.0,4671299.8],[566880.6,4671299.1],[566890.3,4671296.7],[566897.6,4671291.8],[566905.7,4671293.4],[566934.7,4671304.1],[566950.7,4671301.0],[566986.8,4671303.4],[566992.3,4671303.9],[566994.6,4671306.4]]},"properties":{"kind":"stream","name":null,"osmId":1447833810}},{"type":"Feature","geometry":{"type":"LineString","coordinates":[[567002.4,4671310.4],[567010.1,4671316.9],[567017.3,4671322.6],[567023.6,4671326.9],[567066.4,4671355.9],[567095.2,4671367.7],[567118.3,4671369.3]]},"properties":{"kind":"stream","name":null,"osmId":1447833811}},{"type":"Feature","geometry":{"type":"LineString","coordinates":[[566994.6,4671306.4],[567002.4,4671310.4]]},"properties":{"kind":"stream","name":null,"osmId":1447833812}},{"type":"Feature","geometry":{"type":"Polygon","coordinates":[[[566908.1,4671305.0],[566916.9,4671305.3],[566921.5,4671306.3],[566927.5,4671310.1],[566931.5,4671312.7],[566935.2,4671313.1],[566936.3,4671311.7],[566934.4,4671308.0],[566934.7,4671304.1],[566935.3,4671301.5],[566934.5,4671295.0],[566931.7,4671289.6],[566928.0,4671286.6],[566921.3,4671287.1],[566914.5,4671288.0],[566908.8,4671291.1],[566905.7,4671293.4],[566905.9,4671297.1],[566907.2,4671301.3],[566908.1,4671305.0]]]},"properties":{"kind":"lake","name":null,"osmId":1447833813}},{"type":"Feature","geometry":{"type":"Polygon","coordinates":[[[566950.7,4671301.0],[566957.0,4671303.1],[566967.9,4671304.8],[566976.2,4671307.2],[566983.0,4671306.2],[566986.8,4671303.4],[566990.4,4671300.1],[566988.5,4671293.9],[566982.4,4671291.7],[566971.5,4671291.5],[566961.1,4671294.3],[566954.5,4671297.1],[566951.3,4671299.0],[566950.7,4671301.0]]]},"properties":{"kind":"lake","name":null,"osmId":1447833814}},{"type":"Feature","geometry":{"type":"Polygon","coordinates":[[[567070.2,4671365.8],[567070.2,4671371.8],[567068.8,4671380.3],[567080.1,4671388.6],[567090.2,4671394.3],[567095.3,4671393.6],[567095.2,4671386.8],[567092.6,4671379.7],[567090.5,4671374.1],[567095.2,4671367.7],[567091.3,4671363.1],[567087.1,4671360.4],[567087.2,4671352.9],[567084.7,4671346.5],[567074.4,4671335.2],[567063.4,4671331.1],[567053.0,4671328.1],[567043.8,4671325.7],[567037.7,4671327.9],[567030.8,4671325.4],[567025.8,4671320.9],[567022.4,4671316.4],[567017.3,4671322.6],[567019.9,4671331.2],[567023.1,4671337.8],[567030.0,4671341.4],[567036.8,4671343.1],[567045.7,4671352.1],[567048.4,4671356.4],[567055.5,4671355.7],[567062.8,4671361.0],[567070.2,4671365.8]]]},"properties":{"kind":"lake","name":null,"osmId":1447833815}},{"type":"Feature","geometry":{"type":"LineString","coordinates":[[567143.6,4670835.8],[567180.6,4670836.7],[567190.9,4670836.2],[567200.3,4670833.5],[567211.5,4670826.9],[567237.5,4670809.8]]},"properties":{"kind":"road","name":null,"osmId":1447833817}},{"type":"Feature","geometry":{"type":"LineString","coordinates":[[567215.0,4670934.9],[567235.9,4670937.3],[567258.0,4670938.0],[567280.1,4670932.6],[567292.9,4670928.8],[567315.5,4670930.2]]},"properties":{"kind":"road","name":null,"osmId":1447833818}},{"type":"Feature","geometry":{"type":"LineString","coordinates":[[567215.9,4670958.6],[567176.5,4670965.5],[567176.0,4670975.5]]},"properties":{"kind":"road","name":null,"osmId":1447833821}},{"type":"Feature","geometry":{"type":"LineString","coordinates":[[567140.7,4670774.4],[567105.9,4670774.2],[567101.2,4670782.6],[567100.8,4670792.5],[567104.9,4670801.9]]},"properties":{"kind":"road","name":null,"osmId":1447833822}},{"type":"Feature","geometry":{"type":"LineString","coordinates":[[567141.5,4670571.1],[567122.5,4670545.1],[567115.8,4670538.4],[567108.5,4670533.8]]},"properties":{"kind":"road","name":null,"osmId":1447833826}},{"type":"Feature","geometry":{"type":"LineString","coordinates":[[562732.5,4671091.8],[562729.4,4671086.2],[562726.6,4671073.3],[562724.9,4671066.3],[562720.4,4671060.7],[562714.2,4671057.6],[562710.5,4671050.2],[562706.7,4671044.5]]},"properties":{"kind":"trail","name":null,"osmId":1447982387}},{"type":"Feature","geometry":{"type":"LineString","coordinates":[[565279.2,4666385.3],[565270.8,4666376.3],[565265.7,4666367.7],[565264.3,4666360.0],[565262.5,4666346.5],[565265.6,4666338.5],[565272.5,4666334.2]]},"properties":{"kind":"road","name":null,"osmId":1448324919}},{"type":"Feature","geometry":{"type":"LineString","coordinates":[[571674.2,4663553.3],[571658.9,4663531.6],[571651.3,4663522.3],[571643.8,4663510.2],[571634.3,4663503.9],[571628.1,4663500.3],[571619.4,4663499.6],[571612.6,4663497.1],[571606.8,4663496.4],[571593.3,4663493.1],[571576.9,4663486.2],[571566.5,4663477.5],[571557.6,4663467.3],[571533.3,4663452.0],[571513.8,4663432.6],[571507.9,4663418.6],[571507.6,4663400.6],[571503.1,4663386.9],[571490.4,4663378.2],[571473.4,4663373.0],[571465.9,4663375.2],[571456.0,4663369.2],[571449.8,4663360.8],[571443.9,4663346.0],[571437.1,4663334.6]]},"properties":{"kind":"stream","name":null,"osmId":1450442644}},{"type":"Feature","geometry":{"type":"LineString","coordinates":[[568493.0,4663599.3],[568495.5,4663599.1],[568499.2,4663599.5],[568502.9,4663599.0],[568508.6,4663597.2],[568512.4,4663595.9],[568517.0,4663594.8],[568519.1,4663594.2],[568524.2,4663593.1],[568527.6,4663593.0]]},"properties":{"kind":"stream","name":null,"osmId":1450948545}},{"type":"Feature","geometry":{"type":"LineString","coordinates":[[568502.1,4661885.1],[568502.1,4661879.3],[568502.2,4661873.9],[568504.7,4661864.3],[568504.4,4661854.7],[568496.4,4661848.3],[568494.2,4661840.1],[568490.2,4661824.3],[568486.4,4661811.1],[568489.3,4661793.1],[568488.3,4661788.0],[568476.3,4661777.6],[568472.7,4661772.1],[568472.0,4661765.7],[568474.4,4661757.9],[568479.6,4661752.8],[568483.5,4661749.3],[568486.0,4661740.7],[568484.8,4661733.6],[568486.5,4661727.1],[568489.9,4661723.0],[568494.2,4661716.3],[568496.3,4661713.6],[568497.1,4661710.4],[568498.4,4661705.1],[568502.0,4661700.8],[568508.5,4661694.3],[568515.5,4661686.7]]},"properties":{"kind":"stream","name":null,"osmId":1450948546}},{"type":"Feature","geometry":{"type":"LineString","coordinates":[[571420.0,4664342.8],[571410.6,4664317.6],[571403.1,4664302.9],[571403.0,4664290.9],[571399.9,4664282.3],[571397.7,4664277.8],[571396.1,4664273.6],[571386.9,4664259.0],[571379.6,4664248.2],[571375.4,4664239.3],[571375.5,4664224.4],[571372.6,4664211.7],[571365.0,4664187.1],[571360.0,4664179.1],[571349.3,4664142.3],[571335.5,4664105.0],[571326.3,4664086.2],[571316.6,4664062.2],[571302.6,4664023.7],[571300.8,4664008.4],[571297.7,4664002.0],[571296.2,4663995.3],[571296.3,4663985.6],[571294.2,4663963.8],[571292.8,4663937.0],[571286.4,4663913.0],[571281.9,4663892.3],[571271.8,4663870.0],[571268.7,4663861.4],[571263.3,4663855.3],[571250.7,4663845.3],[571244.1,4663835.6],[571239.9,4663829.9],[571233.9,4663823.9],[571232.0,4663819.8],[571229.9,4663816.4],[571219.6,4663810.7],[571213.3,4663807.9],[571204.4,4663801.2],[571198.3,4663798.3],[571191.6,4663794.1],[571190.2,4663776.6],[571192.2,4663760.2],[571194.7,4663752.4],[571196.2,4663745.3],[571193.9,4663735.7],[571189.9,4663723.8],[571188.4,4663705.5],[571184.1,4663665.9],[571182.4,4663657.6],[571182.4,4663649.0],[571185.3,4663641.9],[571192.4,4663629.5],[571193.7,4663617.7],[571193.3,4663608.6],[571188.1,4663599.2],[571187.1,4663586.6],[571192.1,4663576.7],[571192.6,4663566.4],[571188.6,4663553.0],[571186.0,4663543.8],[571177.6,4663535.3],[571169.8,4663523.7],[571162.1,4663512.1],[571153.3,4663499.8],[571146.6,4663486.5],[571146.7,4663478.7],[571147.5,4663470.8],[571151.5,4663463.1],[571150.5,4663454.3],[571147.6,4663448.1],[571147.5,4663442.2],[571150.3,4663435.3],[571147.4,4663423.6],[571142.8,4663412.7],[571142.9,4663401.9],[571142.0,4663390.2],[571143.4,4663376.1],[571139.5,4663362.7],[571133.1,4663353.6],[571129.7,4663338.5],[571122.4,4663317.9],[571113.3,4663303.1],[571111.0,4663296.0],[571110.7,4663287.2],[571113.8,4663277.1],[571113.4,4663268.9],[571110.0,4663258.8],[571105.3,4663245.3],[571104.6,4663228.8],[571105.4,4663215.2],[571101.7,4663199.6],[571095.9,4663183.4],[571088.0,4663166.9],[571078.8,4663153.3],[571072.8,4663146.6],[571069.2,4663139.3],[571068.8,4663130.5],[571074.3,4663124.2]]},"properties":{"kind":"stream","name":null,"osmId":1450994208}},{"type":"Feature","geometry":{"type":"LineString","coordinates":[[571182.8,4663904.8],[571181.3,4663899.0],[571179.8,4663895.7],[571181.4,4663890.9],[571177.9,4663887.1],[571172.6,4663883.5],[571171.1,4663879.9],[571171.6,4663875.5],[571175.0,4663871.1],[571177.7,4663867.6],[571178.1,4663866.3],[571181.7,4663861.0],[571183.7,4663858.6],[571184.1,4663856.2],[571184.5,4663851.7],[571182.7,4663843.2],[571178.1,4663834.4],[571177.7,4663826.5],[571178.4,4663817.9],[571179.6,4663810.6],[571180.1,4663805.0],[571182.5,4663800.8],[571187.1,4663798.6],[571191.6,4663794.1]]},"properties":{"kind":"stream","name":null,"osmId":1450994209}},{"type":"Feature","geometry":{"type":"LineString","coordinates":[[569916.7,4664036.2],[569917.6,4664031.1],[569921.9,4664028.3],[569923.2,4664026.1],[569923.3,4664022.6],[569924.7,4664018.2],[569928.0,4664012.4],[569931.3,4664005.7],[569935.7,4664000.8],[569937.6,4663998.7],[569941.6,4663995.2],[569942.7,4663988.8],[569943.4,4663982.0]]},"properties":{"kind":"stream","name":null,"osmId":1450994210}},{"type":"Feature","geometry":{"type":"LineString","coordinates":[[569781.9,4662313.8],[569790.2,4662312.1],[569795.1,4662306.6],[569799.6,4662298.7],[569804.3,4662294.3],[569808.1,4662290.4],[569812.1,4662286.7],[569816.1,4662286.5],[569820.7,4662284.1]]},"properties":{"kind":"stream","name":null,"osmId":1450994211}},{"type":"Feature","geometry":{"type":"LineString","coordinates":[[568398.2,4665771.3],[568409.7,4665786.2],[568424.1,4665801.0],[568435.7,4665817.8],[568449.2,4665835.2],[568450.8,4665838.9],[568458.2,4665841.9],[568465.4,4665849.7],[568466.2,4665855.4],[568468.8,4665861.2],[568471.3,4665865.8],[568478.8,4665870.3],[568485.6,4665875.6],[568492.0,4665877.2],[568496.8,4665881.8],[568505.9,4665885.2],[568514.0,4665896.4],[568538.6,4665918.8],[568544.8,4665926.8],[568555.7,4665934.0],[568567.5,4665941.1],[568580.0,4665948.1],[568585.1,4665956.3],[568591.1,4665962.3],[568603.8,4665973.5],[568612.1,4665980.8],[568619.1,4665984.2],[568631.7,4665994.6],[568634.1,4665997.9],[568642.0,4666011.9],[568648.5,4666017.3],[568654.8,4666024.8],[568660.2,4666031.5],[568665.6,4666036.1],[568672.5,4666042.1],[568676.5,4666043.5],[568678.4,4666045.9],[568681.9,4666052.4],[568686.5,4666061.6],[568690.3,4666067.3],[568694.8,4666071.8],[568707.7,4666084.6],[568713.6,4666085.4],[568721.4,4666086.6],[568723.9,4666089.6],[568736.1,4666101.3],[568745.1,4666105.4],[568763.4,4666122.4],[568793.1,4666164.1],[568811.4,4666182.6],[568825.4,4666193.7],[568838.1,4666206.7],[568863.4,4666232.7]]},"properties":{"kind":"stream","name":"Roaring Kill","osmId":1451002043}},{"type":"Feature","geometry":{"type":"LineString","coordinates":[[570758.7,4667160.7],[570768.8,4667163.8],[570781.0,4667166.0],[570790.1,4667166.3],[570798.8,4667163.2],[570806.8,4667161.6],[570824.2,4667160.3],[570831.2,4667159.2],[570838.2,4667159.3],[570849.3,4667158.9],[570857.9,4667159.4],[570861.4,4667156.5],[570868.9,4667151.7]]},"properties":{"kind":"stream","name":null,"osmId":1451002044}},{"type":"Feature","geometry":{"type":"LineString","coordinates":[[571060.5,4667210.3],[571064.9,4667207.6],[571066.8,4667205.5],[571068.6,4667201.6],[571072.2,4667196.8],[571073.9,4667192.7],[571079.2,4667188.8],[571093.2,4667184.7],[571108.8,4667181.3],[571129.4,4667176.7],[571139.0,4667172.4],[571158.6,4667167.3],[571167.5,4667163.2],[571179.1,4667154.4],[571187.3,4667151.7],[571193.1,4667147.7],[571201.6,4667145.6],[571210.1,4667138.2],[571219.0,4667135.0],[571227.7,4667131.9],[571230.7,4667130.8],[571237.1,4667132.2],[571243.1,4667128.9],[571247.2,4667128.2],[571254.9,4667126.9],[571257.7,4667125.3],[571261.5,4667122.8],[571270.6,4667122.0],[571276.9,4667119.1],[571284.3,4667113.1],[571288.7,4667108.3],[571297.7,4667102.2],[571304.4,4667099.1],[571313.3,4667095.6],[571319.7,4667094.2],[571324.3,4667096.1],[571326.8,4667100.5],[571338.5,4667102.2],[571348.3,4667100.5],[571351.9,4667093.9],[571357.2,4667088.0],[571364.5,4667083.5],[571378.6,4667083.4],[571389.9,4667088.1],[571399.9,4667095.3],[571402.4,4667096.1]]},"properties":{"kind":"stream","name":null,"osmId":1451002045}},{"type":"Feature","geometry":{"type":"LineString","coordinates":[[571125.4,4666632.6],[571135.6,4666636.9],[571143.4,4666641.8],[571149.0,4666646.5],[571154.3,4666649.9],[571161.7,4666652.8],[571171.0,4666654.2],[571180.8,4666656.5],[571188.1,4666659.4],[571197.2,4666665.4],[571199.9,4666669.5],[571207.2,4666673.8],[571213.2,4666675.8],[571216.2,4666680.1],[571217.7,4666684.7],[571217.9,4666691.9],[571219.6,4666696.3],[571225.5,4666701.9],[571231.7,4666704.3],[571235.9,4666707.4],[571236.3,4666711.6],[571235.5,4666717.8],[571232.4,4666723.7],[571232.8,4666727.2],[571235.3,4666730.7],[571241.1,4666735.6],[571246.4,4666738.0],[571249.5,4666741.4],[571250.4,4666745.8],[571251.7,4666748.1],[571254.7,4666751.2],[571258.6,4666752.9],[571264.6,4666752.8],[571270.4,4666750.8],[571275.3,4666749.2],[571280.1,4666750.2],[571289.2,4666752.7],[571296.8,4666757.6],[571304.2,4666763.8],[571309.5,4666770.7],[571315.6,4666776.9],[571322.8,4666782.2],[571330.3,4666785.6],[571338.8,4666787.6],[571343.5,4666788.6],[571352.9,4666790.5],[571357.8,4666795.2],[571365.5,4666806.7],[571371.3,4666810.8],[571376.2,4666814.2],[571380.8,4666821.4],[571385.1,4666831.9],[571388.2,4666839.8],[571390.3,4666845.8],[571390.2,4666850.0],[571393.0,4666857.6],[571398.0,4666864.2],[571402.4,4666870.4],[571405.0,4666877.0],[571409.7,4666883.3],[571411.2,4666887.0],[571410.7,4666891.7],[571413.4,4666894.9],[571418.9,4666901.3],[571422.8,4666907.4],[571436.5,4666914.8],[571439.2,4666922.0],[571440.0,4666926.8],[571444.1,4666929.9],[571450.6,4666931.3],[571453.2,4666931.8],[571462.5,4666932.1],[571467.0,4666933.2],[571478.5,4666937.5],[571481.6,4666941.1],[571486.6,4666948.9],[571495.9,4666966.9],[571502.1,4666973.8],[571507.3,4666977.1],[571515.1,4666978.3],[571524.2,4666974.9],[571529.6,4666969.2],[571541.1,4666969.8],[571552.9,4666965.9],[571568.0,4666961.1],[571586.5,4666958.8]]},"properties":{"kind":"stream","name":null,"osmId":1451075648}},{"type":"Feature","geometry":{"type":"LineString","coordinates":[[569864.8,4666769.8],[569873.7,4666763.1]]},"properties":{"kind":"stream","name":null,"osmId":1451075649}},{"type":"Feature","geometry":{"type":"LineString","coordinates":[[569873.7,4666763.1],[569881.3,4666760.8],[569886.7,4666753.2],[569890.2,4666748.4],[569892.1,4666745.3],[569894.5,4666743.5]]},"properties":{"kind":"stream","name":null,"osmId":1451075650}},{"type":"Feature","geometry":{"type":"LineString","coordinates":[[569853.6,4666742.0],[569867.4,4666741.8]]},"properties":{"kind":"stream","name":null,"osmId":1451075651}},{"type":"Feature","geometry":{"type":"LineString","coordinates":[[569700.6,4666728.2],[569703.8,4666728.2],[569707.7,4666733.7],[569714.1,4666740.4],[569722.3,4666747.1],[569726.4,4666751.5],[569734.3,4666754.0],[569738.7,4666755.4],[569742.7,4666757.9],[569748.7,4666762.1],[569756.7,4666765.6],[569762.2,4666768.6],[569767.9,4666768.9],[569775.1,4666768.9],[569780.3,4666769.5],[569787.4,4666768.7],[569792.9,4666766.0],[569799.3,4666767.3],[569804.2,4666765.7],[569807.8,4666763.0],[569815.1,4666760.6],[569822.1,4666760.7],[569827.9,4666759.6],[569831.8,4666755.4],[569839.2,4666749.2],[569843.6,4666746.2],[569847.1,4666744.5],[569853.6,4666742.0]]},"properties":{"kind":"stream","name":null,"osmId":1451075652}},{"type":"Feature","geometry":{"type":"LineString","coordinates":[[569490.0,4666853.3],[569496.4,4666847.5],[569503.3,4666845.0],[569513.1,4666848.1],[569521.5,4666855.1],[569525.1,4666859.4],[569527.0,4666865.7],[569532.1,4666876.2],[569540.0,4666883.8],[569542.4,4666895.6],[569545.1,4666901.8],[569549.6,4666906.6],[569555.4,4666909.7],[569563.6,4666910.3],[569568.2,4666911.9],[569575.5,4666910.7],[569583.3,4666908.6],[569589.3,4666911.8],[569594.8,4666911.6],[569600.8,4666910.8],[569607.3,4666908.3],[569612.1,4666905.7],[569617.8,4666903.0],[569624.9,4666903.3],[569629.6,4666905.1],[569638.8,4666908.0],[569645.7,4666908.4],[569653.2,4666908.2],[569659.3,4666904.2],[569665.9,4666904.3],[569671.4,4666903.0],[569676.8,4666899.4],[569680.8,4666895.3],[569686.2,4666892.3],[569691.1,4666890.1],[569697.7,4666888.4],[569706.6,4666890.5],[569710.1,4666893.5],[569717.2,4666893.0],[569722.8,4666891.0],[569730.5,4666887.4],[569737.6,4666886.0],[569742.5,4666885.6],[569752.4,4666882.6],[569759.9,4666876.1],[569767.6,4666868.1],[569772.8,4666862.8],[569780.0,4666856.3],[569784.7,4666851.0],[569790.6,4666844.0],[569795.4,4666840.1],[569802.3,4666838.9],[569810.8,4666834.5],[569817.9,4666830.8],[569823.8,4666826.7],[569828.1,4666823.0],[569831.9,4666819.0],[569833.0,4666812.4],[569834.3,4666808.8],[569837.7,4666806.5],[569840.7,4666805.1],[569842.0,4666803.5],[569843.2,4666798.9],[569846.1,4666795.8],[569848.0,4666791.8],[569850.2,4666791.0],[569853.4,4666788.7],[569854.9,4666787.0],[569864.8,4666769.8]]},"properties":{"kind":"stream","name":null,"osmId":1451075653}},{"type":"Feature","geometry":{"type":"LineString","coordinates":[[569538.4,4667179.8],[569539.3,4667181.9],[569541.4,4667186.6],[569542.9,4667189.1],[569546.2,4667192.1],[569549.7,4667197.0],[569551.1,4667199.5],[569550.8,4667203.1],[569551.2,4667206.7],[569553.9,4667210.9],[569556.8,4667212.8],[569560.6,4667212.8],[569563.9,4667213.8],[569566.4,4667215.7],[569567.8,4667217.5],[569571.4,4667221.6],[569572.7,4667223.8],[569573.7,4667225.3],[569576.0,4667227.2],[569580.0,4667228.0],[569583.2,4667228.9],[569585.8,4667230.8],[569588.4,4667233.2],[569591.4,4667235.0],[569594.4,4667235.5],[569596.3,4667237.2],[569598.8,4667240.3],[569602.0,4667242.6],[569605.8,4667243.5],[569608.4,4667245.1],[569613.8,4667250.3],[569616.4,4667252.7],[569620.5,4667253.7],[569624.5,4667256.9],[569626.5,4667259.2],[569629.6,4667261.8],[569636.0,4667266.6],[569638.7,4667267.9],[569641.7,4667271.1],[569645.0,4667273.7],[569649.3,4667277.0],[569651.9,4667279.0],[569656.1,4667283.3],[569659.3,4667287.2],[569662.8,4667289.5],[569669.8,4667289.6],[569676.6,4667291.5],[569681.4,4667292.5],[569687.8,4667290.7],[569691.6,4667290.6],[569696.5,4667289.3],[569702.7,4667288.3],[569711.3,4667289.1],[569723.1,4667290.7],[569726.2,4667292.0],[569732.2,4667294.4],[569739.4,4667297.5],[569746.3,4667300.1],[569750.8,4667302.1],[569760.5,4667304.1],[569765.2,4667306.7],[569768.8,4667309.9],[569772.8,4667314.5],[569778.8,4667318.3],[569781.8,4667320.4],[569783.1,4667323.5],[569782.8,4667326.2],[569781.7,4667331.1],[569781.8,4667334.1],[569782.7,4667338.6],[569786.1,4667341.1],[569789.7,4667345.9],[569798.0,4667349.0],[569801.4,4667354.4],[569805.3,4667368.2],[569810.8,4667376.3],[569813.3,4667379.5],[569815.8,4667383.7],[569820.9,4667389.3],[569828.0,4667397.6],[569831.6,4667401.9],[569841.2,4667413.0],[569845.1,4667418.1],[569853.0,4667422.8],[569859.0,4667426.3],[569864.4,4667426.0],[569870.4,4667425.8],[569874.1,4667425.2],[569877.8,4667425.2],[569881.0,4667422.0],[569885.3,4667417.6],[569890.4,4667416.1],[569894.1,4667417.8],[569899.5,4667422.6],[569912.1,4667426.3],[569917.7,4667427.2],[569923.6,4667433.9],[569931.0,4667441.3],[569937.1,4667444.9],[569942.3,4667453.4],[569944.3,4667458.5],[569947.0,4667472.2],[569950.7,4667478.4],[569958.6,4667486.5],[569973.6,4667496.3],[569986.2,4667503.7],[569995.0,4667507.4],[570002.5,4667507.0],[570010.7,4667508.2],[570019.5,4667516.0],[570027.8,4667524.0],[570032.2,4667534.2],[570035.6,4667542.6],[570041.1,4667548.2],[570042.1,4667553.8],[570039.6,4667559.9],[570040.2,4667567.2],[570044.2,4667580.5],[570050.6,4667588.3],[570055.0,4667593.6],[570064.3,4667597.7],[570070.9,4667600.2],[570076.0,4667603.4],[570080.2,4667605.2],[570085.7,4667616.8],[570089.5,4667628.6],[570086.6,4667638.0],[570082.1,4667643.2],[570077.5,4667648.4],[570073.4,4667656.5],[570074.7,4667664.3],[570076.4,4667669.5],[570075.3,4667678.7],[570074.8,4667689.8],[570073.1,4667697.7],[570071.2,4667711.8],[570070.2,4667722.6],[570070.8,4667728.4],[570073.2,4667734.9],[570069.3,4667743.8],[570067.2,4667754.3],[570063.7,4667762.1],[570061.6,4667772.1],[570063.1,4667780.8],[570063.3,4667783.7],[570060.1,4667788.9],[570058.0,4667792.7],[570054.7,4667798.8],[570058.3,4667806.5],[570063.8,4667812.3],[570065.9,4667820.9],[570064.1,4667829.8],[570062.4,4667840.6],[570062.4,4667850.5],[570064.0,4667858.6],[570064.3,4667865.6],[570058.7,4667872.2],[570050.3,4667878.4],[570038.2,4667886.6],[570037.4,4667890.8],[570038.5,4667895.5],[570036.9,4667899.3],[570033.3,4667902.3],[570032.4,4667907.5],[570030.8,4667914.0],[570027.1,4667918.3],[570025.3,4667924.4],[570025.9,4667931.4],[570023.9,4667934.4],[570023.6,4667938.8],[570025.8,4667946.0],[570025.9,4667951.2],[570027.8,4667955.2],[570032.1,4667958.0],[570034.5,4667960.4],[570034.6,4667964.5],[570035.4,4667968.1],[570035.1,4667976.4],[570035.4,4667981.3],[570033.0,4667986.0],[570033.7,4667989.7],[570034.7,4667993.9],[570037.9,4667996.6],[570039.2,4668001.1],[570038.7,4668005.1],[570037.4,4668013.9],[570039.2,4668023.3],[570040.9,4668031.0],[570041.4,4668042.0],[570038.9,4668053.0],[570036.0,4668062.3],[570037.3,4668072.2],[570042.7,4668084.9],[570043.7,4668091.3],[570041.8,4668096.9],[570039.5,4668104.5],[570040.2,4668112.3],[570042.5,4668120.0],[570042.3,4668126.3],[570042.7,4668136.2],[570033.1,4668154.2],[570027.2,4668162.9],[570023.1,4668169.3],[570019.4,4668177.3],[570017.6,4668187.5],[570018.2,4668196.7],[570020.9,4668201.1],[570018.9,4668205.7],[570015.8,4668210.8],[570016.0,4668216.9],[570013.9,4668221.0],[570010.3,4668221.9],[570008.0,4668226.7],[570008.5,4668231.6],[570011.4,4668234.4],[570012.9,4668238.1],[570011.4,4668243.8],[570012.4,4668246.9],[570016.2,4668250.1],[570020.7,4668250.4]]},"properties":{"kind":"stream","name":null,"osmId":1451102023}},{"type":"Feature","geometry":{"type":"LineString","coordinates":[[568174.3,4666605.8],[568179.8,4666624.7],[568182.8,4666634.1],[568183.6,4666641.9],[568180.3,4666650.1],[568178.4,4666660.4],[568179.2,4666670.9],[568187.4,4666693.4],[568193.2,4666704.7],[568194.6,4666713.0],[568191.9,4666721.2],[568193.4,4666728.0],[568191.2,4666738.5],[568192.8,4666750.3],[568197.7,4666759.4],[568208.3,4666772.3],[568215.2,4666781.7],[568214.7,4666786.7],[568212.3,4666792.9],[568214.8,4666799.8],[568218.6,4666806.7],[568220.1,4666819.0],[568226.9,4666827.6],[568230.6,4666839.0],[568236.8,4666845.9],[568238.2,4666850.6],[568237.8,4666858.6],[568236.2,4666866.7],[568239.3,4666874.2],[568248.1,4666883.4],[568251.2,4666888.7],[568254.1,4666897.7],[568256.4,4666902.9],[568260.7,4666909.8],[568263.2,4666921.5],[568267.6,4666945.5],[568272.8,4666960.3],[568275.6,4666969.4],[568275.0,4666983.5],[568283.0,4666998.2],[568290.6,4667011.5],[568290.8,4667030.3],[568293.1,4667040.0],[568293.3,4667056.5],[568295.9,4667072.7],[568301.3,4667083.6],[568309.0,4667092.6],[568313.9,4667113.0],[568322.1,4667133.4],[568328.2,4667137.7],[568335.6,4667139.8],[568340.0,4667144.6],[568342.8,4667150.5],[568348.6,4667160.5],[568352.5,4667180.4],[568356.3,4667193.0],[568362.1,4667205.8],[568365.7,4667226.0],[568365.0,4667249.4],[568365.2,4667261.4],[568362.6,4667268.9],[568365.7,4667277.5],[568373.2,4667286.9],[568375.2,4667293.3],[568374.1,4667300.4],[568375.3,4667310.0],[568378.9,4667314.0],[568382.2,4667320.6],[568382.9,4667329.4],[568385.7,4667338.8],[568389.4,4667350.8],[568393.7,4667361.8],[568403.7,4667372.8],[568410.6,4667385.7],[568419.0,4667397.2],[568419.2,4667405.3],[568417.1,4667418.0],[568419.1,4667427.2],[568424.5,4667440.7],[568424.1,4667451.8],[568421.5,4667465.5],[568420.9,4667478.7],[568425.9,4667492.1],[568428.4,4667498.2],[568427.3,4667503.1],[568420.7,4667517.0],[568416.4,4667526.1],[568415.6,4667534.5],[568418.4,4667541.8],[568424.1,4667549.1],[568433.3,4667554.2],[568438.2,4667560.7],[568444.4,4667579.2],[568444.9,4667586.5],[568449.2,4667595.6],[568452.9,4667601.2],[568452.8,4667616.6],[568450.4,4667627.2],[568449.0,4667639.0],[568451.2,4667651.7],[568456.5,4667661.9],[568463.9,4667668.2],[568470.5,4667675.4],[568473.4,4667682.0],[568473.2,4667690.0],[568475.4,4667712.8],[568478.5,4667738.0],[568483.2,4667754.4],[568498.6,4667769.1],[568510.9,4667782.6],[568516.1,4667791.1],[568518.0,4667798.9],[568521.3,4667805.7],[568526.9,4667810.3],[568538.8,4667814.1],[568552.4,4667820.6],[568558.5,4667827.6],[568565.2,4667832.4],[568571.6,4667835.4],[568580.1,4667834.2],[568587.2,4667834.6],[568599.5,4667837.7],[568611.6,4667846.0],[568616.0,4667852.9],[568621.1,4667859.7],[568628.9,4667878.1],[568632.3,4667886.5],[568639.2,4667895.9],[568648.8,4667907.9],[568656.5,4667914.1],[568668.6,4667926.0],[568674.1,4667935.6],[568682.8,4667943.1],[568693.6,4667949.2],[568708.0,4667956.0],[568718.6,4667967.0],[568725.5,4667976.1],[568735.4,4667983.8],[568744.9,4667992.8],[568757.4,4668009.5],[568770.9,4668023.5],[568779.8,4668031.3],[568786.8,4668033.0],[568788.8,4668037.3]]},"properties":{"kind":"stream","name":"cook brook","osmId":1451102024}},{"type":"Feature","geometry":{"type":"LineString","coordinates":[[563954.9,4673326.6],[563950.4,4673319.7],[563949.8,4673315.5],[563949.5,4673310.5],[563950.7,4673306.6],[563955.0,4673302.7],[563959.7,4673299.8],[563963.5,4673298.6],[563967.3,4673298.7],[563972.9,4673300.3],[563978.9,4673306.4]]},"properties":{"kind":"road","name":null,"osmId":1457051350}},{"type":"Feature","geometry":{"type":"LineString","coordinates":[[564038.9,4673283.1],[564035.6,4673278.2],[564030.5,4673270.2],[564025.5,4673266.8],[564018.5,4673263.7],[564010.4,4673261.9],[563993.8,4673260.8]]},"properties":{"kind":"road","name":null,"osmId":1457051351}},{"type":"Feature","geometry":{"type":"LineString","coordinates":[[564204.0,4673246.2],[564211.1,4673234.4],[564215.0,4673229.1],[564218.9,4673225.5],[564225.1,4673223.2],[564230.7,4673222.5],[564237.0,4673222.6],[564243.6,4673225.0]]},"properties":{"kind":"road","name":null,"osmId":1457051352}},{"type":"Feature","geometry":{"type":"LineString","coordinates":[[564152.6,4673257.4],[564153.7,4673249.6],[564155.5,4673244.2],[564158.1,4673241.1],[564161.7,4673238.6],[564167.6,4673237.0],[564172.5,4673237.0],[564179.3,4673239.0],[564184.0,4673241.6],[564191.8,4673250.2]]},"properties":{"kind":"road","name":null,"osmId":1457051353}},{"type":"Feature","geometry":{"type":"LineString","coordinates":[[564112.9,4673263.1],[564110.7,4673254.0],[564110.5,4673246.8],[564111.4,4673243.3],[564113.8,4673239.6],[564119.2,4673234.9],[564127.2,4673233.8],[564131.9,4673235.6],[564135.3,4673240.7],[564140.8,4673259.0]]},"properties":{"kind":"road","name":null,"osmId":1457051354}},{"type":"Feature","geometry":{"type":"LineString","coordinates":[[564083.5,4673270.3],[564078.6,4673255.4],[564074.4,4673246.5]]},"properties":{"kind":"road","name":null,"osmId":1457051355}},{"type":"Feature","geometry":{"type":"LineString","coordinates":[[563912.8,4673341.4],[563914.8,4673345.8],[563923.2,4673355.4],[563931.6,4673361.0]]},"properties":{"kind":"road","name":null,"osmId":1457051356}},{"type":"Feature","geometry":{"type":"LineString","coordinates":[[571717.1,4671983.1],[571709.3,4671981.7],[571700.8,4671980.8],[571691.3,4671978.1],[571684.2,4671978.2],[571676.0,4671976.9],[571669.5,4671975.0],[571664.8,4671972.4],[571654.5,4671970.2],[571646.4,4671969.4],[571636.9,4671967.5],[571629.8,4671967.7],[571626.0,4671967.1],[571620.3,4671965.7],[571606.9,4671966.8],[571595.6,4671968.9],[571586.0,4671969.2]]},"properties":{"kind":"stream","name":null,"osmId":1472850212}},{"type":"Feature","geometry":{"type":"LineString","coordinates":[[571727.1,4671983.9],[571717.1,4671983.1]]},"properties":{"kind":"stream","name":null,"osmId":1472850213}},{"type":"Feature","geometry":{"type":"LineString","coordinates":[[571811.8,4672025.5],[571808.9,4672023.9],[571801.6,4672020.8],[571797.6,4672017.9],[571792.0,4672014.2],[571783.4,4672009.3],[571777.5,4672005.9],[571772.9,4672004.6],[571768.5,4672003.6],[571767.6,4672002.0],[571767.4,4671998.2],[571767.6,4671993.2],[571767.4,4671989.6],[571766.7,4671987.4],[571765.2,4671986.1],[571762.3,4671985.5],[571755.4,4671986.0],[571746.2,4671986.1],[571737.7,4671985.6],[571727.1,4671983.9]]},"properties":{"kind":"stream","name":null,"osmId":1472850214}},{"type":"Feature","geometry":{"type":"LineString","coordinates":[[571462.2,4672876.6],[571471.0,4672876.2],[571484.0,4672874.4],[571491.1,4672872.7],[571497.1,4672865.0],[571501.9,4672859.2],[571507.2,4672856.8],[571512.7,4672852.0],[571514.0,4672849.0],[571511.9,4672844.9],[571513.4,4672839.0],[571516.0,4672833.7],[571519.8,4672831.8],[571525.8,4672833.0],[571530.7,4672834.8],[571534.5,4672835.4],[571539.3,4672834.3],[571543.3,4672831.1],[571547.9,4672827.2],[571553.6,4672827.0],[571556.2,4672828.5],[571559.8,4672829.1],[571564.0,4672829.2],[571568.5,4672827.7],[571574.6,4672826.7],[571576.7,4672827.3],[571580.1,4672827.6],[571584.1,4672826.7],[571587.8,4672824.7],[571591.3,4672821.9],[571593.3,4672818.5],[571595.3,4672814.6],[571599.2,4672813.6],[571602.0,4672812.2],[571604.6,4672809.4],[571605.7,4672806.7],[571609.4,4672805.6],[571614.9,4672805.2],[571620.0,4672806.3],[571622.9,4672807.0],[571626.7,4672808.4],[571630.9,4672810.2],[571633.9,4672809.4],[571636.9,4672807.9],[571640.0,4672806.6],[571644.8,4672805.3],[571648.4,4672800.8],[571652.7,4672798.3],[571657.3,4672789.4],[571660.8,4672779.0],[571665.6,4672769.5],[571670.9,4672759.3],[571671.8,4672751.2],[571672.3,4672740.1],[571674.0,4672731.2],[571683.5,4672723.8],[571686.9,4672718.5],[571693.2,4672706.8],[571698.6,4672700.9],[571706.6,4672689.6],[571717.0,4672681.4],[571724.0,4672675.5],[571731.9,4672673.6],[571738.9,4672668.7],[571747.0,4672657.5],[571750.3,4672652.0],[571753.7,4672644.9],[571757.4,4672642.6],[571759.8,4672640.1],[571759.4,4672637.1],[571757.8,4672634.3],[571756.0,4672628.0],[571759.1,4672622.7],[571763.2,4672619.9],[571768.5,4672617.6],[571773.0,4672614.2],[571776.6,4672608.7],[571778.8,4672605.0],[571778.9,4672599.6],[571774.5,4672596.0],[571772.3,4672593.3],[571772.3,4672590.3],[571774.1,4672584.2],[571779.2,4672577.5],[571782.3,4672573.1],[571784.8,4672568.9],[571784.4,4672563.6],[571780.7,4672559.3],[571779.8,4672556.6],[571780.7,4672549.6],[571782.8,4672544.1],[571784.0,4672539.5],[571790.2,4672534.9],[571794.0,4672529.8],[571796.7,4672522.5]]},"properties":{"kind":"stream","name":null,"osmId":1472850216}},{"type":"Feature","geometry":{"type":"LineString","coordinates":[[571271.1,4673622.9],[571280.3,4673620.6],[571292.8,4673618.6],[571304.5,4673614.9],[571316.6,4673609.5],[571328.2,4673606.0],[571339.7,4673601.5],[571351.0,4673596.9],[571368.5,4673591.4],[571382.8,4673586.8],[571393.8,4673583.5],[571406.4,4673576.1],[571411.2,4673575.8],[571417.3,4673575.3],[571429.6,4673572.6],[571434.5,4673568.7],[571437.2,4673563.4],[571444.2,4673560.4],[571447.7,4673554.3],[571453.3,4673550.3],[571461.7,4673548.4],[571470.6,4673547.6],[571478.9,4673548.7],[571484.9,4673548.9],[571495.3,4673550.1],[571503.6,4673551.8],[571507.5,4673553.6],[571514.3,4673554.1],[571519.5,4673553.6],[571524.7,4673555.9],[571529.5,4673557.9],[571534.8,4673558.4],[571540.1,4673557.2],[571544.8,4673557.9],[571550.6,4673560.7],[571555.7,4673563.1],[571562.4,4673564.8],[571570.2,4673568.3],[571576.9,4673573.1],[571583.2,4673576.4],[571586.6,4673580.6],[571589.9,4673581.9],[571595.1,4673582.1]]},"properties":{"kind":"stream","name":null,"osmId":1472957286}},{"type":"Feature","geometry":{"type":"LineString","coordinates":[[569944.8,4673060.5],[569956.6,4673066.5],[569964.9,4673067.3],[569974.2,4673066.7]]},"properties":{"kind":"stream","name":null,"osmId":1473201021}},{"type":"Feature","geometry":{"type":"LineString","coordinates":[[569937.2,4673056.7],[569944.8,4673060.5]]},"properties":{"kind":"stream","name":null,"osmId":1473201022}},{"type":"Feature","geometry":{"type":"LineString","coordinates":[[564376.0,4672337.6],[564401.5,4672334.1],[564437.1,4672329.4],[564441.5,4672328.8],[564448.5,4672313.2],[564466.3,4672298.8],[564477.2,4672289.7]]},"properties":{"kind":"trail","name":null,"osmId":1473232423}},{"type":"Feature","geometry":{"type":"LineString","coordinates":[[565843.3,4667829.8],[565835.5,4667830.6],[565805.6,4667802.2],[565805.6,4667800.6]]},"properties":{"kind":"road","name":null,"osmId":1475308354}},{"type":"Feature","geometry":{"type":"LineString","coordinates":[[565754.3,4667773.8],[565766.1,4667769.9],[565775.9,4667780.2],[565781.0,4667789.4],[565793.6,4667798.2],[565805.6,4667800.6]]},"properties":{"kind":"trail","name":"Devil's Path","osmId":1475308355}},{"type":"Feature","geometry":{"type":"LineString","coordinates":[[563530.1,4668426.3],[563532.2,4668421.7],[563534.4,4668413.3],[563535.3,4668406.4]]},"properties":{"kind":"trail","name":null,"osmId":1475311876}},{"type":"Feature","geometry":{"type":"LineString","coordinates":[[560742.8,4666681.1],[560742.8,4666667.0],[560754.4,4666667.1],[560760.2,4666661.4],[560766.2,4666661.4],[560766.2,4666667.5],[560760.3,4666673.2],[560755.8,4666673.2],[560755.7,4666681.1],[560742.8,4666681.1]]},"properties":{"kind":"road","name":"Diamond Notch Trailhead","osmId":1475654142}},{"type":"Feature","geometry":{"type":"LineString","coordinates":[[560762.5,4665890.1],[560781.7,4665955.1],[560788.8,4665977.4],[560795.9,4665994.6],[560804.6,4666011.3],[560810.2,4666024.6],[560818.2,4666045.9],[560821.8,4666059.0],[560825.8,4666079.8]]},"properties":{"kind":"road","name":"Diamond Notch Road","osmId":1475654143}},{"type":"Feature","geometry":{"type":"LineString","coordinates":[[560788.9,4666877.3],[560785.6,4666870.4],[560783.4,4666859.8],[560779.1,4666842.5],[560768.7,4666819.9],[560759.8,4666796.9],[560755.6,4666780.0],[560753.3,4666730.5],[560755.9,4666709.7],[560756.8,4666694.6],[560754.2,4666684.6],[560754.2,4666681.8]]},"properties":{"kind":"trail","name":"Diamond Notch Trail","osmId":1475654144}},{"type":"Feature","geometry":{"type":"LineString","coordinates":[[560794.3,4666886.8],[560788.9,4666877.3]]},"properties":{"kind":"trail","name":"Diamond Notch Trail","osmId":1475654145}},{"type":"Feature","geometry":{"type":"LineString","coordinates":[[560637.6,4667440.9],[560639.4,4667426.8],[560638.4,4667421.7],[560638.6,4667416.3],[560641.4,4667412.3],[560644.4,4667406.1],[560642.1,4667400.5],[560642.0,4667394.1],[560645.8,4667388.6],[560651.1,4667379.9],[560650.5,4667373.8],[560647.5,4667366.8],[560648.8,4667356.2],[560650.0,4667345.7],[560652.6,4667336.5],[560659.5,4667330.8],[560662.4,4667321.1],[560666.9,4667289.6],[560673.9,4667275.5],[560674.7,4667263.4],[560682.1,4667256.6],[560683.7,4667244.7],[560688.6,4667241.4],[560691.4,4667228.2],[560695.2,4667194.0],[560702.4,4667182.6],[560704.1,4667165.6],[560712.2,4667154.8],[560720.9,4667118.9],[560719.5,4667100.6],[560723.8,4667093.3],[560729.0,4667084.5],[560729.5,4667077.5],[560725.6,4667064.2],[560717.0,4667054.4],[560716.6,4667047.6],[560718.5,4667040.3],[560723.2,4667036.4],[560728.7,4667034.2],[560733.7,4667027.6],[560733.1,4667021.4],[560729.8,4667015.4],[560729.0,4667006.8],[560732.6,4667000.7],[560739.8,4666997.5],[560741.8,4666994.0],[560740.6,4666985.5],[560741.4,4666978.2],[560739.3,4666969.7],[560737.1,4666964.5],[560736.9,4666960.0],[560749.8,4666938.7],[560752.2,4666931.7],[560749.2,4666922.8],[560745.8,4666916.0],[560748.4,4666909.8],[560748.4,4666901.7],[560754.0,4666891.9],[560763.0,4666889.1],[560768.7,4666886.8],[560777.5,4666884.5],[560788.2,4666883.2],[560794.6,4666878.2],[560799.1,4666874.3],[560802.9,4666872.8],[560806.2,4666871.2],[560808.3,4666866.4],[560809.0,4666859.9]]},"properties":{"kind":"stream","name":null,"osmId":1475667625}},{"type":"Feature","geometry":{"type":"LineString","coordinates":[[561144.3,4667338.7],[561128.6,4667331.1],[561113.6,4667328.3],[561100.0,4667314.7],[561085.9,4667304.7],[561069.5,4667297.0],[561061.8,4667296.0],[561053.4,4667289.9],[561044.9,4667287.3],[561033.2,4667286.3]]},"properties":{"kind":"stream","name":null,"osmId":1475667626}},{"type":"Feature","geometry":{"type":"LineString","coordinates":[[561395.2,4668879.1],[561391.1,4668858.7],[561392.4,4668833.7],[561383.9,4668807.4],[561377.1,4668781.3],[561374.4,4668770.9],[561370.3,4668751.8],[561349.8,4668636.2],[561323.9,4668558.7],[561290.6,4668470.2],[561274.7,4668426.6],[561271.2,4668354.7],[561262.2,4668297.6],[561252.2,4668197.1],[561238.2,4668132.2],[561234.7,4668104.7],[561224.3,4668048.1],[561207.9,4668030.8],[561202.5,4668011.3],[561189.4,4667982.9],[561172.3,4667936.2],[561165.8,4667899.3],[561157.3,4667877.8],[561151.6,4667848.6],[561144.5,4667830.0],[561122.0,4667735.7],[561113.6,4667707.2],[561122.0,4667687.9],[561114.4,4667652.8],[561106.5,4667637.7],[561109.5,4667599.0],[561102.5,4667585.0],[561097.2,4667557.3],[561088.6,4667548.4],[561087.7,4667542.0],[561092.6,4667525.2],[561091.2,4667489.9],[561093.8,4667471.7],[561093.1,4667464.2],[561077.5,4667452.7],[561070.1,4667436.3],[561070.4,4667424.0],[561062.6,4667400.5],[561050.4,4667391.4],[561044.4,4667380.7],[561046.9,4667362.2],[561035.4,4667323.9],[561034.2,4667317.6],[561036.1,4667296.9],[561033.2,4667286.3]]},"properties":{"kind":"stream","name":"Hollow Tree Brook","osmId":1475667627}},{"type":"Feature","geometry":{"type":"LineString","coordinates":[[561351.1,4668862.1],[561359.0,4668866.4],[561366.6,4668868.9],[561374.5,4668870.2]]},"properties":{"kind":"trail","name":null,"osmId":1475685343}},{"type":"Feature","geometry":{"type":"LineString","coordinates":[[565280.7,4666681.4],[565280.6,4666720.8],[565294.7,4666760.8],[565299.3,4666796.4],[565319.3,4666822.5],[565343.6,4666823.3],[565350.3,4666843.6],[565387.5,4666836.7],[565400.0,4666829.0]]},"properties":{"kind":"trail","name":null,"osmId":1491340617}},{"type":"Feature","geometry":{"type":"LineString","coordinates":[[565387.5,4666836.7],[565394.4,4666843.8],[565402.1,4666858.8],[565410.5,4666868.8],[565412.9,4666875.9]]},"properties":{"kind":"trail","name":null,"osmId":1491340618}},{"type":"Feature","geometry":{"type":"LineString","coordinates":[[565172.5,4663122.9],[565180.0,4663154.0],[565179.5,4663173.3],[565190.8,4663187.6],[565186.1,4663219.9],[565144.9,4663210.1],[565085.1,4663191.6],[565065.2,4663181.0],[565043.5,4663180.1],[565006.8,4663157.2],[564985.4,4663130.3],[564970.2,4663122.1],[564927.5,4663096.1],[564892.1,4663076.2],[564881.5,4663033.2],[564856.9,4663012.9]]},"properties":{"kind":"trail","name":null,"osmId":1497803675}},{"type":"Feature","geometry":{"type":"LineString","coordinates":[[565415.0,4663517.3],[565429.8,4663520.6],[565474.4,4663530.7],[565501.2,4663539.0],[565494.7,4663579.2],[565470.3,4663590.9],[565464.3,4663596.5],[565443.9,4663602.7],[565432.6,4663594.7]]},"properties":{"kind":"trail","name":null,"osmId":1497803676}},{"type":"Feature","geometry":{"type":"LineString","coordinates":[[565576.5,4667744.1],[565570.9,4667763.9],[565566.7,4667783.1],[565560.4,4667813.4]]},"properties":{"kind":"trail","name":null,"osmId":1498871887}},{"type":"Feature","geometry":{"type":"LineString","coordinates":[[566226.2,4669139.7],[566244.9,4669148.7],[566267.7,4669171.4],[566293.6,4669199.7],[566312.8,4669223.6],[566331.9,4669250.8],[566350.9,4669275.9],[566367.7,4669309.2],[566379.3,4669332.2],[566388.8,4669353.1],[566395.3,4669366.2],[566412.2,4669390.1],[566434.2,4669439.9]]},"properties":{"kind":"trail","name":null,"osmId":1509300982}},{"type":"Feature","geometry":{"type":"LineString","coordinates":[[571125.1,4664325.5],[571161.3,4664346.0],[571208.7,4664412.4]]},"properties":{"kind":"cliff","name":null,"osmId":1524615056}},{"type":"Feature","geometry":{"type":"LineString","coordinates":[[571082.4,4664430.2],[571128.5,4664442.2]]},"properties":{"kind":"cliff","name":null,"osmId":1524615057}},{"type":"Feature","geometry":{"type":"LineString","coordinates":[[569278.9,4666099.3],[569207.7,4666138.7]]},"properties":{"kind":"trail","name":null,"osmId":1525318206}},{"type":"Feature","geometry":{"type":"LineString","coordinates":[[561708.4,4667654.2],[561608.1,4667587.6],[561531.1,4667528.4],[561449.9,4667493.5],[561379.2,4667442.0],[561273.7,4667385.7],[561223.5,4667357.6],[561184.2,4667343.7],[561144.3,4667338.7]]},"properties":{"kind":"stream","name":null,"osmId":1530419629}},{"type":"Feature","geometry":{"type":"LineString","coordinates":[[568385.6,4668423.8],[568382.2,4668477.4],[568383.6,4668523.8],[568382.5,4668583.4],[568374.1,4668608.6],[568375.2,4668658.3],[568390.6,4668711.2],[568415.1,4668784.2],[568424.5,4668817.1],[568424.1,4668846.6],[568413.1,4668881.1],[568393.2,4668923.0]]},"properties":{"kind":"trail","name":null,"osmId":1530422339}},{"type":"Feature","geometry":{"type":"LineString","coordinates":[[570876.9,4665519.0],[570885.1,4665565.1],[570884.7,4665621.9],[570903.5,4665681.7],[570918.2,4665734.7],[570947.2,4665779.4],[570964.8,4665824.7]]},"properties":{"kind":"cliff","name":null,"osmId":1530668459}},{"type":"Feature","geometry":{"type":"LineString","coordinates":[[570904.4,4666370.0],[570989.8,4666202.7],[571084.2,4666092.8],[571178.2,4665982.5],[571182.0,4665927.6],[571150.0,4665843.8],[571129.0,4665784.8],[571101.7,4665743.6],[571081.7,4665736.4]]},"properties":{"kind":"trail","name":null,"osmId":1540295297}},{"type":"Feature","geometry":{"type":"LineString","coordinates":[[565993.0,4670448.0],[565995.0,4670447.7]]},"properties":{"kind":"trail","name":null,"osmId":1550253476}},{"type":"Feature","geometry":{"type":"Polygon","coordinates":[[[570443.0,4671498.7],[570443.9,4671504.5],[570446.3,4671506.2],[570460.9,4671509.6],[570474.3,4671514.1],[570476.2,4671514.6],[570478.0,4671513.7],[570478.6,4671510.7],[570478.2,4671508.2],[570473.9,4671506.8],[570466.6,4671504.3],[570455.5,4671501.2],[570446.1,4671498.3],[570443.9,4671497.1],[570443.0,4671498.7]]]},"properties":{"kind":"lake","name":null,"osmId":1561703126}},{"type":"Feature","geometry":{"type":"LineString","coordinates":[[564957.3,4667832.7],[564962.1,4667794.1],[564963.3,4667761.9],[564972.2,4667712.9]]},"properties":{"kind":"stream","name":null,"osmId":1563199226}}]}